2025-07-01 18:01:54,912 INFO  Logger.cs: 71 - 
--------------------------------------------------------------------------------
2025-07-01 18:01:54,931 INFO  Logger.cs: 73 - Logging commencing for SW2URDF exporter
2025-07-01 18:01:54,933 INFO  Logger.cs: 74 - Commit version 1.6.1-11-gaed57c3-dirty
2025-07-01 18:01:54,933 INFO  Logger.cs: 75 - Build version 1.6.9301.26718
2025-07-01 18:01:54,935 INFO  SwAddin.cs: 193 - Attempting to connect to SW
2025-07-01 18:01:54,936 INFO  SwAddin.cs: 197 - Setting up callbacks
2025-07-01 18:01:54,936 INFO  SwAddin.cs: 201 - Setting up command manager
2025-07-01 18:01:54,936 INFO  SwAddin.cs: 205 - Adding command manager
2025-07-01 18:01:54,938 INFO  SwAddin.cs: 263 - Adding Assembly export to file menu
2025-07-01 18:01:54,939 INFO  SwAddin.cs: 210 - Adding Part export to file menu
2025-07-01 18:01:54,939 INFO  SwAddin.cs: 210 - Adding event handlers
2025-07-01 18:01:54,943 INFO  SwAddin.cs: 218 - Connecting plugin to SolidWorks
2025-07-01 18:07:05,200 INFO  SwAddin.cs: 295 - Assembly export called for file updated assem
2025-07-01 18:07:07,794 INFO  SwAddin.cs: 314 - Saving assembly
2025-07-01 18:07:08,071 INFO  SwAddin.cs: 317 - Opening property manager
2025-07-01 18:07:08,081 INFO  ExportHelperExtension.cs: 1127 - Retrieving features of type [CoordSys] from updated assem
2025-07-01 18:07:08,084 INFO  ExportHelperExtension.cs: 1137 - Found 119 in updated assem
2025-07-01 18:07:08,084 INFO  ExportHelperExtension.cs: 1146 - Found 4 features of type [CoordSys] in updated assem
2025-07-01 18:07:08,085 INFO  ExportHelperExtension.cs: 1149 - Proceeding through assembly components
2025-07-01 18:07:08,085 INFO  ExportHelperExtension.cs: 1161 - 22 components to check
2025-07-01 18:07:08,086 INFO  ExportHelperExtension.cs: 1127 - Retrieving features of type [CoordSys] from Casing no error-1
2025-07-01 18:07:08,086 INFO  ExportHelperExtension.cs: 1137 - Found 50 in Casing no error-1
2025-07-01 18:07:08,087 INFO  ExportHelperExtension.cs: 1146 - Found 0 features of type [CoordSys] in Casing no error-1
2025-07-01 18:07:08,087 INFO  ExportHelperExtension.cs: 1127 - Retrieving features of type [CoordSys] from casing mirrored-1
2025-07-01 18:07:08,087 INFO  ExportHelperExtension.cs: 1137 - Found 53 in casing mirrored-1
2025-07-01 18:07:08,087 INFO  ExportHelperExtension.cs: 1146 - Found 0 features of type [CoordSys] in casing mirrored-1
2025-07-01 18:07:08,087 INFO  ExportHelperExtension.cs: 1127 - Retrieving features of type [CoordSys] from 0.6m-1
2025-07-01 18:07:08,089 INFO  ExportHelperExtension.cs: 1137 - Found 25 in 0.6m-1
2025-07-01 18:07:08,089 INFO  ExportHelperExtension.cs: 1146 - Found 0 features of type [CoordSys] in 0.6m-1
2025-07-01 18:07:08,089 INFO  ExportHelperExtension.cs: 1127 - Retrieving features of type [CoordSys] from casing mirror mirorr mirrrrr-2
2025-07-01 18:07:08,090 INFO  ExportHelperExtension.cs: 1137 - Found 34 in casing mirror mirorr mirrrrr-2
2025-07-01 18:07:08,090 INFO  ExportHelperExtension.cs: 1146 - Found 0 features of type [CoordSys] in casing mirror mirorr mirrrrr-2
2025-07-01 18:07:08,090 INFO  ExportHelperExtension.cs: 1127 - Retrieving features of type [CoordSys] from Casing-2
2025-07-01 18:07:08,090 INFO  ExportHelperExtension.cs: 1137 - Found 44 in Casing-2
2025-07-01 18:07:08,091 INFO  ExportHelperExtension.cs: 1146 - Found 0 features of type [CoordSys] in Casing-2
2025-07-01 18:07:08,091 INFO  ExportHelperExtension.cs: 1127 - Retrieving features of type [CoordSys] from motor mount and link-1
2025-07-01 18:07:08,091 INFO  ExportHelperExtension.cs: 1137 - Found 46 in motor mount and link-1
2025-07-01 18:07:08,092 INFO  ExportHelperExtension.cs: 1146 - Found 0 features of type [CoordSys] in motor mount and link-1
2025-07-01 18:07:08,092 INFO  ExportHelperExtension.cs: 1127 - Retrieving features of type [CoordSys] from Mount for goofything-1
2025-07-01 18:07:08,092 INFO  ExportHelperExtension.cs: 1137 - Found 39 in Mount for goofything-1
2025-07-01 18:07:08,093 INFO  ExportHelperExtension.cs: 1146 - Found 0 features of type [CoordSys] in Mount for goofything-1
2025-07-01 18:07:08,093 INFO  ExportHelperExtension.cs: 1127 - Retrieving features of type [CoordSys] from diff C section-1
2025-07-01 18:07:08,093 INFO  ExportHelperExtension.cs: 1137 - Found 43 in diff C section-1
2025-07-01 18:07:08,094 INFO  ExportHelperExtension.cs: 1146 - Found 0 features of type [CoordSys] in diff C section-1
2025-07-01 18:07:08,094 INFO  ExportHelperExtension.cs: 1127 - Retrieving features of type [CoordSys] from link for support-1
2025-07-01 18:07:08,095 INFO  ExportHelperExtension.cs: 1137 - Found 46 in link for support-1
2025-07-01 18:07:08,095 INFO  ExportHelperExtension.cs: 1146 - Found 0 features of type [CoordSys] in link for support-1
2025-07-01 18:07:08,095 INFO  ExportHelperExtension.cs: 1127 - Retrieving features of type [CoordSys] from Mount-Extrude Top Cycloidal-1
2025-07-01 18:07:08,096 INFO  ExportHelperExtension.cs: 1137 - Found 69 in Mount-Extrude Top Cycloidal-1
2025-07-01 18:07:08,097 INFO  ExportHelperExtension.cs: 1146 - Found 0 features of type [CoordSys] in Mount-Extrude Top Cycloidal-1
2025-07-01 18:07:08,097 INFO  ExportHelperExtension.cs: 1127 - Retrieving features of type [CoordSys] from 04m-1
2025-07-01 18:07:08,097 INFO  ExportHelperExtension.cs: 1137 - Found 25 in 04m-1
2025-07-01 18:07:08,098 INFO  ExportHelperExtension.cs: 1146 - Found 0 features of type [CoordSys] in 04m-1
2025-07-01 18:07:08,098 INFO  ExportHelperExtension.cs: 1127 - Retrieving features of type [CoordSys] from diff C section I part-1
2025-07-01 18:07:08,098 INFO  ExportHelperExtension.cs: 1137 - Found 43 in diff C section I part-1
2025-07-01 18:07:08,099 INFO  ExportHelperExtension.cs: 1146 - Found 0 features of type [CoordSys] in diff C section I part-1
2025-07-01 18:07:08,099 INFO  ExportHelperExtension.cs: 1127 - Retrieving features of type [CoordSys] from mount goofed muirror-1
2025-07-01 18:07:08,100 INFO  ExportHelperExtension.cs: 1137 - Found 34 in mount goofed muirror-1
2025-07-01 18:07:08,101 INFO  ExportHelperExtension.cs: 1146 - Found 0 features of type [CoordSys] in mount goofed muirror-1
2025-07-01 18:07:08,101 INFO  ExportHelperExtension.cs: 1127 - Retrieving features of type [CoordSys] from Mount-Extrude Top Cycloidal-2
2025-07-01 18:07:08,101 INFO  ExportHelperExtension.cs: 1137 - Found 69 in Mount-Extrude Top Cycloidal-2
2025-07-01 18:07:08,102 INFO  ExportHelperExtension.cs: 1146 - Found 0 features of type [CoordSys] in Mount-Extrude Top Cycloidal-2
2025-07-01 18:07:08,102 INFO  ExportHelperExtension.cs: 1127 - Retrieving features of type [CoordSys] from 15-32-9 bearing holder-1
2025-07-01 18:07:08,102 INFO  ExportHelperExtension.cs: 1137 - Found 27 in 15-32-9 bearing holder-1
2025-07-01 18:07:08,103 INFO  ExportHelperExtension.cs: 1146 - Found 0 features of type [CoordSys] in 15-32-9 bearing holder-1
2025-07-01 18:07:08,103 INFO  ExportHelperExtension.cs: 1127 - Retrieving features of type [CoordSys] from motor mount and link L-2
2025-07-01 18:07:08,104 INFO  ExportHelperExtension.cs: 1137 - Found 68 in motor mount and link L-2
2025-07-01 18:07:08,104 INFO  ExportHelperExtension.cs: 1146 - Found 0 features of type [CoordSys] in motor mount and link L-2
2025-07-01 18:07:08,104 INFO  ExportHelperExtension.cs: 1127 - Retrieving features of type [CoordSys] from diff C section I part-2
2025-07-01 18:07:08,105 INFO  ExportHelperExtension.cs: 1137 - Found 43 in diff C section I part-2
2025-07-01 18:07:08,105 INFO  ExportHelperExtension.cs: 1146 - Found 0 features of type [CoordSys] in diff C section I part-2
2025-07-01 18:07:08,106 INFO  ExportHelperExtension.cs: 1127 - Retrieving features of type [CoordSys] from motor mount and link L-1
2025-07-01 18:07:08,106 INFO  ExportHelperExtension.cs: 1137 - Found 68 in motor mount and link L-1
2025-07-01 18:07:08,106 INFO  ExportHelperExtension.cs: 1146 - Found 0 features of type [CoordSys] in motor mount and link L-1
2025-07-01 18:07:08,107 INFO  ExportHelperExtension.cs: 1127 - Retrieving features of type [CoordSys] from diff C section-2
2025-07-01 18:07:08,107 INFO  ExportHelperExtension.cs: 1137 - Found 43 in diff C section-2
2025-07-01 18:07:08,108 INFO  ExportHelperExtension.cs: 1146 - Found 0 features of type [CoordSys] in diff C section-2
2025-07-01 18:07:08,108 INFO  ExportHelperExtension.cs: 1127 - Retrieving features of type [CoordSys] from Gripper YPR Connection-1
2025-07-01 18:07:08,108 INFO  ExportHelperExtension.cs: 1137 - Found 31 in Gripper YPR Connection-1
2025-07-01 18:07:08,109 INFO  ExportHelperExtension.cs: 1146 - Found 0 features of type [CoordSys] in Gripper YPR Connection-1
2025-07-01 18:07:08,109 INFO  ExportHelperExtension.cs: 1127 - Retrieving features of type [CoordSys] from gripper updated_51-1
2025-07-01 18:07:08,109 INFO  ExportHelperExtension.cs: 1137 - Found 23 in gripper updated_51-1
2025-07-01 18:07:08,110 INFO  ExportHelperExtension.cs: 1146 - Found 0 features of type [CoordSys] in gripper updated_51-1
2025-07-01 18:07:08,110 INFO  ExportHelperExtension.cs: 1127 - Retrieving features of type [CoordSys] from diff to gripper-2
2025-07-01 18:07:08,110 INFO  ExportHelperExtension.cs: 1137 - Found 29 in diff to gripper-2
2025-07-01 18:07:08,111 INFO  ExportHelperExtension.cs: 1146 - Found 0 features of type [CoordSys] in diff to gripper-2
2025-07-01 18:07:08,111 INFO  ExportHelperExtension.cs: 1127 - Retrieving features of type [RefAxis] from updated assem
2025-07-01 18:07:08,111 INFO  ExportHelperExtension.cs: 1137 - Found 119 in updated assem
2025-07-01 18:07:08,112 INFO  ExportHelperExtension.cs: 1146 - Found 4 features of type [RefAxis] in updated assem
2025-07-01 18:07:08,112 INFO  ExportHelperExtension.cs: 1149 - Proceeding through assembly components
2025-07-01 18:07:08,112 INFO  ExportHelperExtension.cs: 1161 - 22 components to check
2025-07-01 18:07:08,113 INFO  ExportHelperExtension.cs: 1127 - Retrieving features of type [RefAxis] from Casing no error-1
2025-07-01 18:07:08,113 INFO  ExportHelperExtension.cs: 1137 - Found 50 in Casing no error-1
2025-07-01 18:07:08,113 INFO  ExportHelperExtension.cs: 1146 - Found 0 features of type [RefAxis] in Casing no error-1
2025-07-01 18:07:08,114 INFO  ExportHelperExtension.cs: 1127 - Retrieving features of type [RefAxis] from casing mirrored-1
2025-07-01 18:07:08,114 INFO  ExportHelperExtension.cs: 1137 - Found 53 in casing mirrored-1
2025-07-01 18:07:08,114 INFO  ExportHelperExtension.cs: 1146 - Found 0 features of type [RefAxis] in casing mirrored-1
2025-07-01 18:07:08,114 INFO  ExportHelperExtension.cs: 1127 - Retrieving features of type [RefAxis] from 0.6m-1
2025-07-01 18:07:08,115 INFO  ExportHelperExtension.cs: 1137 - Found 25 in 0.6m-1
2025-07-01 18:07:08,115 INFO  ExportHelperExtension.cs: 1146 - Found 0 features of type [RefAxis] in 0.6m-1
2025-07-01 18:07:08,115 INFO  ExportHelperExtension.cs: 1127 - Retrieving features of type [RefAxis] from casing mirror mirorr mirrrrr-2
2025-07-01 18:07:08,116 INFO  ExportHelperExtension.cs: 1137 - Found 34 in casing mirror mirorr mirrrrr-2
2025-07-01 18:07:08,116 INFO  ExportHelperExtension.cs: 1146 - Found 0 features of type [RefAxis] in casing mirror mirorr mirrrrr-2
2025-07-01 18:07:08,116 INFO  ExportHelperExtension.cs: 1127 - Retrieving features of type [RefAxis] from Casing-2
2025-07-01 18:07:08,116 INFO  ExportHelperExtension.cs: 1137 - Found 44 in Casing-2
2025-07-01 18:07:08,117 INFO  ExportHelperExtension.cs: 1146 - Found 0 features of type [RefAxis] in Casing-2
2025-07-01 18:07:08,117 INFO  ExportHelperExtension.cs: 1127 - Retrieving features of type [RefAxis] from motor mount and link-1
2025-07-01 18:07:08,117 INFO  ExportHelperExtension.cs: 1137 - Found 46 in motor mount and link-1
2025-07-01 18:07:08,118 INFO  ExportHelperExtension.cs: 1146 - Found 0 features of type [RefAxis] in motor mount and link-1
2025-07-01 18:07:08,118 INFO  ExportHelperExtension.cs: 1127 - Retrieving features of type [RefAxis] from Mount for goofything-1
2025-07-01 18:07:08,118 INFO  ExportHelperExtension.cs: 1137 - Found 39 in Mount for goofything-1
2025-07-01 18:07:08,118 INFO  ExportHelperExtension.cs: 1146 - Found 0 features of type [RefAxis] in Mount for goofything-1
2025-07-01 18:07:08,119 INFO  ExportHelperExtension.cs: 1127 - Retrieving features of type [RefAxis] from diff C section-1
2025-07-01 18:07:08,119 INFO  ExportHelperExtension.cs: 1137 - Found 43 in diff C section-1
2025-07-01 18:07:08,119 INFO  ExportHelperExtension.cs: 1146 - Found 0 features of type [RefAxis] in diff C section-1
2025-07-01 18:07:08,120 INFO  ExportHelperExtension.cs: 1127 - Retrieving features of type [RefAxis] from link for support-1
2025-07-01 18:07:08,120 INFO  ExportHelperExtension.cs: 1137 - Found 46 in link for support-1
2025-07-01 18:07:08,120 INFO  ExportHelperExtension.cs: 1146 - Found 0 features of type [RefAxis] in link for support-1
2025-07-01 18:07:08,120 INFO  ExportHelperExtension.cs: 1127 - Retrieving features of type [RefAxis] from Mount-Extrude Top Cycloidal-1
2025-07-01 18:07:08,121 INFO  ExportHelperExtension.cs: 1137 - Found 69 in Mount-Extrude Top Cycloidal-1
2025-07-01 18:07:08,121 INFO  ExportHelperExtension.cs: 1146 - Found 0 features of type [RefAxis] in Mount-Extrude Top Cycloidal-1
2025-07-01 18:07:08,121 INFO  ExportHelperExtension.cs: 1127 - Retrieving features of type [RefAxis] from 04m-1
2025-07-01 18:07:08,122 INFO  ExportHelperExtension.cs: 1137 - Found 25 in 04m-1
2025-07-01 18:07:08,122 INFO  ExportHelperExtension.cs: 1146 - Found 0 features of type [RefAxis] in 04m-1
2025-07-01 18:07:08,122 INFO  ExportHelperExtension.cs: 1127 - Retrieving features of type [RefAxis] from diff C section I part-1
2025-07-01 18:07:08,122 INFO  ExportHelperExtension.cs: 1137 - Found 43 in diff C section I part-1
2025-07-01 18:07:08,123 INFO  ExportHelperExtension.cs: 1146 - Found 0 features of type [RefAxis] in diff C section I part-1
2025-07-01 18:07:08,123 INFO  ExportHelperExtension.cs: 1127 - Retrieving features of type [RefAxis] from mount goofed muirror-1
2025-07-01 18:07:08,123 INFO  ExportHelperExtension.cs: 1137 - Found 34 in mount goofed muirror-1
2025-07-01 18:07:08,124 INFO  ExportHelperExtension.cs: 1146 - Found 0 features of type [RefAxis] in mount goofed muirror-1
2025-07-01 18:07:08,124 INFO  ExportHelperExtension.cs: 1127 - Retrieving features of type [RefAxis] from Mount-Extrude Top Cycloidal-2
2025-07-01 18:07:08,124 INFO  ExportHelperExtension.cs: 1137 - Found 69 in Mount-Extrude Top Cycloidal-2
2025-07-01 18:07:08,125 INFO  ExportHelperExtension.cs: 1146 - Found 0 features of type [RefAxis] in Mount-Extrude Top Cycloidal-2
2025-07-01 18:07:08,125 INFO  ExportHelperExtension.cs: 1127 - Retrieving features of type [RefAxis] from 15-32-9 bearing holder-1
2025-07-01 18:07:08,171 INFO  ExportHelperExtension.cs: 1137 - Found 27 in 15-32-9 bearing holder-1
2025-07-01 18:07:08,172 INFO  ExportHelperExtension.cs: 1146 - Found 0 features of type [RefAxis] in 15-32-9 bearing holder-1
2025-07-01 18:07:08,172 INFO  ExportHelperExtension.cs: 1127 - Retrieving features of type [RefAxis] from motor mount and link L-2
2025-07-01 18:07:08,173 INFO  ExportHelperExtension.cs: 1137 - Found 68 in motor mount and link L-2
2025-07-01 18:07:08,173 INFO  ExportHelperExtension.cs: 1146 - Found 0 features of type [RefAxis] in motor mount and link L-2
2025-07-01 18:07:08,173 INFO  ExportHelperExtension.cs: 1127 - Retrieving features of type [RefAxis] from diff C section I part-2
2025-07-01 18:07:08,174 INFO  ExportHelperExtension.cs: 1137 - Found 43 in diff C section I part-2
2025-07-01 18:07:08,174 INFO  ExportHelperExtension.cs: 1146 - Found 0 features of type [RefAxis] in diff C section I part-2
2025-07-01 18:07:08,174 INFO  ExportHelperExtension.cs: 1127 - Retrieving features of type [RefAxis] from motor mount and link L-1
2025-07-01 18:07:08,175 INFO  ExportHelperExtension.cs: 1137 - Found 68 in motor mount and link L-1
2025-07-01 18:07:08,175 INFO  ExportHelperExtension.cs: 1146 - Found 0 features of type [RefAxis] in motor mount and link L-1
2025-07-01 18:07:08,175 INFO  ExportHelperExtension.cs: 1127 - Retrieving features of type [RefAxis] from diff C section-2
2025-07-01 18:07:08,176 INFO  ExportHelperExtension.cs: 1137 - Found 43 in diff C section-2
2025-07-01 18:07:08,176 INFO  ExportHelperExtension.cs: 1146 - Found 0 features of type [RefAxis] in diff C section-2
2025-07-01 18:07:08,176 INFO  ExportHelperExtension.cs: 1127 - Retrieving features of type [RefAxis] from Gripper YPR Connection-1
2025-07-01 18:07:08,176 INFO  ExportHelperExtension.cs: 1137 - Found 31 in Gripper YPR Connection-1
2025-07-01 18:07:08,177 INFO  ExportHelperExtension.cs: 1146 - Found 0 features of type [RefAxis] in Gripper YPR Connection-1
2025-07-01 18:07:08,177 INFO  ExportHelperExtension.cs: 1127 - Retrieving features of type [RefAxis] from gripper updated_51-1
2025-07-01 18:07:08,177 INFO  ExportHelperExtension.cs: 1137 - Found 23 in gripper updated_51-1
2025-07-01 18:07:08,178 INFO  ExportHelperExtension.cs: 1146 - Found 0 features of type [RefAxis] in gripper updated_51-1
2025-07-01 18:07:08,178 INFO  ExportHelperExtension.cs: 1127 - Retrieving features of type [RefAxis] from diff to gripper-2
2025-07-01 18:07:08,178 INFO  ExportHelperExtension.cs: 1137 - Found 29 in diff to gripper-2
2025-07-01 18:07:08,179 INFO  ExportHelperExtension.cs: 1146 - Found 0 features of type [RefAxis] in diff to gripper-2
2025-07-01 18:07:08,612 INFO  SwAddin.cs: 338 - Loading config tree
2025-07-01 18:07:08,617 INFO  ConfigurationSerialization.cs: 278 - URDF Configuration found
<Link z:Id="i1" xmlns="http://schemas.datacontract.org/2004/07/SW2URDF" xmlns:i="http://www.w3.org/2001/XMLSchema-instance" xmlns:z="http://schemas.microsoft.com/2003/10/Serialization/"><Attributes><Attribute z:Id="i2"><AttributeType>name</AttributeType><IsRequired>true</IsRequired><Value i:type="a:string" xmlns:a="http://www.w3.org/2001/XMLSchema">base_link</Value></Attribute></Attributes><ChildElements><URDFElement z:Id="i3" i:type="Inertial"><Attributes/><ChildElements><URDFElement z:Id="i4" i:type="Origin"><Attributes><Attribute z:Id="i5"><AttributeType>xyz</AttributeType><IsRequired>true</IsRequired><Value i:type="a:ArrayOfdouble" xmlns:a="http://schemas.microsoft.com/2003/10/Serialization/Arrays"><a:double>0</a:double><a:double>0</a:double><a:double>0</a:double></Value></Attribute><Attribute z:Id="i6"><AttributeType>rpy</AttributeType><IsRequired>true</IsRequired><Value i:type="a:ArrayOfdouble" xmlns:a="http://schemas.microsoft.com/2003/10/Serialization/Arrays"><a:double>0</a:double><a:double>0</a:double><a:double>0</a:double></Value></Attribute></Attributes><ChildElements/><ElementName>origin</ElementName><required>false</required><RPYAttribute z:Ref="i6"/><XYZAttribute z:Ref="i5"/><isCustomized>false</isCustomized></URDFElement><URDFElement z:Id="i7" i:type="Mass"><Attributes><Attribute z:Id="i8"><AttributeType>value</AttributeType><IsRequired>true</IsRequired><Value i:type="a:double" xmlns:a="http://www.w3.org/2001/XMLSchema">0</Value></Attribute></Attributes><ChildElements/><ElementName>mass</ElementName><required>false</required><ValueAttribute z:Ref="i8"/></URDFElement><URDFElement z:Id="i9" i:type="Inertia"><Attributes><Attribute z:Id="i10"><AttributeType>ixx</AttributeType><IsRequired>true</IsRequired><Value i:type="a:double" xmlns:a="http://www.w3.org/2001/XMLSchema">0</Value></Attribute><Attribute z:Id="i11"><AttributeType>ixy</AttributeType><IsRequired>true</IsRequired><Value i:type="a:double" xmlns:a="http://www.w3.org/2001/XMLSchema">0</Value></Attribute><Attribute z:Id="i12"><AttributeType>ixz</AttributeType><IsRequired>true</IsRequired><Value i:type="a:double" xmlns:a="http://www.w3.org/2001/XMLSchema">0</Value></Attribute><Attribute z:Id="i13"><AttributeType>iyy</AttributeType><IsRequired>true</IsRequired><Value i:type="a:double" xmlns:a="http://www.w3.org/2001/XMLSchema">0</Value></Attribute><Attribute z:Id="i14"><AttributeType>iyz</AttributeType><IsRequired>true</IsRequired><Value i:type="a:double" xmlns:a="http://www.w3.org/2001/XMLSchema">0</Value></Attribute><Attribute z:Id="i15"><AttributeType>izz</AttributeType><IsRequired>true</IsRequired><Value i:type="a:double" xmlns:a="http://www.w3.org/2001/XMLSchema">0</Value></Attribute></Attributes><ChildElements/><ElementName>inertia</ElementName><required>false</required><IxxAttribute z:Ref="i10"/><IxyAttribute z:Ref="i11"/><IxzAttribute z:Ref="i12"/><IyyAttribute z:Ref="i13"/><IyzAttribute z:Ref="i14"/><IzzAttribute z:Ref="i15"/></URDFElement></ChildElements><ElementName>inertial</ElementName><required>false</required><Inertia z:Ref="i9"/><Mass z:Ref="i7"/><Origin z:Ref="i4"/></URDFElement><URDFElement z:Id="i16" i:type="Visual"><Attributes/><ChildElements><URDFElement z:Id="i17" i:type="Origin"><Attributes><Attribute z:Id="i18"><AttributeType>xyz</AttributeType><IsRequired>true</IsRequired><Value i:type="a:ArrayOfdouble" xmlns:a="http://schemas.microsoft.com/2003/10/Serialization/Arrays"><a:double>0</a:double><a:double>0</a:double><a:double>0</a:double></Value></Attribute><Attribute z:Id="i19"><AttributeType>rpy</AttributeType><IsRequired>true</IsRequired><Value i:type="a:ArrayOfdouble" xmlns:a="http://schemas.microsoft.com/2003/10/Serialization/Arrays"><a:double>0</a:double><a:double>0</a:double><a:double>0</a:double></Value></Attribute></Attributes><ChildElements/><ElementName>origin</ElementName><required>false</required><RPYAttribute z:Ref="i19"/><XYZAttribute z:Ref="i18"/><isCustomized>false</isCustomized></URDFElement><URDFElement z:Id="i20" i:type="Geometry"><Attributes/><ChildElements><URDFElement z:Id="i21" i:type="Mesh"><Attributes><Attribute z:Id="i22"><AttributeType>filename</AttributeType><IsRequired>true</IsRequired><Value i:nil="true"/></Attribute></Attributes><ChildElements/><ElementName>mesh</ElementName><required>false</required><FilenameAttribute z:Ref="i22"/></URDFElement></ChildElements><ElementName>geometry</ElementName><required>true</required><Mesh z:Ref="i21"/></URDFElement><URDFElement z:Id="i23" i:type="Material"><Attributes><Attribute z:Id="i24"><AttributeType>name</AttributeType><IsRequired>true</IsRequired><Value i:type="a:string" xmlns:a="http://www.w3.org/2001/XMLSchema"/></Attribute></Attributes><ChildElements><URDFElement z:Id="i25" i:type="Color"><Attributes><Attribute z:Id="i26"><AttributeType>rgba</AttributeType><IsRequired>true</IsRequired><Value i:type="a:ArrayOfdouble" xmlns:a="http://schemas.microsoft.com/2003/10/Serialization/Arrays"><a:double>1</a:double><a:double>1</a:double><a:double>1</a:double><a:double>1</a:double></Value></Attribute></Attributes><ChildElements/><ElementName>color</ElementName><required>false</required><RGBAAttribute z:Ref="i26"/></URDFElement><URDFElement z:Id="i27" i:type="Texture"><Attributes><Attribute z:Id="i28"><AttributeType>filename</AttributeType><IsRequired>true</IsRequired><Value i:nil="true"/></Attribute></Attributes><ChildElements/><ElementName>texture</ElementName><required>false</required><FilenameAttribute z:Ref="i28"/><wFilename/></URDFElement></ChildElements><ElementName>material</ElementName><required>false</required><Color z:Ref="i25"/><NameAttribute z:Ref="i24"/><Texture z:Ref="i27"/></URDFElement></ChildElements><ElementName>visual</ElementName><required>false</required><Geometry z:Ref="i20"/><Material z:Ref="i23"/><Origin z:Ref="i17"/></URDFElement><URDFElement z:Id="i29" i:type="Collision"><Attributes/><ChildElements><URDFElement z:Id="i30" i:type="Origin"><Attributes><Attribute z:Id="i31"><AttributeType>xyz</AttributeType><IsRequired>true</IsRequired><Value i:type="a:ArrayOfdouble" xmlns:a="http://schemas.microsoft.com/2003/10/Serialization/Arrays"><a:double>0</a:double><a:double>0</a:double><a:double>0</a:double></Value></Attribute><Attribute z:Id="i32"><AttributeType>rpy</AttributeType><IsRequired>true</IsRequired><Value i:type="a:ArrayOfdouble" xmlns:a="http://schemas.microsoft.com/2003/10/Serialization/Arrays"><a:double>0</a:double><a:double>0</a:double><a:double>0</a:double></Value></Attribute></Attributes><ChildElements/><ElementName>origin</ElementName><required>false</required><RPYAttribute z:Ref="i32"/><XYZAttribute z:Ref="i31"/><isCustomized>false</isCustomized></URDFElement><URDFElement z:Id="i33" i:type="Geometry"><Attributes/><ChildElements><URDFElement z:Id="i34" i:type="Mesh"><Attributes><Attribute z:Id="i35"><AttributeType>filename</AttributeType><IsRequired>true</IsRequired><Value i:nil="true"/></Attribute></Attributes><ChildElements/><ElementName>mesh</ElementName><required>false</required><FilenameAttribute z:Ref="i35"/></URDFElement></ChildElements><ElementName>geometry</ElementName><required>true</required><Mesh z:Ref="i34"/></URDFElement></ChildElements><ElementName>collision</ElementName><required>false</required><Geometry z:Ref="i33"/><Origin z:Ref="i30"/></URDFElement><URDFElement z:Id="i36" i:type="Joint"><Attributes><Attribute z:Id="i37"><AttributeType>name</AttributeType><IsRequired>true</IsRequired><Value i:type="a:string" xmlns:a="http://www.w3.org/2001/XMLSchema"/></Attribute><Attribute z:Id="i38"><AttributeType>type</AttributeType><IsRequired>true</IsRequired><Value i:type="a:string" xmlns:a="http://www.w3.org/2001/XMLSchema"/></Attribute></Attributes><ChildElements><URDFElement z:Id="i39" i:type="Origin"><Attributes><Attribute z:Id="i40"><AttributeType>xyz</AttributeType><IsRequired>true</IsRequired><Value i:type="a:ArrayOfdouble" xmlns:a="http://schemas.microsoft.com/2003/10/Serialization/Arrays"><a:double>0</a:double><a:double>0</a:double><a:double>0</a:double></Value></Attribute><Attribute z:Id="i41"><AttributeType>rpy</AttributeType><IsRequired>true</IsRequired><Value i:type="a:ArrayOfdouble" xmlns:a="http://schemas.microsoft.com/2003/10/Serialization/Arrays"><a:double>0</a:double><a:double>0</a:double><a:double>0</a:double></Value></Attribute></Attributes><ChildElements/><ElementName>origin</ElementName><required>false</required><RPYAttribute z:Ref="i41"/><XYZAttribute z:Ref="i40"/><isCustomized>false</isCustomized></URDFElement><URDFElement z:Id="i42" i:type="ParentLink"><Attributes><Attribute z:Id="i43"><AttributeType>link</AttributeType><IsRequired>true</IsRequired><Value i:type="a:string" xmlns:a="http://www.w3.org/2001/XMLSchema"/></Attribute></Attributes><ChildElements/><ElementName>parent</ElementName><required>true</required><NameAttribute z:Ref="i43"/></URDFElement><URDFElement z:Id="i44" i:type="ChildLink"><Attributes><Attribute z:Id="i45"><AttributeType>link</AttributeType><IsRequired>true</IsRequired><Value i:type="a:string" xmlns:a="http://www.w3.org/2001/XMLSchema"/></Attribute></Attributes><ChildElements/><ElementName>child</ElementName><required>true</required><NameAttribute z:Ref="i45"/></URDFElement><URDFElement z:Id="i46" i:type="Axis"><Attributes><Attribute z:Id="i47"><AttributeType>xyz</AttributeType><IsRequired>true</IsRequired><Value i:type="a:ArrayOfdouble" xmlns:a="http://schemas.microsoft.com/2003/10/Serialization/Arrays"><a:double>0</a:double><a:double>0</a:double><a:double>0</a:double></Value></Attribute></Attributes><ChildElements/><ElementName>axis</ElementName><required>false</required><XYZAttribute z:Ref="i47"/></URDFElement><URDFElement z:Id="i48" i:type="Limit"><Attributes><Attribute z:Id="i49"><AttributeType>lower</AttributeType><IsRequired>false</IsRequired><Value i:nil="true"/></Attribute><Attribute z:Id="i50"><AttributeType>upper</AttributeType><IsRequired>false</IsRequired><Value i:nil="true"/></Attribute><Attribute z:Id="i51"><AttributeType>effort</AttributeType><IsRequired>true</IsRequired><Value i:nil="true"/></Attribute><Attribute z:Id="i52"><AttributeType>velocity</AttributeType><IsRequired>true</IsRequired><Value i:nil="true"/></Attribute></Attributes><ChildElements/><ElementName>limit</ElementName><required>false</required><EffortAttribute z:Ref="i51"/><LowerAttribute z:Ref="i49"/><UpperAttribute z:Ref="i50"/><VelocityAttribute z:Ref="i52"/></URDFElement><URDFElement z:Id="i53" i:type="Calibration"><Attributes><Attribute z:Id="i54"><AttributeType>rising</AttributeType><IsRequired>false</IsRequired><Value i:nil="true"/></Attribute><Attribute z:Id="i55"><AttributeType>falling</AttributeType><IsRequired>false</IsRequired><Value i:nil="true"/></Attribute></Attributes><ChildElements/><ElementName>calibration</ElementName><required>false</required><FallingAttribute z:Ref="i55"/><RisingAttribute z:Ref="i54"/></URDFElement><URDFElement z:Id="i56" i:type="Dynamics"><Attributes><Attribute z:Id="i57"><AttributeType>damping</AttributeType><IsRequired>false</IsRequired><Value i:nil="true"/></Attribute><Attribute z:Id="i58"><AttributeType>friction</AttributeType><IsRequired>false</IsRequired><Value i:nil="true"/></Attribute></Attributes><ChildElements/><ElementName>dynamics</ElementName><required>false</required><DampingAttribute z:Ref="i57"/><FrictionAttribute z:Ref="i58"/></URDFElement><URDFElement z:Id="i59" i:type="SafetyController"><Attributes><Attribute z:Id="i60"><AttributeType>soft_upper_limit</AttributeType><IsRequired>false</IsRequired><Value i:nil="true"/></Attribute><Attribute z:Id="i61"><AttributeType>soft_lower_limit</AttributeType><IsRequired>false</IsRequired><Value i:nil="true"/></Attribute><Attribute z:Id="i62"><AttributeType>k_position</AttributeType><IsRequired>false</IsRequired><Value i:nil="true"/></Attribute><Attribute z:Id="i63"><AttributeType>k_velocity</AttributeType><IsRequired>true</IsRequired><Value i:nil="true"/></Attribute></Attributes><ChildElements/><ElementName>safety_controller</ElementName><required>false</required><KPositionAttribute z:Ref="i62"/><KVelocityAttribute z:Ref="i63"/><SoftLowerAttribute z:Ref="i61"/><SoftUpperAttribute z:Ref="i60"/></URDFElement><URDFElement z:Id="i64" i:type="Mimic"><Attributes><Attribute z:Id="i65"><AttributeType>joint</AttributeType><IsRequired>true</IsRequired><Value i:nil="true"/></Attribute><Attribute z:Id="i66"><AttributeType>multiplier</AttributeType><IsRequired>false</IsRequired><Value i:nil="true"/></Attribute><Attribute z:Id="i67"><AttributeType>offset</AttributeType><IsRequired>false</IsRequired><Value i:nil="true"/></Attribute></Attributes><ChildElements/><ElementName>mimic</ElementName><required>false</required><JointNameAttribute z:Ref="i65"/><MultiplierAttribute z:Ref="i66"/><OffsetAttribute z:Ref="i67"/></URDFElement></ChildElements><ElementName>joint</ElementName><required>false</required><Axis z:Ref="i46"/><AxisName/><Calibration z:Ref="i53"/><Child z:Ref="i44"/><CoordinateSystemName>Automatically Generate</CoordinateSystemName><Dynamics z:Ref="i56"/><Limit z:Ref="i48"/><Mimic z:Ref="i64"/><NameAttribute z:Ref="i37"/><Origin z:Ref="i39"/><Parent z:Ref="i42"/><Safety z:Ref="i59"/><TypeAttribute z:Ref="i38"/></URDFElement></ChildElements><ElementName>link</ElementName><required>true</required><Children><Link z:Id="i68"><Attributes><Attribute z:Id="i69"><AttributeType>name</AttributeType><IsRequired>true</IsRequired><Value i:type="a:string" xmlns:a="http://www.w3.org/2001/XMLSchema">dof1</Value></Attribute></Attributes><ChildElements><URDFElement z:Id="i70" i:type="Inertial"><Attributes/><ChildElements><URDFElement z:Id="i71" i:type="Origin"><Attributes><Attribute z:Id="i72"><AttributeType>xyz</AttributeType><IsRequired>true</IsRequired><Value i:type="a:ArrayOfdouble" xmlns:a="http://schemas.microsoft.com/2003/10/Serialization/Arrays"><a:double>0</a:double><a:double>0</a:double><a:double>0</a:double></Value></Attribute><Attribute z:Id="i73"><AttributeType>rpy</AttributeType><IsRequired>true</IsRequired><Value i:type="a:ArrayOfdouble" xmlns:a="http://schemas.microsoft.com/2003/10/Serialization/Arrays"><a:double>0</a:double><a:double>0</a:double><a:double>0</a:double></Value></Attribute></Attributes><ChildElements/><ElementName>origin</ElementName><required>false</required><RPYAttribute z:Ref="i73"/><XYZAttribute z:Ref="i72"/><isCustomized>false</isCustomized></URDFElement><URDFElement z:Id="i74" i:type="Mass"><Attributes><Attribute z:Id="i75"><AttributeType>value</AttributeType><IsRequired>true</IsRequired><Value i:type="a:double" xmlns:a="http://www.w3.org/2001/XMLSchema">0</Value></Attribute></Attributes><ChildElements/><ElementName>mass</ElementName><required>false</required><ValueAttribute z:Ref="i75"/></URDFElement><URDFElement z:Id="i76" i:type="Inertia"><Attributes><Attribute z:Id="i77"><AttributeType>ixx</AttributeType><IsRequired>true</IsRequired><Value i:type="a:double" xmlns:a="http://www.w3.org/2001/XMLSchema">0</Value></Attribute><Attribute z:Id="i78"><AttributeType>ixy</AttributeType><IsRequired>true</IsRequired><Value i:type="a:double" xmlns:a="http://www.w3.org/2001/XMLSchema">0</Value></Attribute><Attribute z:Id="i79"><AttributeType>ixz</AttributeType><IsRequired>true</IsRequired><Value i:type="a:double" xmlns:a="http://www.w3.org/2001/XMLSchema">0</Value></Attribute><Attribute z:Id="i80"><AttributeType>iyy</AttributeType><IsRequired>true</IsRequired><Value i:type="a:double" xmlns:a="http://www.w3.org/2001/XMLSchema">0</Value></Attribute><Attribute z:Id="i81"><AttributeType>iyz</AttributeType><IsRequired>true</IsRequired><Value i:type="a:double" xmlns:a="http://www.w3.org/2001/XMLSchema">0</Value></Attribute><Attribute z:Id="i82"><AttributeType>izz</AttributeType><IsRequired>true</IsRequired><Value i:type="a:double" xmlns:a="http://www.w3.org/2001/XMLSchema">0</Value></Attribute></Attributes><ChildElements/><ElementName>inertia</ElementName><required>false</required><IxxAttribute z:Ref="i77"/><IxyAttribute z:Ref="i78"/><IxzAttribute z:Ref="i79"/><IyyAttribute z:Ref="i80"/><IyzAttribute z:Ref="i81"/><IzzAttribute z:Ref="i82"/></URDFElement></ChildElements><ElementName>inertial</ElementName><required>false</required><Inertia z:Ref="i76"/><Mass z:Ref="i74"/><Origin z:Ref="i71"/></URDFElement><URDFElement z:Id="i83" i:type="Visual"><Attributes/><ChildElements><URDFElement z:Id="i84" i:type="Origin"><Attributes><Attribute z:Id="i85"><AttributeType>xyz</AttributeType><IsRequired>true</IsRequired><Value i:type="a:ArrayOfdouble" xmlns:a="http://schemas.microsoft.com/2003/10/Serialization/Arrays"><a:double>0</a:double><a:double>0</a:double><a:double>0</a:double></Value></Attribute><Attribute z:Id="i86"><AttributeType>rpy</AttributeType><IsRequired>true</IsRequired><Value i:type="a:ArrayOfdouble" xmlns:a="http://schemas.microsoft.com/2003/10/Serialization/Arrays"><a:double>0</a:double><a:double>0</a:double><a:double>0</a:double></Value></Attribute></Attributes><ChildElements/><ElementName>origin</ElementName><required>false</required><RPYAttribute z:Ref="i86"/><XYZAttribute z:Ref="i85"/><isCustomized>false</isCustomized></URDFElement><URDFElement z:Id="i87" i:type="Geometry"><Attributes/><ChildElements><URDFElement z:Id="i88" i:type="Mesh"><Attributes><Attribute z:Id="i89"><AttributeType>filename</AttributeType><IsRequired>true</IsRequired><Value i:nil="true"/></Attribute></Attributes><ChildElements/><ElementName>mesh</ElementName><required>false</required><FilenameAttribute z:Ref="i89"/></URDFElement></ChildElements><ElementName>geometry</ElementName><required>true</required><Mesh z:Ref="i88"/></URDFElement><URDFElement z:Id="i90" i:type="Material"><Attributes><Attribute z:Id="i91"><AttributeType>name</AttributeType><IsRequired>true</IsRequired><Value i:type="a:string" xmlns:a="http://www.w3.org/2001/XMLSchema"/></Attribute></Attributes><ChildElements><URDFElement z:Id="i92" i:type="Color"><Attributes><Attribute z:Id="i93"><AttributeType>rgba</AttributeType><IsRequired>true</IsRequired><Value i:type="a:ArrayOfdouble" xmlns:a="http://schemas.microsoft.com/2003/10/Serialization/Arrays"><a:double>1</a:double><a:double>1</a:double><a:double>1</a:double><a:double>1</a:double></Value></Attribute></Attributes><ChildElements/><ElementName>color</ElementName><required>false</required><RGBAAttribute z:Ref="i93"/></URDFElement><URDFElement z:Id="i94" i:type="Texture"><Attributes><Attribute z:Id="i95"><AttributeType>filename</AttributeType><IsRequired>true</IsRequired><Value i:nil="true"/></Attribute></Attributes><ChildElements/><ElementName>texture</ElementName><required>false</required><FilenameAttribute z:Ref="i95"/><wFilename/></URDFElement></ChildElements><ElementName>material</ElementName><required>false</required><Color z:Ref="i92"/><NameAttribute z:Ref="i91"/><Texture z:Ref="i94"/></URDFElement></ChildElements><ElementName>visual</ElementName><required>false</required><Geometry z:Ref="i87"/><Material z:Ref="i90"/><Origin z:Ref="i84"/></URDFElement><URDFElement z:Id="i96" i:type="Collision"><Attributes/><ChildElements><URDFElement z:Id="i97" i:type="Origin"><Attributes><Attribute z:Id="i98"><AttributeType>xyz</AttributeType><IsRequired>true</IsRequired><Value i:type="a:ArrayOfdouble" xmlns:a="http://schemas.microsoft.com/2003/10/Serialization/Arrays"><a:double>0</a:double><a:double>0</a:double><a:double>0</a:double></Value></Attribute><Attribute z:Id="i99"><AttributeType>rpy</AttributeType><IsRequired>true</IsRequired><Value i:type="a:ArrayOfdouble" xmlns:a="http://schemas.microsoft.com/2003/10/Serialization/Arrays"><a:double>0</a:double><a:double>0</a:double><a:double>0</a:double></Value></Attribute></Attributes><ChildElements/><ElementName>origin</ElementName><required>false</required><RPYAttribute z:Ref="i99"/><XYZAttribute z:Ref="i98"/><isCustomized>false</isCustomized></URDFElement><URDFElement z:Id="i100" i:type="Geometry"><Attributes/><ChildElements><URDFElement z:Id="i101" i:type="Mesh"><Attributes><Attribute z:Id="i102"><AttributeType>filename</AttributeType><IsRequired>true</IsRequired><Value i:nil="true"/></Attribute></Attributes><ChildElements/><ElementName>mesh</ElementName><required>false</required><FilenameAttribute z:Ref="i102"/></URDFElement></ChildElements><ElementName>geometry</ElementName><required>true</required><Mesh z:Ref="i101"/></URDFElement></ChildElements><ElementName>collision</ElementName><required>false</required><Geometry z:Ref="i100"/><Origin z:Ref="i97"/></URDFElement><URDFElement z:Id="i103" i:type="Joint"><Attributes><Attribute z:Id="i104"><AttributeType>name</AttributeType><IsRequired>true</IsRequired><Value i:type="a:string" xmlns:a="http://www.w3.org/2001/XMLSchema">dof1</Value></Attribute><Attribute z:Id="i105"><AttributeType>type</AttributeType><IsRequired>true</IsRequired><Value i:type="a:string" xmlns:a="http://www.w3.org/2001/XMLSchema">revolute</Value></Attribute></Attributes><ChildElements><URDFElement z:Id="i106" i:type="Origin"><Attributes><Attribute z:Id="i107"><AttributeType>xyz</AttributeType><IsRequired>true</IsRequired><Value i:type="a:ArrayOfdouble" xmlns:a="http://schemas.microsoft.com/2003/10/Serialization/Arrays"><a:double>0</a:double><a:double>0</a:double><a:double>0</a:double></Value></Attribute><Attribute z:Id="i108"><AttributeType>rpy</AttributeType><IsRequired>true</IsRequired><Value i:type="a:ArrayOfdouble" xmlns:a="http://schemas.microsoft.com/2003/10/Serialization/Arrays"><a:double>0</a:double><a:double>0</a:double><a:double>0</a:double></Value></Attribute></Attributes><ChildElements/><ElementName>origin</ElementName><required>false</required><RPYAttribute z:Ref="i108"/><XYZAttribute z:Ref="i107"/><isCustomized>false</isCustomized></URDFElement><URDFElement z:Id="i109" i:type="ParentLink"><Attributes><Attribute z:Id="i110"><AttributeType>link</AttributeType><IsRequired>true</IsRequired><Value i:type="a:string" xmlns:a="http://www.w3.org/2001/XMLSchema"/></Attribute></Attributes><ChildElements/><ElementName>parent</ElementName><required>true</required><NameAttribute z:Ref="i110"/></URDFElement><URDFElement z:Id="i111" i:type="ChildLink"><Attributes><Attribute z:Id="i112"><AttributeType>link</AttributeType><IsRequired>true</IsRequired><Value i:type="a:string" xmlns:a="http://www.w3.org/2001/XMLSchema"/></Attribute></Attributes><ChildElements/><ElementName>child</ElementName><required>true</required><NameAttribute z:Ref="i112"/></URDFElement><URDFElement z:Id="i113" i:type="Axis"><Attributes><Attribute z:Id="i114"><AttributeType>xyz</AttributeType><IsRequired>true</IsRequired><Value i:type="a:ArrayOfdouble" xmlns:a="http://schemas.microsoft.com/2003/10/Serialization/Arrays"><a:double>0</a:double><a:double>0</a:double><a:double>0</a:double></Value></Attribute></Attributes><ChildElements/><ElementName>axis</ElementName><required>false</required><XYZAttribute z:Ref="i114"/></URDFElement><URDFElement z:Id="i115" i:type="Limit"><Attributes><Attribute z:Id="i116"><AttributeType>lower</AttributeType><IsRequired>true</IsRequired><Value i:nil="true"/></Attribute><Attribute z:Id="i117"><AttributeType>upper</AttributeType><IsRequired>true</IsRequired><Value i:nil="true"/></Attribute><Attribute z:Id="i118"><AttributeType>effort</AttributeType><IsRequired>true</IsRequired><Value i:nil="true"/></Attribute><Attribute z:Id="i119"><AttributeType>velocity</AttributeType><IsRequired>true</IsRequired><Value i:nil="true"/></Attribute></Attributes><ChildElements/><ElementName>limit</ElementName><required>true</required><EffortAttribute z:Ref="i118"/><LowerAttribute z:Ref="i116"/><UpperAttribute z:Ref="i117"/><VelocityAttribute z:Ref="i119"/></URDFElement><URDFElement z:Id="i120" i:type="Calibration"><Attributes><Attribute z:Id="i121"><AttributeType>rising</AttributeType><IsRequired>false</IsRequired><Value i:nil="true"/></Attribute><Attribute z:Id="i122"><AttributeType>falling</AttributeType><IsRequired>false</IsRequired><Value i:nil="true"/></Attribute></Attributes><ChildElements/><ElementName>calibration</ElementName><required>false</required><FallingAttribute z:Ref="i122"/><RisingAttribute z:Ref="i121"/></URDFElement><URDFElement z:Id="i123" i:type="Dynamics"><Attributes><Attribute z:Id="i124"><AttributeType>damping</AttributeType><IsRequired>false</IsRequired><Value i:nil="true"/></Attribute><Attribute z:Id="i125"><AttributeType>friction</AttributeType><IsRequired>false</IsRequired><Value i:nil="true"/></Attribute></Attributes><ChildElements/><ElementName>dynamics</ElementName><required>false</required><DampingAttribute z:Ref="i124"/><FrictionAttribute z:Ref="i125"/></URDFElement><URDFElement z:Id="i126" i:type="SafetyController"><Attributes><Attribute z:Id="i127"><AttributeType>soft_upper_limit</AttributeType><IsRequired>false</IsRequired><Value i:nil="true"/></Attribute><Attribute z:Id="i128"><AttributeType>soft_lower_limit</AttributeType><IsRequired>false</IsRequired><Value i:nil="true"/></Attribute><Attribute z:Id="i129"><AttributeType>k_position</AttributeType><IsRequired>false</IsRequired><Value i:nil="true"/></Attribute><Attribute z:Id="i130"><AttributeType>k_velocity</AttributeType><IsRequired>true</IsRequired><Value i:nil="true"/></Attribute></Attributes><ChildElements/><ElementName>safety_controller</ElementName><required>false</required><KPositionAttribute z:Ref="i129"/><KVelocityAttribute z:Ref="i130"/><SoftLowerAttribute z:Ref="i128"/><SoftUpperAttribute z:Ref="i127"/></URDFElement><URDFElement z:Id="i131" i:type="Mimic"><Attributes><Attribute z:Id="i132"><AttributeType>joint</AttributeType><IsRequired>true</IsRequired><Value i:nil="true"/></Attribute><Attribute z:Id="i133"><AttributeType>multiplier</AttributeType><IsRequired>false</IsRequired><Value i:nil="true"/></Attribute><Attribute z:Id="i134"><AttributeType>offset</AttributeType><IsRequired>false</IsRequired><Value i:nil="true"/></Attribute></Attributes><ChildElements/><ElementName>mimic</ElementName><required>false</required><JointNameAttribute z:Ref="i132"/><MultiplierAttribute z:Ref="i133"/><OffsetAttribute z:Ref="i134"/></URDFElement></ChildElements><ElementName>joint</ElementName><required>false</required><Axis z:Ref="i113"/><AxisName>Automatically Generate</AxisName><Calibration z:Ref="i120"/><Child z:Ref="i111"/><CoordinateSystemName>Automatically Generate</CoordinateSystemName><Dynamics z:Ref="i123"/><Limit z:Ref="i115"/><Mimic z:Ref="i131"/><NameAttribute z:Ref="i104"/><Origin z:Ref="i106"/><Parent z:Ref="i109"/><Safety z:Ref="i126"/><TypeAttribute z:Ref="i105"/></URDFElement></ChildElements><ElementName>link</ElementName><required>true</required><Children><Link z:Id="i135"><Attributes><Attribute z:Id="i136"><AttributeType>name</AttributeType><IsRequired>true</IsRequired><Value i:type="a:string" xmlns:a="http://www.w3.org/2001/XMLSchema">link1</Value></Attribute></Attributes><ChildElements><URDFElement z:Id="i137" i:type="Inertial"><Attributes/><ChildElements><URDFElement z:Id="i138" i:type="Origin"><Attributes><Attribute z:Id="i139"><AttributeType>xyz</AttributeType><IsRequired>true</IsRequired><Value i:type="a:ArrayOfdouble" xmlns:a="http://schemas.microsoft.com/2003/10/Serialization/Arrays"><a:double>0</a:double><a:double>0</a:double><a:double>0</a:double></Value></Attribute><Attribute z:Id="i140"><AttributeType>rpy</AttributeType><IsRequired>true</IsRequired><Value i:type="a:ArrayOfdouble" xmlns:a="http://schemas.microsoft.com/2003/10/Serialization/Arrays"><a:double>0</a:double><a:double>0</a:double><a:double>0</a:double></Value></Attribute></Attributes><ChildElements/><ElementName>origin</ElementName><required>false</required><RPYAttribute z:Ref="i140"/><XYZAttribute z:Ref="i139"/><isCustomized>false</isCustomized></URDFElement><URDFElement z:Id="i141" i:type="Mass"><Attributes><Attribute z:Id="i142"><AttributeType>value</AttributeType><IsRequired>true</IsRequired><Value i:type="a:double" xmlns:a="http://www.w3.org/2001/XMLSchema">0</Value></Attribute></Attributes><ChildElements/><ElementName>mass</ElementName><required>false</required><ValueAttribute z:Ref="i142"/></URDFElement><URDFElement z:Id="i143" i:type="Inertia"><Attributes><Attribute z:Id="i144"><AttributeType>ixx</AttributeType><IsRequired>true</IsRequired><Value i:type="a:double" xmlns:a="http://www.w3.org/2001/XMLSchema">0</Value></Attribute><Attribute z:Id="i145"><AttributeType>ixy</AttributeType><IsRequired>true</IsRequired><Value i:type="a:double" xmlns:a="http://www.w3.org/2001/XMLSchema">0</Value></Attribute><Attribute z:Id="i146"><AttributeType>ixz</AttributeType><IsRequired>true</IsRequired><Value i:type="a:double" xmlns:a="http://www.w3.org/2001/XMLSchema">0</Value></Attribute><Attribute z:Id="i147"><AttributeType>iyy</AttributeType><IsRequired>true</IsRequired><Value i:type="a:double" xmlns:a="http://www.w3.org/2001/XMLSchema">0</Value></Attribute><Attribute z:Id="i148"><AttributeType>iyz</AttributeType><IsRequired>true</IsRequired><Value i:type="a:double" xmlns:a="http://www.w3.org/2001/XMLSchema">0</Value></Attribute><Attribute z:Id="i149"><AttributeType>izz</AttributeType><IsRequired>true</IsRequired><Value i:type="a:double" xmlns:a="http://www.w3.org/2001/XMLSchema">0</Value></Attribute></Attributes><ChildElements/><ElementName>inertia</ElementName><required>false</required><IxxAttribute z:Ref="i144"/><IxyAttribute z:Ref="i145"/><IxzAttribute z:Ref="i146"/><IyyAttribute z:Ref="i147"/><IyzAttribute z:Ref="i148"/><IzzAttribute z:Ref="i149"/></URDFElement></ChildElements><ElementName>inertial</ElementName><required>false</required><Inertia z:Ref="i143"/><Mass z:Ref="i141"/><Origin z:Ref="i138"/></URDFElement><URDFElement z:Id="i150" i:type="Visual"><Attributes/><ChildElements><URDFElement z:Id="i151" i:type="Origin"><Attributes><Attribute z:Id="i152"><AttributeType>xyz</AttributeType><IsRequired>true</IsRequired><Value i:type="a:ArrayOfdouble" xmlns:a="http://schemas.microsoft.com/2003/10/Serialization/Arrays"><a:double>0</a:double><a:double>0</a:double><a:double>0</a:double></Value></Attribute><Attribute z:Id="i153"><AttributeType>rpy</AttributeType><IsRequired>true</IsRequired><Value i:type="a:ArrayOfdouble" xmlns:a="http://schemas.microsoft.com/2003/10/Serialization/Arrays"><a:double>0</a:double><a:double>0</a:double><a:double>0</a:double></Value></Attribute></Attributes><ChildElements/><ElementName>origin</ElementName><required>false</required><RPYAttribute z:Ref="i153"/><XYZAttribute z:Ref="i152"/><isCustomized>false</isCustomized></URDFElement><URDFElement z:Id="i154" i:type="Geometry"><Attributes/><ChildElements><URDFElement z:Id="i155" i:type="Mesh"><Attributes><Attribute z:Id="i156"><AttributeType>filename</AttributeType><IsRequired>true</IsRequired><Value i:nil="true"/></Attribute></Attributes><ChildElements/><ElementName>mesh</ElementName><required>false</required><FilenameAttribute z:Ref="i156"/></URDFElement></ChildElements><ElementName>geometry</ElementName><required>true</required><Mesh z:Ref="i155"/></URDFElement><URDFElement z:Id="i157" i:type="Material"><Attributes><Attribute z:Id="i158"><AttributeType>name</AttributeType><IsRequired>true</IsRequired><Value i:type="a:string" xmlns:a="http://www.w3.org/2001/XMLSchema"/></Attribute></Attributes><ChildElements><URDFElement z:Id="i159" i:type="Color"><Attributes><Attribute z:Id="i160"><AttributeType>rgba</AttributeType><IsRequired>true</IsRequired><Value i:type="a:ArrayOfdouble" xmlns:a="http://schemas.microsoft.com/2003/10/Serialization/Arrays"><a:double>1</a:double><a:double>1</a:double><a:double>1</a:double><a:double>1</a:double></Value></Attribute></Attributes><ChildElements/><ElementName>color</ElementName><required>false</required><RGBAAttribute z:Ref="i160"/></URDFElement><URDFElement z:Id="i161" i:type="Texture"><Attributes><Attribute z:Id="i162"><AttributeType>filename</AttributeType><IsRequired>true</IsRequired><Value i:nil="true"/></Attribute></Attributes><ChildElements/><ElementName>texture</ElementName><required>false</required><FilenameAttribute z:Ref="i162"/><wFilename/></URDFElement></ChildElements><ElementName>material</ElementName><required>false</required><Color z:Ref="i159"/><NameAttribute z:Ref="i158"/><Texture z:Ref="i161"/></URDFElement></ChildElements><ElementName>visual</ElementName><required>false</required><Geometry z:Ref="i154"/><Material z:Ref="i157"/><Origin z:Ref="i151"/></URDFElement><URDFElement z:Id="i163" i:type="Collision"><Attributes/><ChildElements><URDFElement z:Id="i164" i:type="Origin"><Attributes><Attribute z:Id="i165"><AttributeType>xyz</AttributeType><IsRequired>true</IsRequired><Value i:type="a:ArrayOfdouble" xmlns:a="http://schemas.microsoft.com/2003/10/Serialization/Arrays"><a:double>0</a:double><a:double>0</a:double><a:double>0</a:double></Value></Attribute><Attribute z:Id="i166"><AttributeType>rpy</AttributeType><IsRequired>true</IsRequired><Value i:type="a:ArrayOfdouble" xmlns:a="http://schemas.microsoft.com/2003/10/Serialization/Arrays"><a:double>0</a:double><a:double>0</a:double><a:double>0</a:double></Value></Attribute></Attributes><ChildElements/><ElementName>origin</ElementName><required>false</required><RPYAttribute z:Ref="i166"/><XYZAttribute z:Ref="i165"/><isCustomized>false</isCustomized></URDFElement><URDFElement z:Id="i167" i:type="Geometry"><Attributes/><ChildElements><URDFElement z:Id="i168" i:type="Mesh"><Attributes><Attribute z:Id="i169"><AttributeType>filename</AttributeType><IsRequired>true</IsRequired><Value i:nil="true"/></Attribute></Attributes><ChildElements/><ElementName>mesh</ElementName><required>false</required><FilenameAttribute z:Ref="i169"/></URDFElement></ChildElements><ElementName>geometry</ElementName><required>true</required><Mesh z:Ref="i168"/></URDFElement></ChildElements><ElementName>collision</ElementName><required>false</required><Geometry z:Ref="i167"/><Origin z:Ref="i164"/></URDFElement><URDFElement z:Id="i170" i:type="Joint"><Attributes><Attribute z:Id="i171"><AttributeType>name</AttributeType><IsRequired>true</IsRequired><Value i:type="a:string" xmlns:a="http://www.w3.org/2001/XMLSchema">link1</Value></Attribute><Attribute z:Id="i172"><AttributeType>type</AttributeType><IsRequired>true</IsRequired><Value i:type="a:string" xmlns:a="http://www.w3.org/2001/XMLSchema">revolute</Value></Attribute></Attributes><ChildElements><URDFElement z:Id="i173" i:type="Origin"><Attributes><Attribute z:Id="i174"><AttributeType>xyz</AttributeType><IsRequired>true</IsRequired><Value i:type="a:ArrayOfdouble" xmlns:a="http://schemas.microsoft.com/2003/10/Serialization/Arrays"><a:double>0</a:double><a:double>0</a:double><a:double>0</a:double></Value></Attribute><Attribute z:Id="i175"><AttributeType>rpy</AttributeType><IsRequired>true</IsRequired><Value i:type="a:ArrayOfdouble" xmlns:a="http://schemas.microsoft.com/2003/10/Serialization/Arrays"><a:double>0</a:double><a:double>0</a:double><a:double>0</a:double></Value></Attribute></Attributes><ChildElements/><ElementName>origin</ElementName><required>false</required><RPYAttribute z:Ref="i175"/><XYZAttribute z:Ref="i174"/><isCustomized>false</isCustomized></URDFElement><URDFElement z:Id="i176" i:type="ParentLink"><Attributes><Attribute z:Id="i177"><AttributeType>link</AttributeType><IsRequired>true</IsRequired><Value i:type="a:string" xmlns:a="http://www.w3.org/2001/XMLSchema"/></Attribute></Attributes><ChildElements/><ElementName>parent</ElementName><required>true</required><NameAttribute z:Ref="i177"/></URDFElement><URDFElement z:Id="i178" i:type="ChildLink"><Attributes><Attribute z:Id="i179"><AttributeType>link</AttributeType><IsRequired>true</IsRequired><Value i:type="a:string" xmlns:a="http://www.w3.org/2001/XMLSchema"/></Attribute></Attributes><ChildElements/><ElementName>child</ElementName><required>true</required><NameAttribute z:Ref="i179"/></URDFElement><URDFElement z:Id="i180" i:type="Axis"><Attributes><Attribute z:Id="i181"><AttributeType>xyz</AttributeType><IsRequired>true</IsRequired><Value i:type="a:ArrayOfdouble" xmlns:a="http://schemas.microsoft.com/2003/10/Serialization/Arrays"><a:double>0</a:double><a:double>0</a:double><a:double>0</a:double></Value></Attribute></Attributes><ChildElements/><ElementName>axis</ElementName><required>false</required><XYZAttribute z:Ref="i181"/></URDFElement><URDFElement z:Id="i182" i:type="Limit"><Attributes><Attribute z:Id="i183"><AttributeType>lower</AttributeType><IsRequired>false</IsRequired><Value i:nil="true"/></Attribute><Attribute z:Id="i184"><AttributeType>upper</AttributeType><IsRequired>false</IsRequired><Value i:nil="true"/></Attribute><Attribute z:Id="i185"><AttributeType>effort</AttributeType><IsRequired>true</IsRequired><Value i:nil="true"/></Attribute><Attribute z:Id="i186"><AttributeType>velocity</AttributeType><IsRequired>true</IsRequired><Value i:nil="true"/></Attribute></Attributes><ChildElements/><ElementName>limit</ElementName><required>false</required><EffortAttribute z:Ref="i185"/><LowerAttribute z:Ref="i183"/><UpperAttribute z:Ref="i184"/><VelocityAttribute z:Ref="i186"/></URDFElement><URDFElement z:Id="i187" i:type="Calibration"><Attributes><Attribute z:Id="i188"><AttributeType>rising</AttributeType><IsRequired>false</IsRequired><Value i:nil="true"/></Attribute><Attribute z:Id="i189"><AttributeType>falling</AttributeType><IsRequired>false</IsRequired><Value i:nil="true"/></Attribute></Attributes><ChildElements/><ElementName>calibration</ElementName><required>false</required><FallingAttribute z:Ref="i189"/><RisingAttribute z:Ref="i188"/></URDFElement><URDFElement z:Id="i190" i:type="Dynamics"><Attributes><Attribute z:Id="i191"><AttributeType>damping</AttributeType><IsRequired>false</IsRequired><Value i:nil="true"/></Attribute><Attribute z:Id="i192"><AttributeType>friction</AttributeType><IsRequired>false</IsRequired><Value i:nil="true"/></Attribute></Attributes><ChildElements/><ElementName>dynamics</ElementName><required>false</required><DampingAttribute z:Ref="i191"/><FrictionAttribute z:Ref="i192"/></URDFElement><URDFElement z:Id="i193" i:type="SafetyController"><Attributes><Attribute z:Id="i194"><AttributeType>soft_upper_limit</AttributeType><IsRequired>false</IsRequired><Value i:nil="true"/></Attribute><Attribute z:Id="i195"><AttributeType>soft_lower_limit</AttributeType><IsRequired>false</IsRequired><Value i:nil="true"/></Attribute><Attribute z:Id="i196"><AttributeType>k_position</AttributeType><IsRequired>false</IsRequired><Value i:nil="true"/></Attribute><Attribute z:Id="i197"><AttributeType>k_velocity</AttributeType><IsRequired>true</IsRequired><Value i:nil="true"/></Attribute></Attributes><ChildElements/><ElementName>safety_controller</ElementName><required>false</required><KPositionAttribute z:Ref="i196"/><KVelocityAttribute z:Ref="i197"/><SoftLowerAttribute z:Ref="i195"/><SoftUpperAttribute z:Ref="i194"/></URDFElement><URDFElement z:Id="i198" i:type="Mimic"><Attributes><Attribute z:Id="i199"><AttributeType>joint</AttributeType><IsRequired>true</IsRequired><Value i:nil="true"/></Attribute><Attribute z:Id="i200"><AttributeType>multiplier</AttributeType><IsRequired>false</IsRequired><Value i:nil="true"/></Attribute><Attribute z:Id="i201"><AttributeType>offset</AttributeType><IsRequired>false</IsRequired><Value i:nil="true"/></Attribute></Attributes><ChildElements/><ElementName>mimic</ElementName><required>false</required><JointNameAttribute z:Ref="i199"/><MultiplierAttribute z:Ref="i200"/><OffsetAttribute z:Ref="i201"/></URDFElement></ChildElements><ElementName>joint</ElementName><required>false</required><Axis z:Ref="i180"/><AxisName>Automatically Generate</AxisName><Calibration z:Ref="i187"/><Child z:Ref="i178"/><CoordinateSystemName>Automatically Generate</CoordinateSystemName><Dynamics z:Ref="i190"/><Limit z:Ref="i182"/><Mimic z:Ref="i198"/><NameAttribute z:Ref="i171"/><Origin z:Ref="i173"/><Parent z:Ref="i176"/><Safety z:Ref="i193"/><TypeAttribute z:Ref="i172"/></URDFElement></ChildElements><ElementName>link</ElementName><required>true</required><Children><Link z:Id="i202"><Attributes><Attribute z:Id="i203"><AttributeType>name</AttributeType><IsRequired>true</IsRequired><Value i:type="a:string" xmlns:a="http://www.w3.org/2001/XMLSchema">Empty_Link</Value></Attribute></Attributes><ChildElements><URDFElement z:Id="i204" i:type="Inertial"><Attributes/><ChildElements><URDFElement z:Id="i205" i:type="Origin"><Attributes><Attribute z:Id="i206"><AttributeType>xyz</AttributeType><IsRequired>true</IsRequired><Value i:type="a:ArrayOfdouble" xmlns:a="http://schemas.microsoft.com/2003/10/Serialization/Arrays"><a:double>0</a:double><a:double>0</a:double><a:double>0</a:double></Value></Attribute><Attribute z:Id="i207"><AttributeType>rpy</AttributeType><IsRequired>true</IsRequired><Value i:type="a:ArrayOfdouble" xmlns:a="http://schemas.microsoft.com/2003/10/Serialization/Arrays"><a:double>0</a:double><a:double>0</a:double><a:double>0</a:double></Value></Attribute></Attributes><ChildElements/><ElementName>origin</ElementName><required>false</required><RPYAttribute z:Ref="i207"/><XYZAttribute z:Ref="i206"/><isCustomized>false</isCustomized></URDFElement><URDFElement z:Id="i208" i:type="Mass"><Attributes><Attribute z:Id="i209"><AttributeType>value</AttributeType><IsRequired>true</IsRequired><Value i:type="a:double" xmlns:a="http://www.w3.org/2001/XMLSchema">0</Value></Attribute></Attributes><ChildElements/><ElementName>mass</ElementName><required>false</required><ValueAttribute z:Ref="i209"/></URDFElement><URDFElement z:Id="i210" i:type="Inertia"><Attributes><Attribute z:Id="i211"><AttributeType>ixx</AttributeType><IsRequired>true</IsRequired><Value i:type="a:double" xmlns:a="http://www.w3.org/2001/XMLSchema">0</Value></Attribute><Attribute z:Id="i212"><AttributeType>ixy</AttributeType><IsRequired>true</IsRequired><Value i:type="a:double" xmlns:a="http://www.w3.org/2001/XMLSchema">0</Value></Attribute><Attribute z:Id="i213"><AttributeType>ixz</AttributeType><IsRequired>true</IsRequired><Value i:type="a:double" xmlns:a="http://www.w3.org/2001/XMLSchema">0</Value></Attribute><Attribute z:Id="i214"><AttributeType>iyy</AttributeType><IsRequired>true</IsRequired><Value i:type="a:double" xmlns:a="http://www.w3.org/2001/XMLSchema">0</Value></Attribute><Attribute z:Id="i215"><AttributeType>iyz</AttributeType><IsRequired>true</IsRequired><Value i:type="a:double" xmlns:a="http://www.w3.org/2001/XMLSchema">0</Value></Attribute><Attribute z:Id="i216"><AttributeType>izz</AttributeType><IsRequired>true</IsRequired><Value i:type="a:double" xmlns:a="http://www.w3.org/2001/XMLSchema">0</Value></Attribute></Attributes><ChildElements/><ElementName>inertia</ElementName><required>false</required><IxxAttribute z:Ref="i211"/><IxyAttribute z:Ref="i212"/><IxzAttribute z:Ref="i213"/><IyyAttribute z:Ref="i214"/><IyzAttribute z:Ref="i215"/><IzzAttribute z:Ref="i216"/></URDFElement></ChildElements><ElementName>inertial</ElementName><required>false</required><Inertia z:Ref="i210"/><Mass z:Ref="i208"/><Origin z:Ref="i205"/></URDFElement><URDFElement z:Id="i217" i:type="Visual"><Attributes/><ChildElements><URDFElement z:Id="i218" i:type="Origin"><Attributes><Attribute z:Id="i219"><AttributeType>xyz</AttributeType><IsRequired>true</IsRequired><Value i:type="a:ArrayOfdouble" xmlns:a="http://schemas.microsoft.com/2003/10/Serialization/Arrays"><a:double>0</a:double><a:double>0</a:double><a:double>0</a:double></Value></Attribute><Attribute z:Id="i220"><AttributeType>rpy</AttributeType><IsRequired>true</IsRequired><Value i:type="a:ArrayOfdouble" xmlns:a="http://schemas.microsoft.com/2003/10/Serialization/Arrays"><a:double>0</a:double><a:double>0</a:double><a:double>0</a:double></Value></Attribute></Attributes><ChildElements/><ElementName>origin</ElementName><required>false</required><RPYAttribute z:Ref="i220"/><XYZAttribute z:Ref="i219"/><isCustomized>false</isCustomized></URDFElement><URDFElement z:Id="i221" i:type="Geometry"><Attributes/><ChildElements><URDFElement z:Id="i222" i:type="Mesh"><Attributes><Attribute z:Id="i223"><AttributeType>filename</AttributeType><IsRequired>true</IsRequired><Value i:nil="true"/></Attribute></Attributes><ChildElements/><ElementName>mesh</ElementName><required>false</required><FilenameAttribute z:Ref="i223"/></URDFElement></ChildElements><ElementName>geometry</ElementName><required>true</required><Mesh z:Ref="i222"/></URDFElement><URDFElement z:Id="i224" i:type="Material"><Attributes><Attribute z:Id="i225"><AttributeType>name</AttributeType><IsRequired>true</IsRequired><Value i:type="a:string" xmlns:a="http://www.w3.org/2001/XMLSchema"/></Attribute></Attributes><ChildElements><URDFElement z:Id="i226" i:type="Color"><Attributes><Attribute z:Id="i227"><AttributeType>rgba</AttributeType><IsRequired>true</IsRequired><Value i:type="a:ArrayOfdouble" xmlns:a="http://schemas.microsoft.com/2003/10/Serialization/Arrays"><a:double>1</a:double><a:double>1</a:double><a:double>1</a:double><a:double>1</a:double></Value></Attribute></Attributes><ChildElements/><ElementName>color</ElementName><required>false</required><RGBAAttribute z:Ref="i227"/></URDFElement><URDFElement z:Id="i228" i:type="Texture"><Attributes><Attribute z:Id="i229"><AttributeType>filename</AttributeType><IsRequired>true</IsRequired><Value i:nil="true"/></Attribute></Attributes><ChildElements/><ElementName>texture</ElementName><required>false</required><FilenameAttribute z:Ref="i229"/><wFilename/></URDFElement></ChildElements><ElementName>material</ElementName><required>false</required><Color z:Ref="i226"/><NameAttribute z:Ref="i225"/><Texture z:Ref="i228"/></URDFElement></ChildElements><ElementName>visual</ElementName><required>false</required><Geometry z:Ref="i221"/><Material z:Ref="i224"/><Origin z:Ref="i218"/></URDFElement><URDFElement z:Id="i230" i:type="Collision"><Attributes/><ChildElements><URDFElement z:Id="i231" i:type="Origin"><Attributes><Attribute z:Id="i232"><AttributeType>xyz</AttributeType><IsRequired>true</IsRequired><Value i:type="a:ArrayOfdouble" xmlns:a="http://schemas.microsoft.com/2003/10/Serialization/Arrays"><a:double>0</a:double><a:double>0</a:double><a:double>0</a:double></Value></Attribute><Attribute z:Id="i233"><AttributeType>rpy</AttributeType><IsRequired>true</IsRequired><Value i:type="a:ArrayOfdouble" xmlns:a="http://schemas.microsoft.com/2003/10/Serialization/Arrays"><a:double>0</a:double><a:double>0</a:double><a:double>0</a:double></Value></Attribute></Attributes><ChildElements/><ElementName>origin</ElementName><required>false</required><RPYAttribute z:Ref="i233"/><XYZAttribute z:Ref="i232"/><isCustomized>false</isCustomized></URDFElement><URDFElement z:Id="i234" i:type="Geometry"><Attributes/><ChildElements><URDFElement z:Id="i235" i:type="Mesh"><Attributes><Attribute z:Id="i236"><AttributeType>filename</AttributeType><IsRequired>true</IsRequired><Value i:nil="true"/></Attribute></Attributes><ChildElements/><ElementName>mesh</ElementName><required>false</required><FilenameAttribute z:Ref="i236"/></URDFElement></ChildElements><ElementName>geometry</ElementName><required>true</required><Mesh z:Ref="i235"/></URDFElement></ChildElements><ElementName>collision</ElementName><required>false</required><Geometry z:Ref="i234"/><Origin z:Ref="i231"/></URDFElement><URDFElement z:Id="i237" i:type="Joint"><Attributes><Attribute z:Id="i238"><AttributeType>name</AttributeType><IsRequired>true</IsRequired><Value i:type="a:string" xmlns:a="http://www.w3.org/2001/XMLSchema"/></Attribute><Attribute z:Id="i239"><AttributeType>type</AttributeType><IsRequired>true</IsRequired><Value i:type="a:string" xmlns:a="http://www.w3.org/2001/XMLSchema">Automatically Detect</Value></Attribute></Attributes><ChildElements><URDFElement z:Id="i240" i:type="Origin"><Attributes><Attribute z:Id="i241"><AttributeType>xyz</AttributeType><IsRequired>true</IsRequired><Value i:type="a:ArrayOfdouble" xmlns:a="http://schemas.microsoft.com/2003/10/Serialization/Arrays"><a:double>0</a:double><a:double>0</a:double><a:double>0</a:double></Value></Attribute><Attribute z:Id="i242"><AttributeType>rpy</AttributeType><IsRequired>true</IsRequired><Value i:type="a:ArrayOfdouble" xmlns:a="http://schemas.microsoft.com/2003/10/Serialization/Arrays"><a:double>0</a:double><a:double>0</a:double><a:double>0</a:double></Value></Attribute></Attributes><ChildElements/><ElementName>origin</ElementName><required>false</required><RPYAttribute z:Ref="i242"/><XYZAttribute z:Ref="i241"/><isCustomized>false</isCustomized></URDFElement><URDFElement z:Id="i243" i:type="ParentLink"><Attributes><Attribute z:Id="i244"><AttributeType>link</AttributeType><IsRequired>true</IsRequired><Value i:type="a:string" xmlns:a="http://www.w3.org/2001/XMLSchema"/></Attribute></Attributes><ChildElements/><ElementName>parent</ElementName><required>true</required><NameAttribute z:Ref="i244"/></URDFElement><URDFElement z:Id="i245" i:type="ChildLink"><Attributes><Attribute z:Id="i246"><AttributeType>link</AttributeType><IsRequired>true</IsRequired><Value i:type="a:string" xmlns:a="http://www.w3.org/2001/XMLSchema"/></Attribute></Attributes><ChildElements/><ElementName>child</ElementName><required>true</required><NameAttribute z:Ref="i246"/></URDFElement><URDFElement z:Id="i247" i:type="Axis"><Attributes><Attribute z:Id="i248"><AttributeType>xyz</AttributeType><IsRequired>true</IsRequired><Value i:type="a:ArrayOfdouble" xmlns:a="http://schemas.microsoft.com/2003/10/Serialization/Arrays"><a:double>0</a:double><a:double>0</a:double><a:double>0</a:double></Value></Attribute></Attributes><ChildElements/><ElementName>axis</ElementName><required>false</required><XYZAttribute z:Ref="i248"/></URDFElement><URDFElement z:Id="i249" i:type="Limit"><Attributes><Attribute z:Id="i250"><AttributeType>lower</AttributeType><IsRequired>false</IsRequired><Value i:nil="true"/></Attribute><Attribute z:Id="i251"><AttributeType>upper</AttributeType><IsRequired>false</IsRequired><Value i:nil="true"/></Attribute><Attribute z:Id="i252"><AttributeType>effort</AttributeType><IsRequired>true</IsRequired><Value i:nil="true"/></Attribute><Attribute z:Id="i253"><AttributeType>velocity</AttributeType><IsRequired>true</IsRequired><Value i:nil="true"/></Attribute></Attributes><ChildElements/><ElementName>limit</ElementName><required>false</required><EffortAttribute z:Ref="i252"/><LowerAttribute z:Ref="i250"/><UpperAttribute z:Ref="i251"/><VelocityAttribute z:Ref="i253"/></URDFElement><URDFElement z:Id="i254" i:type="Calibration"><Attributes><Attribute z:Id="i255"><AttributeType>rising</AttributeType><IsRequired>false</IsRequired><Value i:nil="true"/></Attribute><Attribute z:Id="i256"><AttributeType>falling</AttributeType><IsRequired>false</IsRequired><Value i:nil="true"/></Attribute></Attributes><ChildElements/><ElementName>calibration</ElementName><required>false</required><FallingAttribute z:Ref="i256"/><RisingAttribute z:Ref="i255"/></URDFElement><URDFElement z:Id="i257" i:type="Dynamics"><Attributes><Attribute z:Id="i258"><AttributeType>damping</AttributeType><IsRequired>false</IsRequired><Value i:nil="true"/></Attribute><Attribute z:Id="i259"><AttributeType>friction</AttributeType><IsRequired>false</IsRequired><Value i:nil="true"/></Attribute></Attributes><ChildElements/><ElementName>dynamics</ElementName><required>false</required><DampingAttribute z:Ref="i258"/><FrictionAttribute z:Ref="i259"/></URDFElement><URDFElement z:Id="i260" i:type="SafetyController"><Attributes><Attribute z:Id="i261"><AttributeType>soft_upper_limit</AttributeType><IsRequired>false</IsRequired><Value i:nil="true"/></Attribute><Attribute z:Id="i262"><AttributeType>soft_lower_limit</AttributeType><IsRequired>false</IsRequired><Value i:nil="true"/></Attribute><Attribute z:Id="i263"><AttributeType>k_position</AttributeType><IsRequired>false</IsRequired><Value i:nil="true"/></Attribute><Attribute z:Id="i264"><AttributeType>k_velocity</AttributeType><IsRequired>true</IsRequired><Value i:nil="true"/></Attribute></Attributes><ChildElements/><ElementName>safety_controller</ElementName><required>false</required><KPositionAttribute z:Ref="i263"/><KVelocityAttribute z:Ref="i264"/><SoftLowerAttribute z:Ref="i262"/><SoftUpperAttribute z:Ref="i261"/></URDFElement><URDFElement z:Id="i265" i:type="Mimic"><Attributes><Attribute z:Id="i266"><AttributeType>joint</AttributeType><IsRequired>true</IsRequired><Value i:nil="true"/></Attribute><Attribute z:Id="i267"><AttributeType>multiplier</AttributeType><IsRequired>false</IsRequired><Value i:nil="true"/></Attribute><Attribute z:Id="i268"><AttributeType>offset</AttributeType><IsRequired>false</IsRequired><Value i:nil="true"/></Attribute></Attributes><ChildElements/><ElementName>mimic</ElementName><required>false</required><JointNameAttribute z:Ref="i266"/><MultiplierAttribute z:Ref="i267"/><OffsetAttribute z:Ref="i268"/></URDFElement></ChildElements><ElementName>joint</ElementName><required>false</required><Axis z:Ref="i247"/><AxisName>Automatically Generate</AxisName><Calibration z:Ref="i254"/><Child z:Ref="i245"/><CoordinateSystemName>Automatically Generate</CoordinateSystemName><Dynamics z:Ref="i257"/><Limit z:Ref="i249"/><Mimic z:Ref="i265"/><NameAttribute z:Ref="i238"/><Origin z:Ref="i240"/><Parent z:Ref="i243"/><Safety z:Ref="i260"/><TypeAttribute z:Ref="i239"/></URDFElement></ChildElements><ElementName>link</ElementName><required>true</required><Children><Link z:Id="i269"><Attributes><Attribute z:Id="i270"><AttributeType>name</AttributeType><IsRequired>true</IsRequired><Value i:type="a:string" xmlns:a="http://www.w3.org/2001/XMLSchema">Empty_Link</Value></Attribute></Attributes><ChildElements><URDFElement z:Id="i271" i:type="Inertial"><Attributes/><ChildElements><URDFElement z:Id="i272" i:type="Origin"><Attributes><Attribute z:Id="i273"><AttributeType>xyz</AttributeType><IsRequired>true</IsRequired><Value i:type="a:ArrayOfdouble" xmlns:a="http://schemas.microsoft.com/2003/10/Serialization/Arrays"><a:double>0</a:double><a:double>0</a:double><a:double>0</a:double></Value></Attribute><Attribute z:Id="i274"><AttributeType>rpy</AttributeType><IsRequired>true</IsRequired><Value i:type="a:ArrayOfdouble" xmlns:a="http://schemas.microsoft.com/2003/10/Serialization/Arrays"><a:double>0</a:double><a:double>0</a:double><a:double>0</a:double></Value></Attribute></Attributes><ChildElements/><ElementName>origin</ElementName><required>false</required><RPYAttribute z:Ref="i274"/><XYZAttribute z:Ref="i273"/><isCustomized>false</isCustomized></URDFElement><URDFElement z:Id="i275" i:type="Mass"><Attributes><Attribute z:Id="i276"><AttributeType>value</AttributeType><IsRequired>true</IsRequired><Value i:type="a:double" xmlns:a="http://www.w3.org/2001/XMLSchema">0</Value></Attribute></Attributes><ChildElements/><ElementName>mass</ElementName><required>false</required><ValueAttribute z:Ref="i276"/></URDFElement><URDFElement z:Id="i277" i:type="Inertia"><Attributes><Attribute z:Id="i278"><AttributeType>ixx</AttributeType><IsRequired>true</IsRequired><Value i:type="a:double" xmlns:a="http://www.w3.org/2001/XMLSchema">0</Value></Attribute><Attribute z:Id="i279"><AttributeType>ixy</AttributeType><IsRequired>true</IsRequired><Value i:type="a:double" xmlns:a="http://www.w3.org/2001/XMLSchema">0</Value></Attribute><Attribute z:Id="i280"><AttributeType>ixz</AttributeType><IsRequired>true</IsRequired><Value i:type="a:double" xmlns:a="http://www.w3.org/2001/XMLSchema">0</Value></Attribute><Attribute z:Id="i281"><AttributeType>iyy</AttributeType><IsRequired>true</IsRequired><Value i:type="a:double" xmlns:a="http://www.w3.org/2001/XMLSchema">0</Value></Attribute><Attribute z:Id="i282"><AttributeType>iyz</AttributeType><IsRequired>true</IsRequired><Value i:type="a:double" xmlns:a="http://www.w3.org/2001/XMLSchema">0</Value></Attribute><Attribute z:Id="i283"><AttributeType>izz</AttributeType><IsRequired>true</IsRequired><Value i:type="a:double" xmlns:a="http://www.w3.org/2001/XMLSchema">0</Value></Attribute></Attributes><ChildElements/><ElementName>inertia</ElementName><required>false</required><IxxAttribute z:Ref="i278"/><IxyAttribute z:Ref="i279"/><IxzAttribute z:Ref="i280"/><IyyAttribute z:Ref="i281"/><IyzAttribute z:Ref="i282"/><IzzAttribute z:Ref="i283"/></URDFElement></ChildElements><ElementName>inertial</ElementName><required>false</required><Inertia z:Ref="i277"/><Mass z:Ref="i275"/><Origin z:Ref="i272"/></URDFElement><URDFElement z:Id="i284" i:type="Visual"><Attributes/><ChildElements><URDFElement z:Id="i285" i:type="Origin"><Attributes><Attribute z:Id="i286"><AttributeType>xyz</AttributeType><IsRequired>true</IsRequired><Value i:type="a:ArrayOfdouble" xmlns:a="http://schemas.microsoft.com/2003/10/Serialization/Arrays"><a:double>0</a:double><a:double>0</a:double><a:double>0</a:double></Value></Attribute><Attribute z:Id="i287"><AttributeType>rpy</AttributeType><IsRequired>true</IsRequired><Value i:type="a:ArrayOfdouble" xmlns:a="http://schemas.microsoft.com/2003/10/Serialization/Arrays"><a:double>0</a:double><a:double>0</a:double><a:double>0</a:double></Value></Attribute></Attributes><ChildElements/><ElementName>origin</ElementName><required>false</required><RPYAttribute z:Ref="i287"/><XYZAttribute z:Ref="i286"/><isCustomized>false</isCustomized></URDFElement><URDFElement z:Id="i288" i:type="Geometry"><Attributes/><ChildElements><URDFElement z:Id="i289" i:type="Mesh"><Attributes><Attribute z:Id="i290"><AttributeType>filename</AttributeType><IsRequired>true</IsRequired><Value i:nil="true"/></Attribute></Attributes><ChildElements/><ElementName>mesh</ElementName><required>false</required><FilenameAttribute z:Ref="i290"/></URDFElement></ChildElements><ElementName>geometry</ElementName><required>true</required><Mesh z:Ref="i289"/></URDFElement><URDFElement z:Id="i291" i:type="Material"><Attributes><Attribute z:Id="i292"><AttributeType>name</AttributeType><IsRequired>true</IsRequired><Value i:type="a:string" xmlns:a="http://www.w3.org/2001/XMLSchema"/></Attribute></Attributes><ChildElements><URDFElement z:Id="i293" i:type="Color"><Attributes><Attribute z:Id="i294"><AttributeType>rgba</AttributeType><IsRequired>true</IsRequired><Value i:type="a:ArrayOfdouble" xmlns:a="http://schemas.microsoft.com/2003/10/Serialization/Arrays"><a:double>1</a:double><a:double>1</a:double><a:double>1</a:double><a:double>1</a:double></Value></Attribute></Attributes><ChildElements/><ElementName>color</ElementName><required>false</required><RGBAAttribute z:Ref="i294"/></URDFElement><URDFElement z:Id="i295" i:type="Texture"><Attributes><Attribute z:Id="i296"><AttributeType>filename</AttributeType><IsRequired>true</IsRequired><Value i:nil="true"/></Attribute></Attributes><ChildElements/><ElementName>texture</ElementName><required>false</required><FilenameAttribute z:Ref="i296"/><wFilename/></URDFElement></ChildElements><ElementName>material</ElementName><required>false</required><Color z:Ref="i293"/><NameAttribute z:Ref="i292"/><Texture z:Ref="i295"/></URDFElement></ChildElements><ElementName>visual</ElementName><required>false</required><Geometry z:Ref="i288"/><Material z:Ref="i291"/><Origin z:Ref="i285"/></URDFElement><URDFElement z:Id="i297" i:type="Collision"><Attributes/><ChildElements><URDFElement z:Id="i298" i:type="Origin"><Attributes><Attribute z:Id="i299"><AttributeType>xyz</AttributeType><IsRequired>true</IsRequired><Value i:type="a:ArrayOfdouble" xmlns:a="http://schemas.microsoft.com/2003/10/Serialization/Arrays"><a:double>0</a:double><a:double>0</a:double><a:double>0</a:double></Value></Attribute><Attribute z:Id="i300"><AttributeType>rpy</AttributeType><IsRequired>true</IsRequired><Value i:type="a:ArrayOfdouble" xmlns:a="http://schemas.microsoft.com/2003/10/Serialization/Arrays"><a:double>0</a:double><a:double>0</a:double><a:double>0</a:double></Value></Attribute></Attributes><ChildElements/><ElementName>origin</ElementName><required>false</required><RPYAttribute z:Ref="i300"/><XYZAttribute z:Ref="i299"/><isCustomized>false</isCustomized></URDFElement><URDFElement z:Id="i301" i:type="Geometry"><Attributes/><ChildElements><URDFElement z:Id="i302" i:type="Mesh"><Attributes><Attribute z:Id="i303"><AttributeType>filename</AttributeType><IsRequired>true</IsRequired><Value i:nil="true"/></Attribute></Attributes><ChildElements/><ElementName>mesh</ElementName><required>false</required><FilenameAttribute z:Ref="i303"/></URDFElement></ChildElements><ElementName>geometry</ElementName><required>true</required><Mesh z:Ref="i302"/></URDFElement></ChildElements><ElementName>collision</ElementName><required>false</required><Geometry z:Ref="i301"/><Origin z:Ref="i298"/></URDFElement><URDFElement z:Id="i304" i:type="Joint"><Attributes><Attribute z:Id="i305"><AttributeType>name</AttributeType><IsRequired>true</IsRequired><Value i:type="a:string" xmlns:a="http://www.w3.org/2001/XMLSchema"/></Attribute><Attribute z:Id="i306"><AttributeType>type</AttributeType><IsRequired>true</IsRequired><Value i:type="a:string" xmlns:a="http://www.w3.org/2001/XMLSchema">Automatically Detect</Value></Attribute></Attributes><ChildElements><URDFElement z:Id="i307" i:type="Origin"><Attributes><Attribute z:Id="i308"><AttributeType>xyz</AttributeType><IsRequired>true</IsRequired><Value i:type="a:ArrayOfdouble" xmlns:a="http://schemas.microsoft.com/2003/10/Serialization/Arrays"><a:double>0</a:double><a:double>0</a:double><a:double>0</a:double></Value></Attribute><Attribute z:Id="i309"><AttributeType>rpy</AttributeType><IsRequired>true</IsRequired><Value i:type="a:ArrayOfdouble" xmlns:a="http://schemas.microsoft.com/2003/10/Serialization/Arrays"><a:double>0</a:double><a:double>0</a:double><a:double>0</a:double></Value></Attribute></Attributes><ChildElements/><ElementName>origin</ElementName><required>false</required><RPYAttribute z:Ref="i309"/><XYZAttribute z:Ref="i308"/><isCustomized>false</isCustomized></URDFElement><URDFElement z:Id="i310" i:type="ParentLink"><Attributes><Attribute z:Id="i311"><AttributeType>link</AttributeType><IsRequired>true</IsRequired><Value i:type="a:string" xmlns:a="http://www.w3.org/2001/XMLSchema"/></Attribute></Attributes><ChildElements/><ElementName>parent</ElementName><required>true</required><NameAttribute z:Ref="i311"/></URDFElement><URDFElement z:Id="i312" i:type="ChildLink"><Attributes><Attribute z:Id="i313"><AttributeType>link</AttributeType><IsRequired>true</IsRequired><Value i:type="a:string" xmlns:a="http://www.w3.org/2001/XMLSchema"/></Attribute></Attributes><ChildElements/><ElementName>child</ElementName><required>true</required><NameAttribute z:Ref="i313"/></URDFElement><URDFElement z:Id="i314" i:type="Axis"><Attributes><Attribute z:Id="i315"><AttributeType>xyz</AttributeType><IsRequired>true</IsRequired><Value i:type="a:ArrayOfdouble" xmlns:a="http://schemas.microsoft.com/2003/10/Serialization/Arrays"><a:double>0</a:double><a:double>0</a:double><a:double>0</a:double></Value></Attribute></Attributes><ChildElements/><ElementName>axis</ElementName><required>false</required><XYZAttribute z:Ref="i315"/></URDFElement><URDFElement z:Id="i316" i:type="Limit"><Attributes><Attribute z:Id="i317"><AttributeType>lower</AttributeType><IsRequired>false</IsRequired><Value i:nil="true"/></Attribute><Attribute z:Id="i318"><AttributeType>upper</AttributeType><IsRequired>false</IsRequired><Value i:nil="true"/></Attribute><Attribute z:Id="i319"><AttributeType>effort</AttributeType><IsRequired>true</IsRequired><Value i:nil="true"/></Attribute><Attribute z:Id="i320"><AttributeType>velocity</AttributeType><IsRequired>true</IsRequired><Value i:nil="true"/></Attribute></Attributes><ChildElements/><ElementName>limit</ElementName><required>false</required><EffortAttribute z:Ref="i319"/><LowerAttribute z:Ref="i317"/><UpperAttribute z:Ref="i318"/><VelocityAttribute z:Ref="i320"/></URDFElement><URDFElement z:Id="i321" i:type="Calibration"><Attributes><Attribute z:Id="i322"><AttributeType>rising</AttributeType><IsRequired>false</IsRequired><Value i:nil="true"/></Attribute><Attribute z:Id="i323"><AttributeType>falling</AttributeType><IsRequired>false</IsRequired><Value i:nil="true"/></Attribute></Attributes><ChildElements/><ElementName>calibration</ElementName><required>false</required><FallingAttribute z:Ref="i323"/><RisingAttribute z:Ref="i322"/></URDFElement><URDFElement z:Id="i324" i:type="Dynamics"><Attributes><Attribute z:Id="i325"><AttributeType>damping</AttributeType><IsRequired>false</IsRequired><Value i:nil="true"/></Attribute><Attribute z:Id="i326"><AttributeType>friction</AttributeType><IsRequired>false</IsRequired><Value i:nil="true"/></Attribute></Attributes><ChildElements/><ElementName>dynamics</ElementName><required>false</required><DampingAttribute z:Ref="i325"/><FrictionAttribute z:Ref="i326"/></URDFElement><URDFElement z:Id="i327" i:type="SafetyController"><Attributes><Attribute z:Id="i328"><AttributeType>soft_upper_limit</AttributeType><IsRequired>false</IsRequired><Value i:nil="true"/></Attribute><Attribute z:Id="i329"><AttributeType>soft_lower_limit</AttributeType><IsRequired>false</IsRequired><Value i:nil="true"/></Attribute><Attribute z:Id="i330"><AttributeType>k_position</AttributeType><IsRequired>false</IsRequired><Value i:nil="true"/></Attribute><Attribute z:Id="i331"><AttributeType>k_velocity</AttributeType><IsRequired>true</IsRequired><Value i:nil="true"/></Attribute></Attributes><ChildElements/><ElementName>safety_controller</ElementName><required>false</required><KPositionAttribute z:Ref="i330"/><KVelocityAttribute z:Ref="i331"/><SoftLowerAttribute z:Ref="i329"/><SoftUpperAttribute z:Ref="i328"/></URDFElement><URDFElement z:Id="i332" i:type="Mimic"><Attributes><Attribute z:Id="i333"><AttributeType>joint</AttributeType><IsRequired>true</IsRequired><Value i:nil="true"/></Attribute><Attribute z:Id="i334"><AttributeType>multiplier</AttributeType><IsRequired>false</IsRequired><Value i:nil="true"/></Attribute><Attribute z:Id="i335"><AttributeType>offset</AttributeType><IsRequired>false</IsRequired><Value i:nil="true"/></Attribute></Attributes><ChildElements/><ElementName>mimic</ElementName><required>false</required><JointNameAttribute z:Ref="i333"/><MultiplierAttribute z:Ref="i334"/><OffsetAttribute z:Ref="i335"/></URDFElement></ChildElements><ElementName>joint</ElementName><required>false</required><Axis z:Ref="i314"/><AxisName>Automatically Generate</AxisName><Calibration z:Ref="i321"/><Child z:Ref="i312"/><CoordinateSystemName>Automatically Generate</CoordinateSystemName><Dynamics z:Ref="i324"/><Limit z:Ref="i316"/><Mimic z:Ref="i332"/><NameAttribute z:Ref="i305"/><Origin z:Ref="i307"/><Parent z:Ref="i310"/><Safety z:Ref="i327"/><TypeAttribute z:Ref="i306"/></URDFElement></ChildElements><ElementName>link</ElementName><required>true</required><Children/><Collision z:Ref="i297"/><Inertial z:Ref="i271"/><Joint z:Ref="i304"/><NameAttribute z:Ref="i270"/><Parent z:Ref="i202"/><STLQualityFine>false</STLQualityFine><SWComponentPIDs xmlns:a="http://schemas.microsoft.com/2003/10/Serialization/Arrays"><a:base64Binary>aEIAAAUAAAD//v8mRwByAGkAcABwAGUAcgAgAFkAUABSACAAQwBvAG4AbgBlAGMAdABpAG8AbgAtADEAQAB1AHAAZABhAHQAZQBkACAAYQBzAHMAZQBtAAQAAAAQAAAAAQAAAAEAAAB7AAAA</a:base64Binary><a:base64Binary>aEIAAAUAAAD//v95ZwByAGkAcABwAGUAcgAgAHUAcABkAGEAdABlAGQAXwA1ADEALQAxAEAAdQBwAGQAYQB0AGUAZAAgAGEAcwBzAGUAbQAvAGcAcgBpAHAAcABlAHIAIAB1AHAAZABhAHQAZQBkAF8ANQAuAFMAVABFAFAALQAxAEAAZwByAGkAcABwAGUAcgAgAHUAcABkAGEAdABlAGQAXwA1ADEALwBmAHIAYQBtAGUAIABnAHIAaQBwAGUAcgAuAFMAVABFAFAALQAxAEAAZwByAGkAcABwAGUAcgAgAHUAcABkAGEAdABlAGQAXwA1AC4AUwBUAEUAUAAEAAAAEAAAAAEAAAADAAAAeQAAABgAAAAYAAAA</a:base64Binary><a:base64Binary>aEIAAAUAAAD//v8fZABpAGYAZgAgAHQAbwAgAGcAcgBpAHAAcABlAHIALQAyAEAAdQBwAGQAYQB0AGUAZAAgAGEAcwBzAGUAbQAEAAAAEAAAAAEAAAABAAAAfAAAAA==</a:base64Binary><a:base64Binary>aEIAAAUAAAD//v95ZwByAGkAcABwAGUAcgAgAHUAcABkAGEAdABlAGQAXwA1ADEALQAxAEAAdQBwAGQAYQB0AGUAZAAgAGEAcwBzAGUAbQAvAGcAcgBpAHAAcABlAHIAIAB1AHAAZABhAHQAZQBkAF8ANQAuAFMAVABFAFAALQAxAEAAZwByAGkAcABwAGUAcgAgAHUAcABkAGEAdABlAGQAXwA1ADEALwBGAFIAQQBNAEUAIAAzACgAQQBMAEwAKQAuAFMAVABFAFAALQAxAEAAZwByAGkAcABwAGUAcgAgAHUAcABkAGEAdABlAGQAXwA1AC4AUwBUAEUAUAAEAAAAEAAAAAEAAAADAAAAeQAAABgAAAAcAAAA</a:base64Binary><a:base64Binary>aEIAAAUAAAD//v92ZwByAGkAcABwAGUAcgAgAHUAcABkAGEAdABlAGQAXwA1ADEALQAxAEAAdQBwAGQAYQB0AGUAZAAgAGEAcwBzAGUAbQAvAGcAcgBpAHAAcABlAHIAIAB1AHAAZABhAHQAZQBkAF8ANQAuAFMAVABFAFAALQAxAEAAZwByAGkAcABwAGUAcgAgAHUAcABkAGEAdABlAGQAXwA1ADEALwBDAEwAQQBXACgAQQBMAEwAKQAuAFMAVABFAFAALQAxAEAAZwByAGkAcABwAGUAcgAgAHUAcABkAGEAdABlAGQAXwA1AC4AUwBUAEUAUAAEAAAAEAAAAAEAAAADAAAAeQAAABgAAAAaAAAA</a:base64Binary><a:base64Binary>aEIAAAUAAAD//v97ZwByAGkAcABwAGUAcgAgAHUAcABkAGEAdABlAGQAXwA1ADEALQAxAEAAdQBwAGQAYQB0AGUAZAAgAGEAcwBzAGUAbQAvAGcAcgBpAHAAcABlAHIAIAB1AHAAZABhAHQAZQBkAF8ANQAuAFMAVABFAFAALQAxAEAAZwByAGkAcABwAGUAcgAgAHUAcABkAGEAdABlAGQAXwA1ADEALwBMAEUAQQBEACAAOABNAE0AIAAoAEEATABMACkALgBTAFQARQBQAC0AMQBAAGcAcgBpAHAAcABlAHIAIAB1AHAAZABhAHQAZQBkAF8ANQAuAFMAVABFAFAABAAAABAAAAABAAAAAwAAAHkAAAAYAAAAHwAAAA==</a:base64Binary><a:base64Binary>aEIAAAUAAAD//v+AZwByAGkAcABwAGUAcgAgAHUAcABkAGEAdABlAGQAXwA1ADEALQAxAEAAdQBwAGQAYQB0AGUAZAAgAGEAcwBzAGUAbQAvAGcAcgBpAHAAcABlAHIAIAB1AHAAZABhAHQAZQBkAF8ANQAuAFMAVABFAFAALQAxAEAAZwByAGkAcABwAGUAcgAgAHUAcABkAGEAdABlAGQAXwA1ADEALwBHAFUASQBEAEUAIABSAE8ARAAgADgAbQBtACAAKABBAEwATAApAC4AUwBUAEUAUAAtADEAQABnAHIAaQBwAHAAZQByACAAdQBwAGQAYQB0AGUAZABfADUALgBTAFQARQBQAAQAAAAQAAAAAQAAAAMAAAB5AAAAGAAAAB4AAAA=</a:base64Binary><a:base64Binary>aEIAAAUAAAD//v92ZwByAGkAcABwAGUAcgAgAHUAcABkAGEAdABlAGQAXwA1ADEALQAxAEAAdQBwAGQAYQB0AGUAZAAgAGEAcwBzAGUAbQAvAGcAcgBpAHAAcABlAHIAIAB1AHAAZABhAHQAZQBkAF8ANQAuAFMAVABFAFAALQAxAEAAZwByAGkAcABwAGUAcgAgAHUAcABkAGEAdABlAGQAXwA1ADEALwBOAFUAVAAgACgAQQBMAEwAKQAuAFMAVABFAFAALQAxAEAAZwByAGkAcABwAGUAcgAgAHUAcABkAGEAdABlAGQAXwA1AC4AUwBUAEUAUAAEAAAAEAAAAAEAAAADAAAAeQAAABgAAAAhAAAA</a:base64Binary><a:base64Binary>aEIAAAUAAAD//v+JZwByAGkAcABwAGUAcgAgAHUAcABkAGEAdABlAGQAXwA1ADEALQAxAEAAdQBwAGQAYQB0AGUAZAAgAGEAcwBzAGUAbQAvAGcAcgBpAHAAcABlAHIAIAB1AHAAZABhAHQAZQBkAF8ANQAuAFMAVABFAFAALQAxAEAAZwByAGkAcABwAGUAcgAgAHUAcABkAGEAdABlAGQAXwA1ADEALwBsAGkAbgBlAGEAcgAgAGEAYwB0ACAAcwBhAG0AcABsAGUAIABtAG8AZABlAGwAKABBAEwATAApAC4AUwBUAEUAUAAtADEAQABnAHIAaQBwAHAAZQByACAAdQBwAGQAYQB0AGUAZABfADUALgBTAFQARQBQAAQAAAAQAAAAAQAAAAMAAAB5AAAAGAAAABkAAAA=</a:base64Binary><a:base64Binary>aEIAAAUAAAD//v+EZwByAGkAcABwAGUAcgAgAHUAcABkAGEAdABlAGQAXwA1ADEALQAxAEAAdQBwAGQAYQB0AGUAZAAgAGEAcwBzAGUAbQAvAGcAcgBpAHAAcABlAHIAIAB1AHAAZABhAHQAZQBkAF8ANQAuAFMAVABFAFAALQAxAEAAZwByAGkAcABwAGUAcgAgAHUAcABkAGEAdABlAGQAXwA1ADEALwBtAG8AdABvAHIAIABtAG8AdQBuAHQAIABHAFIASQBQAFAARQBSACAAQQBMAEwALgBTAFQARQBQAC0AMQBAAGcAcgBpAHAAcABlAHIAIAB1AHAAZABhAHQAZQBkAF8ANQAuAFMAVABFAFAABAAAABAAAAABAAAAAwAAAHkAAAAYAAAAIAAAAA==</a:base64Binary><a:base64Binary>aEIAAAUAAAD//v95ZwByAGkAcABwAGUAcgAgAHUAcABkAGEAdABlAGQAXwA1ADEALQAxAEAAdQBwAGQAYQB0AGUAZAAgAGEAcwBzAGUAbQAvAGcAcgBpAHAAcABlAHIAIAB1AHAAZABhAHQAZQBkAF8ANQAuAFMAVABFAFAALQAxAEAAZwByAGkAcABwAGUAcgAgAHUAcABkAGEAdABlAGQAXwA1ADEALwBsAGkAbQBpAHQAIABzAHcAaQB0AGMAaAAuAFMAVABFAFAALQAxAEAAZwByAGkAcABwAGUAcgAgAHUAcABkAGEAdABlAGQAXwA1AC4AUwBUAEUAUAAEAAAAEAAAAAEAAAADAAAAeQAAABgAAAAiAAAA</a:base64Binary><a:base64Binary>aEIAAAUAAAD//v9+ZwByAGkAcABwAGUAcgAgAHUAcABkAGEAdABlAGQAXwA1ADEALQAxAEAAdQBwAGQAYQB0AGUAZAAgAGEAcwBzAGUAbQAvAGcAcgBpAHAAcABlAHIAIAB1AHAAZABhAHQAZQBkAF8ANQAuAFMAVABFAFAALQAxAEAAZwByAGkAcABwAGUAcgAgAHUAcABkAGEAdABlAGQAXwA1ADEALwBHAFIASQBQAFAARQBSACAAQQBMAEwAIABNAE8AVABPAFIALgBTAFQARQBQAC0AMQBAAGcAcgBpAHAAcABlAHIAIAB1AHAAZABhAHQAZQBkAF8ANQAuAFMAVABFAFAABAAAABAAAAABAAAAAwAAAHkAAAAYAAAAHQAAAA==</a:base64Binary><a:base64Binary>aEIAAAUAAAD//v+BZwByAGkAcABwAGUAcgAgAHUAcABkAGEAdABlAGQAXwA1ADEALQAxAEAAdQBwAGQAYQB0AGUAZAAgAGEAcwBzAGUAbQAvAGcAcgBpAHAAcABlAHIAIAB1AHAAZABhAHQAZQBkAF8ANQAuAFMAVABFAFAALQAxAEAAZwByAGkAcABwAGUAcgAgAHUAcABkAGEAdABlAGQAXwA1ADEALwBCAEUAQQBSAEkATgBHACAAMQA2AFgAOABYADUAIAAoAEEATABMACkALgBTAFQARQBQAC0AMQBAAGcAcgBpAHAAcABlAHIAIAB1AHAAZABhAHQAZQBkAF8ANQAuAFMAVABFAFAABAAAABAAAAABAAAAAwAAAHkAAAAYAAAAIwAAAA==</a:base64Binary><a:base64Binary>aEIAAAUAAAD//v94ZwByAGkAcABwAGUAcgAgAHUAcABkAGEAdABlAGQAXwA1ADEALQAxAEAAdQBwAGQAYQB0AGUAZAAgAGEAcwBzAGUAbQAvAGcAcgBpAHAAcABlAHIAIAB1AHAAZABhAHQAZQBkAF8ANQAuAFMAVABFAFAALQAxAEAAZwByAGkAcABwAGUAcgAgAHUAcABkAGEAdABlAGQAXwA1ADEALwBjAG8AdQBwAGwAZQByACAAOAB4ADUALgBTAFQARQBQAC0AMQBAAGcAcgBpAHAAcABlAHIAIAB1AHAAZABhAHQAZQBkAF8ANQAuAFMAVABFAFAABAAAABAAAAABAAAAAwAAAHkAAAAYAAAAGwAAAA==</a:base64Binary></SWComponentPIDs><SWMainComponentPID i:nil="true"/><Visual z:Ref="i284"/><isFixedFrame>false</isFixedFrame><isIncomplete>false</isIncomplete></Link></Children><Collision z:Ref="i230"/><Inertial z:Ref="i204"/><Joint z:Ref="i237"/><NameAttribute z:Ref="i203"/><Parent z:Ref="i135"/><STLQualityFine>false</STLQualityFine><SWComponentPIDs xmlns:a="http://schemas.microsoft.com/2003/10/Serialization/Arrays"><a:base64Binary>aEIAAAUAAAD//v8eZABpAGYAZgAgAEMAIABzAGUAYwB0AGkAbwBuAC0AMgBAAHUAcABkAGEAdABlAGQAIABhAHMAcwBlAG0ABAAAABAAAAABAAAAAQAAAGQAAAA=</a:base64Binary><a:base64Binary>aEIAAAUAAAD//v8eZABpAGYAZgAgAEMAIABzAGUAYwB0AGkAbwBuAC0AMQBAAHUAcABkAGEAdABlAGQAIABhAHMAcwBlAG0ABAAAABAAAAABAAAAAQAAAFIAAAA=</a:base64Binary><a:base64Binary>aEIAAAUAAAD//v8lZABpAGYAZgAgAEMAIABzAGUAYwB0AGkAbwBuACAASQAgAHAAYQByAHQALQAyAEAAdQBwAGQAYQB0AGUAZAAgAGEAcwBzAGUAbQAEAAAAEAAAAAEAAAABAAAAZQAAAA==</a:base64Binary><a:base64Binary>aEIAAAUAAAD//v8lZABpAGYAZgAgAEMAIABzAGUAYwB0AGkAbwBuACAASQAgAHAAYQByAHQALQAxAEAAdQBwAGQAYQB0AGUAZAAgAGEAcwBzAGUAbQAEAAAAEAAAAAEAAAABAAAAUQAAAA==</a:base64Binary><a:base64Binary>aEIAAAUAAAD//v8mMQA1AC0AMwAyAC0AOQAgAGIAZQBhAHIAaQBuAGcAIABoAG8AbABkAGUAcgAtADEAQAB1AHAAZABhAHQAZQBkACAAYQBzAHMAZQBtAAQAAAAQAAAAAQAAAAEAAAB6AAAA</a:base64Binary></SWComponentPIDs><SWMainComponentPID i:nil="true"/><Visual z:Ref="i217"/><isFixedFrame>false</isFixedFrame><isIncomplete>false</isIncomplete></Link></Children><Collision z:Ref="i163"/><Inertial z:Ref="i137"/><Joint z:Ref="i170"/><NameAttribute z:Ref="i136"/><Parent z:Ref="i68"/><STLQualityFine>false</STLQualityFine><SWComponentPIDs xmlns:a="http://schemas.microsoft.com/2003/10/Serialization/Arrays"><a:base64Binary>aEIAAAUAAAD//v8WQwBhAHMAaQBuAGcALQAyAEAAdQBwAGQAYQB0AGUAZAAgAGEAcwBzAGUAbQAEAAAAEAAAAAEAAAABAAAAQQAAAA==</a:base64Binary><a:base64Binary>aEIAAAUAAAD//v8sYwBhAHMAaQBuAGcAIABtAGkAcgByAG8AcgAgAG0AaQByAG8AcgByACAAbQBpAHIAcgByAHIAcgAtADIAQAB1AHAAZABhAHQAZQBkACAAYQBzAHMAZQBtAAQAAAAQAAAAAQAAAAEAAABAAAAA</a:base64Binary><a:base64Binary>aEIAAAUAAAD//v8TMAA0AG0ALQAxAEAAdQBwAGQAYQB0AGUAZAAgAGEAcwBzAGUAbQAEAAAAEAAAAAEAAAABAAAAMgAAAA==</a:base64Binary><a:base64Binary>aEIAAAUAAAD//v8kbQBvAHQAbwByACAAbQBvAHUAbgB0ACAAYQBuAGQAIABsAGkAbgBrAC0AMQBAAHUAcABkAGEAdABlAGQAIABhAHMAcwBlAG0ABAAAABAAAAABAAAAAQAAAEwAAAA=</a:base64Binary><a:base64Binary>aEIAAAUAAAD//v8mbQBvAHQAbwByACAAbQBvAHUAbgB0ACAAYQBuAGQAIABsAGkAbgBrACAATAAtADIAQAB1AHAAZABhAHQAZQBkACAAYQBzAHMAZQBtAAQAAAAQAAAAAQAAAAEAAABbAAAA</a:base64Binary><a:base64Binary>aEIAAAUAAAD//v8mbQBvAHQAbwByACAAbQBvAHUAbgB0ACAAYQBuAGQAIABsAGkAbgBrACAATAAtADEAQAB1AHAAZABhAHQAZQBkACAAYQBzAHMAZQBtAAQAAAAQAAAAAQAAAAEAAABUAAAA</a:base64Binary><a:base64Binary>aEIAAAUAAAD//v8gbABpAG4AawAgAGYAbwByACAAcwB1AHAAcABvAHIAdAAtADEAQAB1AHAAZABhAHQAZQBkACAAYQBzAHMAZQBtAAQAAAAQAAAAAQAAAAEAAABTAAAA</a:base64Binary></SWComponentPIDs><SWMainComponentPID i:nil="true"/><Visual z:Ref="i150"/><isFixedFrame>false</isFixedFrame><isIncomplete>false</isIncomplete></Link></Children><Collision z:Ref="i96"/><Inertial z:Ref="i70"/><Joint z:Ref="i103"/><NameAttribute z:Ref="i69"/><Parent z:Ref="i1"/><STLQualityFine>false</STLQualityFine><SWComponentPIDs xmlns:a="http://schemas.microsoft.com/2003/10/Serialization/Arrays"><a:base64Binary>aEIAAAUAAAD//v8fYwBhAHMAaQBuAGcAIABtAGkAcgByAG8AcgBlAGQALQAxAEAAdQBwAGQAYQB0AGUAZAAgAGEAcwBzAGUAbQAEAAAAEAAAAAEAAAABAAAAJAAAAA==</a:base64Binary><a:base64Binary>aEIAAAUAAAD//v8fQwBhAHMAaQBuAGcAIABuAG8AIABlAHIAcgBvAHIALQAxAEAAdQBwAGQAYQB0AGUAZAAgAGEAcwBzAGUAbQAEAAAAEAAAAAEAAAABAAAAIwAAAA==</a:base64Binary><a:base64Binary>aEIAAAUAAAD//v8UMAAuADYAbQAtADEAQAB1AHAAZABhAHQAZQBkACAAYQBzAHMAZQBtAAQAAAAQAAAAAQAAAAEAAAAxAAAA</a:base64Binary><a:base64Binary>aEIAAAUAAAD//v8kbQBvAHUAbgB0ACAAZwBvAG8AZgBlAGQAIABtAHUAaQByAHIAbwByAC0AMQBAAHUAcABkAGEAdABlAGQAIABhAHMAcwBlAG0ABAAAABAAAAABAAAAAQAAADYAAAA=</a:base64Binary><a:base64Binary>aEIAAAUAAAD//v8kTQBvAHUAbgB0ACAAZgBvAHIAIABnAG8AbwBmAHkAdABoAGkAbgBnAC0AMQBAAHUAcABkAGEAdABlAGQAIABhAHMAcwBlAG0ABAAAABAAAAABAAAAAQAAADUAAAA=</a:base64Binary></SWComponentPIDs><SWMainComponentPID i:nil="true"/><Visual z:Ref="i83"/><isFixedFrame>false</isFixedFrame><isIncomplete>false</isIncomplete></Link></Children><Collision z:Ref="i29"/><Inertial z:Ref="i3"/><Joint z:Ref="i36"/><NameAttribute z:Ref="i2"/><Parent i:nil="true"/><STLQualityFine>false</STLQualityFine><SWComponentPIDs xmlns:a="http://schemas.microsoft.com/2003/10/Serialization/Arrays"><a:base64Binary>aEIAAAUAAAD//v8rTQBvAHUAbgB0AC0ARQB4AHQAcgB1AGQAZQAgAFQAbwBwACAAQwB5AGMAbABvAGkAZABhAGwALQAyAEAAdQBwAGQAYQB0AGUAZAAgAGEAcwBzAGUAbQAEAAAAEAAAAAEAAAABAAAAIgAAAA==</a:base64Binary><a:base64Binary>aEIAAAUAAAD//v8rTQBvAHUAbgB0AC0ARQB4AHQAcgB1AGQAZQAgAFQAbwBwACAAQwB5AGMAbABvAGkAZABhAGwALQAxAEAAdQBwAGQAYQB0AGUAZAAgAGEAcwBzAGUAbQAEAAAAEAAAAAEAAAABAAAAGAAAAA==</a:base64Binary></SWComponentPIDs><SWMainComponentPID i:nil="true"/><Visual z:Ref="i16"/><isFixedFrame>false</isFixedFrame><isIncomplete>false</isIncomplete></Link>
2025-07-01 18:07:08,680 INFO  LinkNode.cs: 37 - Building node base_link
2025-07-01 18:07:08,680 INFO  LinkNode.cs: 37 - Building node dof1
2025-07-01 18:07:08,681 INFO  LinkNode.cs: 37 - Building node link1
2025-07-01 18:07:08,681 INFO  LinkNode.cs: 37 - Building node Empty_Link
2025-07-01 18:07:08,681 INFO  LinkNode.cs: 37 - Building node Empty_Link
2025-07-01 18:07:08,682 INFO  CommonSwOperations.cs: 224 - Loading SolidWorks components for base_link from F:\updated assem\updated assem.SLDASM
2025-07-01 18:07:08,683 INFO  CommonSwOperations.cs: 246 - Loading component with PID hB     ???+M o u n t - E x t r u d e   T o p   C y c l o i d a l - 2 @ u p d a t e d   a s s e m             "   
2025-07-01 18:07:08,684 INFO  CommonSwOperations.cs: 242 - Successfully loaded component F:\updated assem\Mount-Extrude Top Cycloidal.SLDPRT
2025-07-01 18:07:08,684 INFO  CommonSwOperations.cs: 246 - Loading component with PID hB     ???+M o u n t - E x t r u d e   T o p   C y c l o i d a l - 1 @ u p d a t e d   a s s e m                
2025-07-01 18:07:08,685 INFO  CommonSwOperations.cs: 242 - Successfully loaded component F:\updated assem\Mount-Extrude Top Cycloidal.SLDPRT
2025-07-01 18:07:08,685 INFO  CommonSwOperations.cs: 232 - Loaded 2 components for link base_link
2025-07-01 18:07:08,685 INFO  CommonSwOperations.cs: 224 - Loading SolidWorks components for dof1 from F:\updated assem\updated assem.SLDASM
2025-07-01 18:07:08,685 INFO  CommonSwOperations.cs: 246 - Loading component with PID hB     ???c a s i n g   m i r r o r e d - 1 @ u p d a t e d   a s s e m             $   
2025-07-01 18:07:08,686 INFO  CommonSwOperations.cs: 242 - Successfully loaded component F:\updated assem\casing mirrored.SLDPRT
2025-07-01 18:07:08,686 INFO  CommonSwOperations.cs: 246 - Loading component with PID hB     ???C a s i n g   n o   e r r o r - 1 @ u p d a t e d   a s s e m             #   
2025-07-01 18:07:08,686 INFO  CommonSwOperations.cs: 242 - Successfully loaded component F:\updated assem\Casing no error.SLDPRT
2025-07-01 18:07:08,686 INFO  CommonSwOperations.cs: 246 - Loading component with PID hB     ???0 . 6 m - 1 @ u p d a t e d   a s s e m             1   
2025-07-01 18:07:08,687 INFO  CommonSwOperations.cs: 242 - Successfully loaded component F:\updated assem\0.6m.SLDPRT
2025-07-01 18:07:08,687 INFO  CommonSwOperations.cs: 246 - Loading component with PID hB     ???$m o u n t   g o o f e d   m u i r r o r - 1 @ u p d a t e d   a s s e m             6   
2025-07-01 18:07:08,688 INFO  CommonSwOperations.cs: 242 - Successfully loaded component F:\updated assem\mount goofed muirror.SLDPRT
2025-07-01 18:07:08,688 INFO  CommonSwOperations.cs: 246 - Loading component with PID hB     ???$M o u n t   f o r   g o o f y t h i n g - 1 @ u p d a t e d   a s s e m             5   
2025-07-01 18:07:08,688 INFO  CommonSwOperations.cs: 242 - Successfully loaded component F:\updated assem\Mount for goofything.SLDPRT
2025-07-01 18:07:08,688 INFO  CommonSwOperations.cs: 232 - Loaded 5 components for link dof1
2025-07-01 18:07:08,689 INFO  CommonSwOperations.cs: 224 - Loading SolidWorks components for link1 from F:\updated assem\updated assem.SLDASM
2025-07-01 18:07:08,689 INFO  CommonSwOperations.cs: 246 - Loading component with PID hB     ???C a s i n g - 2 @ u p d a t e d   a s s e m             A   
2025-07-01 18:07:08,689 INFO  CommonSwOperations.cs: 242 - Successfully loaded component F:\updated assem\Casing.SLDPRT
2025-07-01 18:07:08,689 INFO  CommonSwOperations.cs: 246 - Loading component with PID hB     ???,c a s i n g   m i r r o r   m i r o r r   m i r r r r r - 2 @ u p d a t e d   a s s e m             @   
2025-07-01 18:07:08,690 INFO  CommonSwOperations.cs: 242 - Successfully loaded component F:\updated assem\casing mirror mirorr mirrrrr.SLDPRT
2025-07-01 18:07:08,690 INFO  CommonSwOperations.cs: 246 - Loading component with PID hB     ???0 4 m - 1 @ u p d a t e d   a s s e m             2   
2025-07-01 18:07:08,690 INFO  CommonSwOperations.cs: 242 - Successfully loaded component F:\updated assem\04m.SLDPRT
2025-07-01 18:07:08,691 INFO  CommonSwOperations.cs: 246 - Loading component with PID hB     ???$m o t o r   m o u n t   a n d   l i n k - 1 @ u p d a t e d   a s s e m             L   
2025-07-01 18:07:08,691 INFO  CommonSwOperations.cs: 242 - Successfully loaded component F:\updated assem\motor mount and link.SLDPRT
2025-07-01 18:07:08,691 INFO  CommonSwOperations.cs: 246 - Loading component with PID hB     ???&m o t o r   m o u n t   a n d   l i n k   L - 2 @ u p d a t e d   a s s e m             [   
2025-07-01 18:07:08,692 INFO  CommonSwOperations.cs: 242 - Successfully loaded component F:\updated assem\motor mount and link L.SLDPRT
2025-07-01 18:07:08,692 INFO  CommonSwOperations.cs: 246 - Loading component with PID hB     ???&m o t o r   m o u n t   a n d   l i n k   L - 1 @ u p d a t e d   a s s e m             T   
2025-07-01 18:07:08,692 INFO  CommonSwOperations.cs: 242 - Successfully loaded component F:\updated assem\motor mount and link L.SLDPRT
2025-07-01 18:07:08,692 INFO  CommonSwOperations.cs: 246 - Loading component with PID hB     ??? l i n k   f o r   s u p p o r t - 1 @ u p d a t e d   a s s e m             S   
2025-07-01 18:07:08,693 INFO  CommonSwOperations.cs: 242 - Successfully loaded component F:\updated assem\link for support.SLDPRT
2025-07-01 18:07:08,693 INFO  CommonSwOperations.cs: 232 - Loaded 7 components for link link1
2025-07-01 18:07:08,693 INFO  CommonSwOperations.cs: 224 - Loading SolidWorks components for Empty_Link from F:\updated assem\updated assem.SLDASM
2025-07-01 18:07:08,693 INFO  CommonSwOperations.cs: 246 - Loading component with PID hB     ???d i f f   C   s e c t i o n - 2 @ u p d a t e d   a s s e m             d   
2025-07-01 18:07:08,694 INFO  CommonSwOperations.cs: 242 - Successfully loaded component F:\updated assem\diff C section.SLDPRT
2025-07-01 18:07:08,694 INFO  CommonSwOperations.cs: 246 - Loading component with PID hB     ???d i f f   C   s e c t i o n - 1 @ u p d a t e d   a s s e m             R   
2025-07-01 18:07:08,694 INFO  CommonSwOperations.cs: 242 - Successfully loaded component F:\updated assem\diff C section.SLDPRT
2025-07-01 18:07:08,695 INFO  CommonSwOperations.cs: 246 - Loading component with PID hB     ???%d i f f   C   s e c t i o n   I   p a r t - 2 @ u p d a t e d   a s s e m             e   
2025-07-01 18:07:08,695 INFO  CommonSwOperations.cs: 242 - Successfully loaded component F:\updated assem\diff C section I part.SLDPRT
2025-07-01 18:07:08,695 INFO  CommonSwOperations.cs: 246 - Loading component with PID hB     ???%d i f f   C   s e c t i o n   I   p a r t - 1 @ u p d a t e d   a s s e m             Q   
2025-07-01 18:07:08,696 INFO  CommonSwOperations.cs: 242 - Successfully loaded component F:\updated assem\diff C section I part.SLDPRT
2025-07-01 18:07:08,696 INFO  CommonSwOperations.cs: 246 - Loading component with PID hB     ???&1 5 - 3 2 - 9   b e a r i n g   h o l d e r - 1 @ u p d a t e d   a s s e m             z   
2025-07-01 18:07:08,696 INFO  CommonSwOperations.cs: 242 - Successfully loaded component F:\updated assem\15-32-9 bearing holder.SLDPRT
2025-07-01 18:07:08,697 INFO  CommonSwOperations.cs: 232 - Loaded 5 components for link Empty_Link
2025-07-01 18:07:08,697 INFO  CommonSwOperations.cs: 224 - Loading SolidWorks components for Empty_Link from F:\updated assem\updated assem.SLDASM
2025-07-01 18:07:08,697 INFO  CommonSwOperations.cs: 246 - Loading component with PID hB     ???&G r i p p e r   Y P R   C o n n e c t i o n - 1 @ u p d a t e d   a s s e m             {   
2025-07-01 18:07:08,697 INFO  CommonSwOperations.cs: 242 - Successfully loaded component F:\updated assem\Gripper YPR Connection.SLDPRT
2025-07-01 18:07:08,698 INFO  CommonSwOperations.cs: 246 - Loading component with PID hB     ???yg r i p p e r   u p d a t e d _ 5 1 - 1 @ u p d a t e d   a s s e m / g r i p p e r   u p d a t e d _ 5 . S T E P - 1 @ g r i p p e r   u p d a t e d _ 5 1 / f r a m e   g r i p e r . S T E P - 1 @ g r i p p e r   u p d a t e d _ 5 . S T E P             y         
2025-07-01 18:07:08,698 INFO  CommonSwOperations.cs: 242 - Successfully loaded component C:\Temp\swx736\IC~~\frame griper.STEP.SLDPRT
2025-07-01 18:07:08,698 INFO  CommonSwOperations.cs: 246 - Loading component with PID hB     ???d i f f   t o   g r i p p e r - 2 @ u p d a t e d   a s s e m             |   
2025-07-01 18:07:08,736 INFO  CommonSwOperations.cs: 242 - Successfully loaded component F:\updated assem\diff to gripper.SLDPRT
2025-07-01 18:07:08,736 INFO  CommonSwOperations.cs: 246 - Loading component with PID hB     ???yg r i p p e r   u p d a t e d _ 5 1 - 1 @ u p d a t e d   a s s e m / g r i p p e r   u p d a t e d _ 5 . S T E P - 1 @ g r i p p e r   u p d a t e d _ 5 1 / F R A M E   3 ( A L L ) . S T E P - 1 @ g r i p p e r   u p d a t e d _ 5 . S T E P             y         
2025-07-01 18:07:08,737 INFO  CommonSwOperations.cs: 242 - Successfully loaded component C:\Temp\swx736\IC~~\FRAME 3(ALL).STEP.SLDPRT
2025-07-01 18:07:08,737 INFO  CommonSwOperations.cs: 246 - Loading component with PID hB     ???vg r i p p e r   u p d a t e d _ 5 1 - 1 @ u p d a t e d   a s s e m / g r i p p e r   u p d a t e d _ 5 . S T E P - 1 @ g r i p p e r   u p d a t e d _ 5 1 / C L A W ( A L L ) . S T E P - 1 @ g r i p p e r   u p d a t e d _ 5 . S T E P             y         
2025-07-01 18:07:08,737 INFO  CommonSwOperations.cs: 242 - Successfully loaded component C:\Temp\swx736\IC~~\CLAW(ALL).STEP.SLDPRT
2025-07-01 18:07:08,738 INFO  CommonSwOperations.cs: 246 - Loading component with PID hB     ???{g r i p p e r   u p d a t e d _ 5 1 - 1 @ u p d a t e d   a s s e m / g r i p p e r   u p d a t e d _ 5 . S T E P - 1 @ g r i p p e r   u p d a t e d _ 5 1 / L E A D   8 M M   ( A L L ) . S T E P - 1 @ g r i p p e r   u p d a t e d _ 5 . S T E P             y         
2025-07-01 18:07:08,738 INFO  CommonSwOperations.cs: 242 - Successfully loaded component C:\Temp\swx736\IC~~\LEAD 8MM (ALL).STEP.SLDPRT
2025-07-01 18:07:08,738 INFO  CommonSwOperations.cs: 246 - Loading component with PID hB     ????g r i p p e r   u p d a t e d _ 5 1 - 1 @ u p d a t e d   a s s e m / g r i p p e r   u p d a t e d _ 5 . S T E P - 1 @ g r i p p e r   u p d a t e d _ 5 1 / G U I D E   R O D   8 m m   ( A L L ) . S T E P - 1 @ g r i p p e r   u p d a t e d _ 5 . S T E P             y         
2025-07-01 18:07:08,739 INFO  CommonSwOperations.cs: 242 - Successfully loaded component C:\Temp\swx736\IC~~\GUIDE ROD 8mm (ALL).STEP.SLDPRT
2025-07-01 18:07:08,739 INFO  CommonSwOperations.cs: 246 - Loading component with PID hB     ???vg r i p p e r   u p d a t e d _ 5 1 - 1 @ u p d a t e d   a s s e m / g r i p p e r   u p d a t e d _ 5 . S T E P - 1 @ g r i p p e r   u p d a t e d _ 5 1 / N U T   ( A L L ) . S T E P - 1 @ g r i p p e r   u p d a t e d _ 5 . S T E P             y      !   
2025-07-01 18:07:08,739 INFO  CommonSwOperations.cs: 242 - Successfully loaded component C:\Temp\swx736\IC~~\NUT (ALL).STEP.SLDPRT
2025-07-01 18:07:08,740 INFO  CommonSwOperations.cs: 246 - Loading component with PID hB     ????g r i p p e r   u p d a t e d _ 5 1 - 1 @ u p d a t e d   a s s e m / g r i p p e r   u p d a t e d _ 5 . S T E P - 1 @ g r i p p e r   u p d a t e d _ 5 1 / l i n e a r   a c t   s a m p l e   m o d e l ( A L L ) . S T E P - 1 @ g r i p p e r   u p d a t e d _ 5 . S T E P             y         
2025-07-01 18:07:08,740 INFO  CommonSwOperations.cs: 242 - Successfully loaded component C:\Temp\swx736\IC~~\linear act sample model(ALL).STEP.SLDPRT
2025-07-01 18:07:08,740 INFO  CommonSwOperations.cs: 246 - Loading component with PID hB     ????g r i p p e r   u p d a t e d _ 5 1 - 1 @ u p d a t e d   a s s e m / g r i p p e r   u p d a t e d _ 5 . S T E P - 1 @ g r i p p e r   u p d a t e d _ 5 1 / m o t o r   m o u n t   G R I P P E R   A L L . S T E P - 1 @ g r i p p e r   u p d a t e d _ 5 . S T E P             y          
2025-07-01 18:07:08,741 INFO  CommonSwOperations.cs: 242 - Successfully loaded component C:\Temp\swx736\IC~~\motor mount GRIPPER ALL.STEP.SLDPRT
2025-07-01 18:07:08,741 INFO  CommonSwOperations.cs: 246 - Loading component with PID hB     ???yg r i p p e r   u p d a t e d _ 5 1 - 1 @ u p d a t e d   a s s e m / g r i p p e r   u p d a t e d _ 5 . S T E P - 1 @ g r i p p e r   u p d a t e d _ 5 1 / l i m i t   s w i t c h . S T E P - 1 @ g r i p p e r   u p d a t e d _ 5 . S T E P             y      "   
2025-07-01 18:07:08,741 INFO  CommonSwOperations.cs: 242 - Successfully loaded component C:\Temp\swx736\IC~~\limit switch.STEP.SLDPRT
2025-07-01 18:07:08,741 INFO  CommonSwOperations.cs: 246 - Loading component with PID hB     ???~g r i p p e r   u p d a t e d _ 5 1 - 1 @ u p d a t e d   a s s e m / g r i p p e r   u p d a t e d _ 5 . S T E P - 1 @ g r i p p e r   u p d a t e d _ 5 1 / G R I P P E R   A L L   M O T O R . S T E P - 1 @ g r i p p e r   u p d a t e d _ 5 . S T E P             y         
2025-07-01 18:07:08,742 INFO  CommonSwOperations.cs: 242 - Successfully loaded component C:\Temp\swx736\IC~~\GRIPPER ALL MOTOR.STEP.SLDPRT
2025-07-01 18:07:08,742 INFO  CommonSwOperations.cs: 246 - Loading component with PID hB     ????g r i p p e r   u p d a t e d _ 5 1 - 1 @ u p d a t e d   a s s e m / g r i p p e r   u p d a t e d _ 5 . S T E P - 1 @ g r i p p e r   u p d a t e d _ 5 1 / B E A R I N G   1 6 X 8 X 5   ( A L L ) . S T E P - 1 @ g r i p p e r   u p d a t e d _ 5 . S T E P             y      #   
2025-07-01 18:07:08,742 INFO  CommonSwOperations.cs: 242 - Successfully loaded component C:\Temp\swx736\IC~~\BEARING 16X8X5 (ALL).STEP.SLDPRT
2025-07-01 18:07:08,743 INFO  CommonSwOperations.cs: 246 - Loading component with PID hB     ???xg r i p p e r   u p d a t e d _ 5 1 - 1 @ u p d a t e d   a s s e m / g r i p p e r   u p d a t e d _ 5 . S T E P - 1 @ g r i p p e r   u p d a t e d _ 5 1 / c o u p l e r   8 x 5 . S T E P - 1 @ g r i p p e r   u p d a t e d _ 5 . S T E P             y         
2025-07-01 18:07:08,743 INFO  CommonSwOperations.cs: 242 - Successfully loaded component C:\Temp\swx736\IC~~\coupler 8x5.STEP.SLDPRT
2025-07-01 18:07:08,743 INFO  CommonSwOperations.cs: 232 - Loaded 14 components for link Empty_Link
2025-07-01 18:07:08,774 INFO  SwAddin.cs: 345 - Showing property manager
2025-07-01 18:07:19,180 INFO  ?: ? - OnComboboxSelectionChanged called. This method no longer throws an Exception. It just silently does nothing. Ok, except for this logging message
2025-07-01 18:07:33,687 INFO  ?: ? - OnComboboxSelectionChanged called. This method no longer throws an Exception. It just silently does nothing. Ok, except for this logging message
2025-07-01 18:07:54,095 INFO  ?: ? - OnComboboxSelectionChanged called. This method no longer throws an Exception. It just silently does nothing. Ok, except for this logging message
2025-07-01 18:08:21,171 INFO  ?: ? - OnComboboxSelectionChanged called. This method no longer throws an Exception. It just silently does nothing. Ok, except for this logging message
2025-07-01 18:08:35,638 INFO  ?: ? - OnComboboxSelectionChanged called. This method no longer throws an Exception. It just silently does nothing. Ok, except for this logging message
2025-07-01 18:08:49,141 INFO  ?: ? - OnComboboxSelectionChanged called. This method no longer throws an Exception. It just silently does nothing. Ok, except for this logging message
2025-07-01 18:08:52,471 INFO  ?: ? - OnComboboxSelectionChanged called. This method no longer throws an Exception. It just silently does nothing. Ok, except for this logging message
2025-07-01 18:08:56,184 INFO  ExportPropertyManager.cs: 423 - Configuration saved
2025-07-01 18:08:56,189 INFO  ConfigurationSerialization.cs: 278 - URDF Configuration found
<Link z:Id="i1" xmlns="http://schemas.datacontract.org/2004/07/SW2URDF" xmlns:i="http://www.w3.org/2001/XMLSchema-instance" xmlns:z="http://schemas.microsoft.com/2003/10/Serialization/"><Attributes><Attribute z:Id="i2"><AttributeType>name</AttributeType><IsRequired>true</IsRequired><Value i:type="a:string" xmlns:a="http://www.w3.org/2001/XMLSchema">base_link</Value></Attribute></Attributes><ChildElements><URDFElement z:Id="i3" i:type="Inertial"><Attributes/><ChildElements><URDFElement z:Id="i4" i:type="Origin"><Attributes><Attribute z:Id="i5"><AttributeType>xyz</AttributeType><IsRequired>true</IsRequired><Value i:type="a:ArrayOfdouble" xmlns:a="http://schemas.microsoft.com/2003/10/Serialization/Arrays"><a:double>0</a:double><a:double>0</a:double><a:double>0</a:double></Value></Attribute><Attribute z:Id="i6"><AttributeType>rpy</AttributeType><IsRequired>true</IsRequired><Value i:type="a:ArrayOfdouble" xmlns:a="http://schemas.microsoft.com/2003/10/Serialization/Arrays"><a:double>0</a:double><a:double>0</a:double><a:double>0</a:double></Value></Attribute></Attributes><ChildElements/><ElementName>origin</ElementName><required>false</required><RPYAttribute z:Ref="i6"/><XYZAttribute z:Ref="i5"/><isCustomized>false</isCustomized></URDFElement><URDFElement z:Id="i7" i:type="Mass"><Attributes><Attribute z:Id="i8"><AttributeType>value</AttributeType><IsRequired>true</IsRequired><Value i:type="a:double" xmlns:a="http://www.w3.org/2001/XMLSchema">0</Value></Attribute></Attributes><ChildElements/><ElementName>mass</ElementName><required>false</required><ValueAttribute z:Ref="i8"/></URDFElement><URDFElement z:Id="i9" i:type="Inertia"><Attributes><Attribute z:Id="i10"><AttributeType>ixx</AttributeType><IsRequired>true</IsRequired><Value i:type="a:double" xmlns:a="http://www.w3.org/2001/XMLSchema">0</Value></Attribute><Attribute z:Id="i11"><AttributeType>ixy</AttributeType><IsRequired>true</IsRequired><Value i:type="a:double" xmlns:a="http://www.w3.org/2001/XMLSchema">0</Value></Attribute><Attribute z:Id="i12"><AttributeType>ixz</AttributeType><IsRequired>true</IsRequired><Value i:type="a:double" xmlns:a="http://www.w3.org/2001/XMLSchema">0</Value></Attribute><Attribute z:Id="i13"><AttributeType>iyy</AttributeType><IsRequired>true</IsRequired><Value i:type="a:double" xmlns:a="http://www.w3.org/2001/XMLSchema">0</Value></Attribute><Attribute z:Id="i14"><AttributeType>iyz</AttributeType><IsRequired>true</IsRequired><Value i:type="a:double" xmlns:a="http://www.w3.org/2001/XMLSchema">0</Value></Attribute><Attribute z:Id="i15"><AttributeType>izz</AttributeType><IsRequired>true</IsRequired><Value i:type="a:double" xmlns:a="http://www.w3.org/2001/XMLSchema">0</Value></Attribute></Attributes><ChildElements/><ElementName>inertia</ElementName><required>false</required><IxxAttribute z:Ref="i10"/><IxyAttribute z:Ref="i11"/><IxzAttribute z:Ref="i12"/><IyyAttribute z:Ref="i13"/><IyzAttribute z:Ref="i14"/><IzzAttribute z:Ref="i15"/></URDFElement></ChildElements><ElementName>inertial</ElementName><required>false</required><Inertia z:Ref="i9"/><Mass z:Ref="i7"/><Origin z:Ref="i4"/></URDFElement><URDFElement z:Id="i16" i:type="Visual"><Attributes/><ChildElements><URDFElement z:Id="i17" i:type="Origin"><Attributes><Attribute z:Id="i18"><AttributeType>xyz</AttributeType><IsRequired>true</IsRequired><Value i:type="a:ArrayOfdouble" xmlns:a="http://schemas.microsoft.com/2003/10/Serialization/Arrays"><a:double>0</a:double><a:double>0</a:double><a:double>0</a:double></Value></Attribute><Attribute z:Id="i19"><AttributeType>rpy</AttributeType><IsRequired>true</IsRequired><Value i:type="a:ArrayOfdouble" xmlns:a="http://schemas.microsoft.com/2003/10/Serialization/Arrays"><a:double>0</a:double><a:double>0</a:double><a:double>0</a:double></Value></Attribute></Attributes><ChildElements/><ElementName>origin</ElementName><required>false</required><RPYAttribute z:Ref="i19"/><XYZAttribute z:Ref="i18"/><isCustomized>false</isCustomized></URDFElement><URDFElement z:Id="i20" i:type="Geometry"><Attributes/><ChildElements><URDFElement z:Id="i21" i:type="Mesh"><Attributes><Attribute z:Id="i22"><AttributeType>filename</AttributeType><IsRequired>true</IsRequired><Value i:nil="true"/></Attribute></Attributes><ChildElements/><ElementName>mesh</ElementName><required>false</required><FilenameAttribute z:Ref="i22"/></URDFElement></ChildElements><ElementName>geometry</ElementName><required>true</required><Mesh z:Ref="i21"/></URDFElement><URDFElement z:Id="i23" i:type="Material"><Attributes><Attribute z:Id="i24"><AttributeType>name</AttributeType><IsRequired>true</IsRequired><Value i:type="a:string" xmlns:a="http://www.w3.org/2001/XMLSchema"/></Attribute></Attributes><ChildElements><URDFElement z:Id="i25" i:type="Color"><Attributes><Attribute z:Id="i26"><AttributeType>rgba</AttributeType><IsRequired>true</IsRequired><Value i:type="a:ArrayOfdouble" xmlns:a="http://schemas.microsoft.com/2003/10/Serialization/Arrays"><a:double>1</a:double><a:double>1</a:double><a:double>1</a:double><a:double>1</a:double></Value></Attribute></Attributes><ChildElements/><ElementName>color</ElementName><required>false</required><RGBAAttribute z:Ref="i26"/></URDFElement><URDFElement z:Id="i27" i:type="Texture"><Attributes><Attribute z:Id="i28"><AttributeType>filename</AttributeType><IsRequired>true</IsRequired><Value i:nil="true"/></Attribute></Attributes><ChildElements/><ElementName>texture</ElementName><required>false</required><FilenameAttribute z:Ref="i28"/><wFilename/></URDFElement></ChildElements><ElementName>material</ElementName><required>false</required><Color z:Ref="i25"/><NameAttribute z:Ref="i24"/><Texture z:Ref="i27"/></URDFElement></ChildElements><ElementName>visual</ElementName><required>false</required><Geometry z:Ref="i20"/><Material z:Ref="i23"/><Origin z:Ref="i17"/></URDFElement><URDFElement z:Id="i29" i:type="Collision"><Attributes/><ChildElements><URDFElement z:Id="i30" i:type="Origin"><Attributes><Attribute z:Id="i31"><AttributeType>xyz</AttributeType><IsRequired>true</IsRequired><Value i:type="a:ArrayOfdouble" xmlns:a="http://schemas.microsoft.com/2003/10/Serialization/Arrays"><a:double>0</a:double><a:double>0</a:double><a:double>0</a:double></Value></Attribute><Attribute z:Id="i32"><AttributeType>rpy</AttributeType><IsRequired>true</IsRequired><Value i:type="a:ArrayOfdouble" xmlns:a="http://schemas.microsoft.com/2003/10/Serialization/Arrays"><a:double>0</a:double><a:double>0</a:double><a:double>0</a:double></Value></Attribute></Attributes><ChildElements/><ElementName>origin</ElementName><required>false</required><RPYAttribute z:Ref="i32"/><XYZAttribute z:Ref="i31"/><isCustomized>false</isCustomized></URDFElement><URDFElement z:Id="i33" i:type="Geometry"><Attributes/><ChildElements><URDFElement z:Id="i34" i:type="Mesh"><Attributes><Attribute z:Id="i35"><AttributeType>filename</AttributeType><IsRequired>true</IsRequired><Value i:nil="true"/></Attribute></Attributes><ChildElements/><ElementName>mesh</ElementName><required>false</required><FilenameAttribute z:Ref="i35"/></URDFElement></ChildElements><ElementName>geometry</ElementName><required>true</required><Mesh z:Ref="i34"/></URDFElement></ChildElements><ElementName>collision</ElementName><required>false</required><Geometry z:Ref="i33"/><Origin z:Ref="i30"/></URDFElement><URDFElement z:Id="i36" i:type="Joint"><Attributes><Attribute z:Id="i37"><AttributeType>name</AttributeType><IsRequired>true</IsRequired><Value i:type="a:string" xmlns:a="http://www.w3.org/2001/XMLSchema"/></Attribute><Attribute z:Id="i38"><AttributeType>type</AttributeType><IsRequired>true</IsRequired><Value i:type="a:string" xmlns:a="http://www.w3.org/2001/XMLSchema"/></Attribute></Attributes><ChildElements><URDFElement z:Id="i39" i:type="Origin"><Attributes><Attribute z:Id="i40"><AttributeType>xyz</AttributeType><IsRequired>true</IsRequired><Value i:type="a:ArrayOfdouble" xmlns:a="http://schemas.microsoft.com/2003/10/Serialization/Arrays"><a:double>0</a:double><a:double>0</a:double><a:double>0</a:double></Value></Attribute><Attribute z:Id="i41"><AttributeType>rpy</AttributeType><IsRequired>true</IsRequired><Value i:type="a:ArrayOfdouble" xmlns:a="http://schemas.microsoft.com/2003/10/Serialization/Arrays"><a:double>0</a:double><a:double>0</a:double><a:double>0</a:double></Value></Attribute></Attributes><ChildElements/><ElementName>origin</ElementName><required>false</required><RPYAttribute z:Ref="i41"/><XYZAttribute z:Ref="i40"/><isCustomized>false</isCustomized></URDFElement><URDFElement z:Id="i42" i:type="ParentLink"><Attributes><Attribute z:Id="i43"><AttributeType>link</AttributeType><IsRequired>true</IsRequired><Value i:type="a:string" xmlns:a="http://www.w3.org/2001/XMLSchema"/></Attribute></Attributes><ChildElements/><ElementName>parent</ElementName><required>true</required><NameAttribute z:Ref="i43"/></URDFElement><URDFElement z:Id="i44" i:type="ChildLink"><Attributes><Attribute z:Id="i45"><AttributeType>link</AttributeType><IsRequired>true</IsRequired><Value i:type="a:string" xmlns:a="http://www.w3.org/2001/XMLSchema"/></Attribute></Attributes><ChildElements/><ElementName>child</ElementName><required>true</required><NameAttribute z:Ref="i45"/></URDFElement><URDFElement z:Id="i46" i:type="Axis"><Attributes><Attribute z:Id="i47"><AttributeType>xyz</AttributeType><IsRequired>true</IsRequired><Value i:type="a:ArrayOfdouble" xmlns:a="http://schemas.microsoft.com/2003/10/Serialization/Arrays"><a:double>0</a:double><a:double>0</a:double><a:double>0</a:double></Value></Attribute></Attributes><ChildElements/><ElementName>axis</ElementName><required>false</required><XYZAttribute z:Ref="i47"/></URDFElement><URDFElement z:Id="i48" i:type="Limit"><Attributes><Attribute z:Id="i49"><AttributeType>lower</AttributeType><IsRequired>false</IsRequired><Value i:nil="true"/></Attribute><Attribute z:Id="i50"><AttributeType>upper</AttributeType><IsRequired>false</IsRequired><Value i:nil="true"/></Attribute><Attribute z:Id="i51"><AttributeType>effort</AttributeType><IsRequired>true</IsRequired><Value i:nil="true"/></Attribute><Attribute z:Id="i52"><AttributeType>velocity</AttributeType><IsRequired>true</IsRequired><Value i:nil="true"/></Attribute></Attributes><ChildElements/><ElementName>limit</ElementName><required>false</required><EffortAttribute z:Ref="i51"/><LowerAttribute z:Ref="i49"/><UpperAttribute z:Ref="i50"/><VelocityAttribute z:Ref="i52"/></URDFElement><URDFElement z:Id="i53" i:type="Calibration"><Attributes><Attribute z:Id="i54"><AttributeType>rising</AttributeType><IsRequired>false</IsRequired><Value i:nil="true"/></Attribute><Attribute z:Id="i55"><AttributeType>falling</AttributeType><IsRequired>false</IsRequired><Value i:nil="true"/></Attribute></Attributes><ChildElements/><ElementName>calibration</ElementName><required>false</required><FallingAttribute z:Ref="i55"/><RisingAttribute z:Ref="i54"/></URDFElement><URDFElement z:Id="i56" i:type="Dynamics"><Attributes><Attribute z:Id="i57"><AttributeType>damping</AttributeType><IsRequired>false</IsRequired><Value i:nil="true"/></Attribute><Attribute z:Id="i58"><AttributeType>friction</AttributeType><IsRequired>false</IsRequired><Value i:nil="true"/></Attribute></Attributes><ChildElements/><ElementName>dynamics</ElementName><required>false</required><DampingAttribute z:Ref="i57"/><FrictionAttribute z:Ref="i58"/></URDFElement><URDFElement z:Id="i59" i:type="SafetyController"><Attributes><Attribute z:Id="i60"><AttributeType>soft_upper_limit</AttributeType><IsRequired>false</IsRequired><Value i:nil="true"/></Attribute><Attribute z:Id="i61"><AttributeType>soft_lower_limit</AttributeType><IsRequired>false</IsRequired><Value i:nil="true"/></Attribute><Attribute z:Id="i62"><AttributeType>k_position</AttributeType><IsRequired>false</IsRequired><Value i:nil="true"/></Attribute><Attribute z:Id="i63"><AttributeType>k_velocity</AttributeType><IsRequired>true</IsRequired><Value i:nil="true"/></Attribute></Attributes><ChildElements/><ElementName>safety_controller</ElementName><required>false</required><KPositionAttribute z:Ref="i62"/><KVelocityAttribute z:Ref="i63"/><SoftLowerAttribute z:Ref="i61"/><SoftUpperAttribute z:Ref="i60"/></URDFElement><URDFElement z:Id="i64" i:type="Mimic"><Attributes><Attribute z:Id="i65"><AttributeType>joint</AttributeType><IsRequired>true</IsRequired><Value i:nil="true"/></Attribute><Attribute z:Id="i66"><AttributeType>multiplier</AttributeType><IsRequired>false</IsRequired><Value i:nil="true"/></Attribute><Attribute z:Id="i67"><AttributeType>offset</AttributeType><IsRequired>false</IsRequired><Value i:nil="true"/></Attribute></Attributes><ChildElements/><ElementName>mimic</ElementName><required>false</required><JointNameAttribute z:Ref="i65"/><MultiplierAttribute z:Ref="i66"/><OffsetAttribute z:Ref="i67"/></URDFElement></ChildElements><ElementName>joint</ElementName><required>false</required><Axis z:Ref="i46"/><AxisName/><Calibration z:Ref="i53"/><Child z:Ref="i44"/><CoordinateSystemName>Automatically Generate</CoordinateSystemName><Dynamics z:Ref="i56"/><Limit z:Ref="i48"/><Mimic z:Ref="i64"/><NameAttribute z:Ref="i37"/><Origin z:Ref="i39"/><Parent z:Ref="i42"/><Safety z:Ref="i59"/><TypeAttribute z:Ref="i38"/></URDFElement></ChildElements><ElementName>link</ElementName><required>true</required><Children><Link z:Id="i68"><Attributes><Attribute z:Id="i69"><AttributeType>name</AttributeType><IsRequired>true</IsRequired><Value i:type="a:string" xmlns:a="http://www.w3.org/2001/XMLSchema">dof1</Value></Attribute></Attributes><ChildElements><URDFElement z:Id="i70" i:type="Inertial"><Attributes/><ChildElements><URDFElement z:Id="i71" i:type="Origin"><Attributes><Attribute z:Id="i72"><AttributeType>xyz</AttributeType><IsRequired>true</IsRequired><Value i:type="a:ArrayOfdouble" xmlns:a="http://schemas.microsoft.com/2003/10/Serialization/Arrays"><a:double>0</a:double><a:double>0</a:double><a:double>0</a:double></Value></Attribute><Attribute z:Id="i73"><AttributeType>rpy</AttributeType><IsRequired>true</IsRequired><Value i:type="a:ArrayOfdouble" xmlns:a="http://schemas.microsoft.com/2003/10/Serialization/Arrays"><a:double>0</a:double><a:double>0</a:double><a:double>0</a:double></Value></Attribute></Attributes><ChildElements/><ElementName>origin</ElementName><required>false</required><RPYAttribute z:Ref="i73"/><XYZAttribute z:Ref="i72"/><isCustomized>false</isCustomized></URDFElement><URDFElement z:Id="i74" i:type="Mass"><Attributes><Attribute z:Id="i75"><AttributeType>value</AttributeType><IsRequired>true</IsRequired><Value i:type="a:double" xmlns:a="http://www.w3.org/2001/XMLSchema">0</Value></Attribute></Attributes><ChildElements/><ElementName>mass</ElementName><required>false</required><ValueAttribute z:Ref="i75"/></URDFElement><URDFElement z:Id="i76" i:type="Inertia"><Attributes><Attribute z:Id="i77"><AttributeType>ixx</AttributeType><IsRequired>true</IsRequired><Value i:type="a:double" xmlns:a="http://www.w3.org/2001/XMLSchema">0</Value></Attribute><Attribute z:Id="i78"><AttributeType>ixy</AttributeType><IsRequired>true</IsRequired><Value i:type="a:double" xmlns:a="http://www.w3.org/2001/XMLSchema">0</Value></Attribute><Attribute z:Id="i79"><AttributeType>ixz</AttributeType><IsRequired>true</IsRequired><Value i:type="a:double" xmlns:a="http://www.w3.org/2001/XMLSchema">0</Value></Attribute><Attribute z:Id="i80"><AttributeType>iyy</AttributeType><IsRequired>true</IsRequired><Value i:type="a:double" xmlns:a="http://www.w3.org/2001/XMLSchema">0</Value></Attribute><Attribute z:Id="i81"><AttributeType>iyz</AttributeType><IsRequired>true</IsRequired><Value i:type="a:double" xmlns:a="http://www.w3.org/2001/XMLSchema">0</Value></Attribute><Attribute z:Id="i82"><AttributeType>izz</AttributeType><IsRequired>true</IsRequired><Value i:type="a:double" xmlns:a="http://www.w3.org/2001/XMLSchema">0</Value></Attribute></Attributes><ChildElements/><ElementName>inertia</ElementName><required>false</required><IxxAttribute z:Ref="i77"/><IxyAttribute z:Ref="i78"/><IxzAttribute z:Ref="i79"/><IyyAttribute z:Ref="i80"/><IyzAttribute z:Ref="i81"/><IzzAttribute z:Ref="i82"/></URDFElement></ChildElements><ElementName>inertial</ElementName><required>false</required><Inertia z:Ref="i76"/><Mass z:Ref="i74"/><Origin z:Ref="i71"/></URDFElement><URDFElement z:Id="i83" i:type="Visual"><Attributes/><ChildElements><URDFElement z:Id="i84" i:type="Origin"><Attributes><Attribute z:Id="i85"><AttributeType>xyz</AttributeType><IsRequired>true</IsRequired><Value i:type="a:ArrayOfdouble" xmlns:a="http://schemas.microsoft.com/2003/10/Serialization/Arrays"><a:double>0</a:double><a:double>0</a:double><a:double>0</a:double></Value></Attribute><Attribute z:Id="i86"><AttributeType>rpy</AttributeType><IsRequired>true</IsRequired><Value i:type="a:ArrayOfdouble" xmlns:a="http://schemas.microsoft.com/2003/10/Serialization/Arrays"><a:double>0</a:double><a:double>0</a:double><a:double>0</a:double></Value></Attribute></Attributes><ChildElements/><ElementName>origin</ElementName><required>false</required><RPYAttribute z:Ref="i86"/><XYZAttribute z:Ref="i85"/><isCustomized>false</isCustomized></URDFElement><URDFElement z:Id="i87" i:type="Geometry"><Attributes/><ChildElements><URDFElement z:Id="i88" i:type="Mesh"><Attributes><Attribute z:Id="i89"><AttributeType>filename</AttributeType><IsRequired>true</IsRequired><Value i:nil="true"/></Attribute></Attributes><ChildElements/><ElementName>mesh</ElementName><required>false</required><FilenameAttribute z:Ref="i89"/></URDFElement></ChildElements><ElementName>geometry</ElementName><required>true</required><Mesh z:Ref="i88"/></URDFElement><URDFElement z:Id="i90" i:type="Material"><Attributes><Attribute z:Id="i91"><AttributeType>name</AttributeType><IsRequired>true</IsRequired><Value i:type="a:string" xmlns:a="http://www.w3.org/2001/XMLSchema"/></Attribute></Attributes><ChildElements><URDFElement z:Id="i92" i:type="Color"><Attributes><Attribute z:Id="i93"><AttributeType>rgba</AttributeType><IsRequired>true</IsRequired><Value i:type="a:ArrayOfdouble" xmlns:a="http://schemas.microsoft.com/2003/10/Serialization/Arrays"><a:double>1</a:double><a:double>1</a:double><a:double>1</a:double><a:double>1</a:double></Value></Attribute></Attributes><ChildElements/><ElementName>color</ElementName><required>false</required><RGBAAttribute z:Ref="i93"/></URDFElement><URDFElement z:Id="i94" i:type="Texture"><Attributes><Attribute z:Id="i95"><AttributeType>filename</AttributeType><IsRequired>true</IsRequired><Value i:nil="true"/></Attribute></Attributes><ChildElements/><ElementName>texture</ElementName><required>false</required><FilenameAttribute z:Ref="i95"/><wFilename/></URDFElement></ChildElements><ElementName>material</ElementName><required>false</required><Color z:Ref="i92"/><NameAttribute z:Ref="i91"/><Texture z:Ref="i94"/></URDFElement></ChildElements><ElementName>visual</ElementName><required>false</required><Geometry z:Ref="i87"/><Material z:Ref="i90"/><Origin z:Ref="i84"/></URDFElement><URDFElement z:Id="i96" i:type="Collision"><Attributes/><ChildElements><URDFElement z:Id="i97" i:type="Origin"><Attributes><Attribute z:Id="i98"><AttributeType>xyz</AttributeType><IsRequired>true</IsRequired><Value i:type="a:ArrayOfdouble" xmlns:a="http://schemas.microsoft.com/2003/10/Serialization/Arrays"><a:double>0</a:double><a:double>0</a:double><a:double>0</a:double></Value></Attribute><Attribute z:Id="i99"><AttributeType>rpy</AttributeType><IsRequired>true</IsRequired><Value i:type="a:ArrayOfdouble" xmlns:a="http://schemas.microsoft.com/2003/10/Serialization/Arrays"><a:double>0</a:double><a:double>0</a:double><a:double>0</a:double></Value></Attribute></Attributes><ChildElements/><ElementName>origin</ElementName><required>false</required><RPYAttribute z:Ref="i99"/><XYZAttribute z:Ref="i98"/><isCustomized>false</isCustomized></URDFElement><URDFElement z:Id="i100" i:type="Geometry"><Attributes/><ChildElements><URDFElement z:Id="i101" i:type="Mesh"><Attributes><Attribute z:Id="i102"><AttributeType>filename</AttributeType><IsRequired>true</IsRequired><Value i:nil="true"/></Attribute></Attributes><ChildElements/><ElementName>mesh</ElementName><required>false</required><FilenameAttribute z:Ref="i102"/></URDFElement></ChildElements><ElementName>geometry</ElementName><required>true</required><Mesh z:Ref="i101"/></URDFElement></ChildElements><ElementName>collision</ElementName><required>false</required><Geometry z:Ref="i100"/><Origin z:Ref="i97"/></URDFElement><URDFElement z:Id="i103" i:type="Joint"><Attributes><Attribute z:Id="i104"><AttributeType>name</AttributeType><IsRequired>true</IsRequired><Value i:type="a:string" xmlns:a="http://www.w3.org/2001/XMLSchema">dof1</Value></Attribute><Attribute z:Id="i105"><AttributeType>type</AttributeType><IsRequired>true</IsRequired><Value i:type="a:string" xmlns:a="http://www.w3.org/2001/XMLSchema">revolute</Value></Attribute></Attributes><ChildElements><URDFElement z:Id="i106" i:type="Origin"><Attributes><Attribute z:Id="i107"><AttributeType>xyz</AttributeType><IsRequired>true</IsRequired><Value i:type="a:ArrayOfdouble" xmlns:a="http://schemas.microsoft.com/2003/10/Serialization/Arrays"><a:double>0</a:double><a:double>0</a:double><a:double>0</a:double></Value></Attribute><Attribute z:Id="i108"><AttributeType>rpy</AttributeType><IsRequired>true</IsRequired><Value i:type="a:ArrayOfdouble" xmlns:a="http://schemas.microsoft.com/2003/10/Serialization/Arrays"><a:double>0</a:double><a:double>0</a:double><a:double>0</a:double></Value></Attribute></Attributes><ChildElements/><ElementName>origin</ElementName><required>false</required><RPYAttribute z:Ref="i108"/><XYZAttribute z:Ref="i107"/><isCustomized>false</isCustomized></URDFElement><URDFElement z:Id="i109" i:type="ParentLink"><Attributes><Attribute z:Id="i110"><AttributeType>link</AttributeType><IsRequired>true</IsRequired><Value i:type="a:string" xmlns:a="http://www.w3.org/2001/XMLSchema"/></Attribute></Attributes><ChildElements/><ElementName>parent</ElementName><required>true</required><NameAttribute z:Ref="i110"/></URDFElement><URDFElement z:Id="i111" i:type="ChildLink"><Attributes><Attribute z:Id="i112"><AttributeType>link</AttributeType><IsRequired>true</IsRequired><Value i:type="a:string" xmlns:a="http://www.w3.org/2001/XMLSchema"/></Attribute></Attributes><ChildElements/><ElementName>child</ElementName><required>true</required><NameAttribute z:Ref="i112"/></URDFElement><URDFElement z:Id="i113" i:type="Axis"><Attributes><Attribute z:Id="i114"><AttributeType>xyz</AttributeType><IsRequired>true</IsRequired><Value i:type="a:ArrayOfdouble" xmlns:a="http://schemas.microsoft.com/2003/10/Serialization/Arrays"><a:double>0</a:double><a:double>0</a:double><a:double>0</a:double></Value></Attribute></Attributes><ChildElements/><ElementName>axis</ElementName><required>false</required><XYZAttribute z:Ref="i114"/></URDFElement><URDFElement z:Id="i115" i:type="Limit"><Attributes><Attribute z:Id="i116"><AttributeType>lower</AttributeType><IsRequired>true</IsRequired><Value i:nil="true"/></Attribute><Attribute z:Id="i117"><AttributeType>upper</AttributeType><IsRequired>true</IsRequired><Value i:nil="true"/></Attribute><Attribute z:Id="i118"><AttributeType>effort</AttributeType><IsRequired>true</IsRequired><Value i:nil="true"/></Attribute><Attribute z:Id="i119"><AttributeType>velocity</AttributeType><IsRequired>true</IsRequired><Value i:nil="true"/></Attribute></Attributes><ChildElements/><ElementName>limit</ElementName><required>true</required><EffortAttribute z:Ref="i118"/><LowerAttribute z:Ref="i116"/><UpperAttribute z:Ref="i117"/><VelocityAttribute z:Ref="i119"/></URDFElement><URDFElement z:Id="i120" i:type="Calibration"><Attributes><Attribute z:Id="i121"><AttributeType>rising</AttributeType><IsRequired>false</IsRequired><Value i:nil="true"/></Attribute><Attribute z:Id="i122"><AttributeType>falling</AttributeType><IsRequired>false</IsRequired><Value i:nil="true"/></Attribute></Attributes><ChildElements/><ElementName>calibration</ElementName><required>false</required><FallingAttribute z:Ref="i122"/><RisingAttribute z:Ref="i121"/></URDFElement><URDFElement z:Id="i123" i:type="Dynamics"><Attributes><Attribute z:Id="i124"><AttributeType>damping</AttributeType><IsRequired>false</IsRequired><Value i:nil="true"/></Attribute><Attribute z:Id="i125"><AttributeType>friction</AttributeType><IsRequired>false</IsRequired><Value i:nil="true"/></Attribute></Attributes><ChildElements/><ElementName>dynamics</ElementName><required>false</required><DampingAttribute z:Ref="i124"/><FrictionAttribute z:Ref="i125"/></URDFElement><URDFElement z:Id="i126" i:type="SafetyController"><Attributes><Attribute z:Id="i127"><AttributeType>soft_upper_limit</AttributeType><IsRequired>false</IsRequired><Value i:nil="true"/></Attribute><Attribute z:Id="i128"><AttributeType>soft_lower_limit</AttributeType><IsRequired>false</IsRequired><Value i:nil="true"/></Attribute><Attribute z:Id="i129"><AttributeType>k_position</AttributeType><IsRequired>false</IsRequired><Value i:nil="true"/></Attribute><Attribute z:Id="i130"><AttributeType>k_velocity</AttributeType><IsRequired>true</IsRequired><Value i:nil="true"/></Attribute></Attributes><ChildElements/><ElementName>safety_controller</ElementName><required>false</required><KPositionAttribute z:Ref="i129"/><KVelocityAttribute z:Ref="i130"/><SoftLowerAttribute z:Ref="i128"/><SoftUpperAttribute z:Ref="i127"/></URDFElement><URDFElement z:Id="i131" i:type="Mimic"><Attributes><Attribute z:Id="i132"><AttributeType>joint</AttributeType><IsRequired>true</IsRequired><Value i:nil="true"/></Attribute><Attribute z:Id="i133"><AttributeType>multiplier</AttributeType><IsRequired>false</IsRequired><Value i:nil="true"/></Attribute><Attribute z:Id="i134"><AttributeType>offset</AttributeType><IsRequired>false</IsRequired><Value i:nil="true"/></Attribute></Attributes><ChildElements/><ElementName>mimic</ElementName><required>false</required><JointNameAttribute z:Ref="i132"/><MultiplierAttribute z:Ref="i133"/><OffsetAttribute z:Ref="i134"/></URDFElement></ChildElements><ElementName>joint</ElementName><required>false</required><Axis z:Ref="i113"/><AxisName>Automatically Generate</AxisName><Calibration z:Ref="i120"/><Child z:Ref="i111"/><CoordinateSystemName>Automatically Generate</CoordinateSystemName><Dynamics z:Ref="i123"/><Limit z:Ref="i115"/><Mimic z:Ref="i131"/><NameAttribute z:Ref="i104"/><Origin z:Ref="i106"/><Parent z:Ref="i109"/><Safety z:Ref="i126"/><TypeAttribute z:Ref="i105"/></URDFElement></ChildElements><ElementName>link</ElementName><required>true</required><Children><Link z:Id="i135"><Attributes><Attribute z:Id="i136"><AttributeType>name</AttributeType><IsRequired>true</IsRequired><Value i:type="a:string" xmlns:a="http://www.w3.org/2001/XMLSchema">link1</Value></Attribute></Attributes><ChildElements><URDFElement z:Id="i137" i:type="Inertial"><Attributes/><ChildElements><URDFElement z:Id="i138" i:type="Origin"><Attributes><Attribute z:Id="i139"><AttributeType>xyz</AttributeType><IsRequired>true</IsRequired><Value i:type="a:ArrayOfdouble" xmlns:a="http://schemas.microsoft.com/2003/10/Serialization/Arrays"><a:double>0</a:double><a:double>0</a:double><a:double>0</a:double></Value></Attribute><Attribute z:Id="i140"><AttributeType>rpy</AttributeType><IsRequired>true</IsRequired><Value i:type="a:ArrayOfdouble" xmlns:a="http://schemas.microsoft.com/2003/10/Serialization/Arrays"><a:double>0</a:double><a:double>0</a:double><a:double>0</a:double></Value></Attribute></Attributes><ChildElements/><ElementName>origin</ElementName><required>false</required><RPYAttribute z:Ref="i140"/><XYZAttribute z:Ref="i139"/><isCustomized>false</isCustomized></URDFElement><URDFElement z:Id="i141" i:type="Mass"><Attributes><Attribute z:Id="i142"><AttributeType>value</AttributeType><IsRequired>true</IsRequired><Value i:type="a:double" xmlns:a="http://www.w3.org/2001/XMLSchema">0</Value></Attribute></Attributes><ChildElements/><ElementName>mass</ElementName><required>false</required><ValueAttribute z:Ref="i142"/></URDFElement><URDFElement z:Id="i143" i:type="Inertia"><Attributes><Attribute z:Id="i144"><AttributeType>ixx</AttributeType><IsRequired>true</IsRequired><Value i:type="a:double" xmlns:a="http://www.w3.org/2001/XMLSchema">0</Value></Attribute><Attribute z:Id="i145"><AttributeType>ixy</AttributeType><IsRequired>true</IsRequired><Value i:type="a:double" xmlns:a="http://www.w3.org/2001/XMLSchema">0</Value></Attribute><Attribute z:Id="i146"><AttributeType>ixz</AttributeType><IsRequired>true</IsRequired><Value i:type="a:double" xmlns:a="http://www.w3.org/2001/XMLSchema">0</Value></Attribute><Attribute z:Id="i147"><AttributeType>iyy</AttributeType><IsRequired>true</IsRequired><Value i:type="a:double" xmlns:a="http://www.w3.org/2001/XMLSchema">0</Value></Attribute><Attribute z:Id="i148"><AttributeType>iyz</AttributeType><IsRequired>true</IsRequired><Value i:type="a:double" xmlns:a="http://www.w3.org/2001/XMLSchema">0</Value></Attribute><Attribute z:Id="i149"><AttributeType>izz</AttributeType><IsRequired>true</IsRequired><Value i:type="a:double" xmlns:a="http://www.w3.org/2001/XMLSchema">0</Value></Attribute></Attributes><ChildElements/><ElementName>inertia</ElementName><required>false</required><IxxAttribute z:Ref="i144"/><IxyAttribute z:Ref="i145"/><IxzAttribute z:Ref="i146"/><IyyAttribute z:Ref="i147"/><IyzAttribute z:Ref="i148"/><IzzAttribute z:Ref="i149"/></URDFElement></ChildElements><ElementName>inertial</ElementName><required>false</required><Inertia z:Ref="i143"/><Mass z:Ref="i141"/><Origin z:Ref="i138"/></URDFElement><URDFElement z:Id="i150" i:type="Visual"><Attributes/><ChildElements><URDFElement z:Id="i151" i:type="Origin"><Attributes><Attribute z:Id="i152"><AttributeType>xyz</AttributeType><IsRequired>true</IsRequired><Value i:type="a:ArrayOfdouble" xmlns:a="http://schemas.microsoft.com/2003/10/Serialization/Arrays"><a:double>0</a:double><a:double>0</a:double><a:double>0</a:double></Value></Attribute><Attribute z:Id="i153"><AttributeType>rpy</AttributeType><IsRequired>true</IsRequired><Value i:type="a:ArrayOfdouble" xmlns:a="http://schemas.microsoft.com/2003/10/Serialization/Arrays"><a:double>0</a:double><a:double>0</a:double><a:double>0</a:double></Value></Attribute></Attributes><ChildElements/><ElementName>origin</ElementName><required>false</required><RPYAttribute z:Ref="i153"/><XYZAttribute z:Ref="i152"/><isCustomized>false</isCustomized></URDFElement><URDFElement z:Id="i154" i:type="Geometry"><Attributes/><ChildElements><URDFElement z:Id="i155" i:type="Mesh"><Attributes><Attribute z:Id="i156"><AttributeType>filename</AttributeType><IsRequired>true</IsRequired><Value i:nil="true"/></Attribute></Attributes><ChildElements/><ElementName>mesh</ElementName><required>false</required><FilenameAttribute z:Ref="i156"/></URDFElement></ChildElements><ElementName>geometry</ElementName><required>true</required><Mesh z:Ref="i155"/></URDFElement><URDFElement z:Id="i157" i:type="Material"><Attributes><Attribute z:Id="i158"><AttributeType>name</AttributeType><IsRequired>true</IsRequired><Value i:type="a:string" xmlns:a="http://www.w3.org/2001/XMLSchema"/></Attribute></Attributes><ChildElements><URDFElement z:Id="i159" i:type="Color"><Attributes><Attribute z:Id="i160"><AttributeType>rgba</AttributeType><IsRequired>true</IsRequired><Value i:type="a:ArrayOfdouble" xmlns:a="http://schemas.microsoft.com/2003/10/Serialization/Arrays"><a:double>1</a:double><a:double>1</a:double><a:double>1</a:double><a:double>1</a:double></Value></Attribute></Attributes><ChildElements/><ElementName>color</ElementName><required>false</required><RGBAAttribute z:Ref="i160"/></URDFElement><URDFElement z:Id="i161" i:type="Texture"><Attributes><Attribute z:Id="i162"><AttributeType>filename</AttributeType><IsRequired>true</IsRequired><Value i:nil="true"/></Attribute></Attributes><ChildElements/><ElementName>texture</ElementName><required>false</required><FilenameAttribute z:Ref="i162"/><wFilename/></URDFElement></ChildElements><ElementName>material</ElementName><required>false</required><Color z:Ref="i159"/><NameAttribute z:Ref="i158"/><Texture z:Ref="i161"/></URDFElement></ChildElements><ElementName>visual</ElementName><required>false</required><Geometry z:Ref="i154"/><Material z:Ref="i157"/><Origin z:Ref="i151"/></URDFElement><URDFElement z:Id="i163" i:type="Collision"><Attributes/><ChildElements><URDFElement z:Id="i164" i:type="Origin"><Attributes><Attribute z:Id="i165"><AttributeType>xyz</AttributeType><IsRequired>true</IsRequired><Value i:type="a:ArrayOfdouble" xmlns:a="http://schemas.microsoft.com/2003/10/Serialization/Arrays"><a:double>0</a:double><a:double>0</a:double><a:double>0</a:double></Value></Attribute><Attribute z:Id="i166"><AttributeType>rpy</AttributeType><IsRequired>true</IsRequired><Value i:type="a:ArrayOfdouble" xmlns:a="http://schemas.microsoft.com/2003/10/Serialization/Arrays"><a:double>0</a:double><a:double>0</a:double><a:double>0</a:double></Value></Attribute></Attributes><ChildElements/><ElementName>origin</ElementName><required>false</required><RPYAttribute z:Ref="i166"/><XYZAttribute z:Ref="i165"/><isCustomized>false</isCustomized></URDFElement><URDFElement z:Id="i167" i:type="Geometry"><Attributes/><ChildElements><URDFElement z:Id="i168" i:type="Mesh"><Attributes><Attribute z:Id="i169"><AttributeType>filename</AttributeType><IsRequired>true</IsRequired><Value i:nil="true"/></Attribute></Attributes><ChildElements/><ElementName>mesh</ElementName><required>false</required><FilenameAttribute z:Ref="i169"/></URDFElement></ChildElements><ElementName>geometry</ElementName><required>true</required><Mesh z:Ref="i168"/></URDFElement></ChildElements><ElementName>collision</ElementName><required>false</required><Geometry z:Ref="i167"/><Origin z:Ref="i164"/></URDFElement><URDFElement z:Id="i170" i:type="Joint"><Attributes><Attribute z:Id="i171"><AttributeType>name</AttributeType><IsRequired>true</IsRequired><Value i:type="a:string" xmlns:a="http://www.w3.org/2001/XMLSchema">link1</Value></Attribute><Attribute z:Id="i172"><AttributeType>type</AttributeType><IsRequired>true</IsRequired><Value i:type="a:string" xmlns:a="http://www.w3.org/2001/XMLSchema">revolute</Value></Attribute></Attributes><ChildElements><URDFElement z:Id="i173" i:type="Origin"><Attributes><Attribute z:Id="i174"><AttributeType>xyz</AttributeType><IsRequired>true</IsRequired><Value i:type="a:ArrayOfdouble" xmlns:a="http://schemas.microsoft.com/2003/10/Serialization/Arrays"><a:double>0</a:double><a:double>0</a:double><a:double>0</a:double></Value></Attribute><Attribute z:Id="i175"><AttributeType>rpy</AttributeType><IsRequired>true</IsRequired><Value i:type="a:ArrayOfdouble" xmlns:a="http://schemas.microsoft.com/2003/10/Serialization/Arrays"><a:double>0</a:double><a:double>0</a:double><a:double>0</a:double></Value></Attribute></Attributes><ChildElements/><ElementName>origin</ElementName><required>false</required><RPYAttribute z:Ref="i175"/><XYZAttribute z:Ref="i174"/><isCustomized>false</isCustomized></URDFElement><URDFElement z:Id="i176" i:type="ParentLink"><Attributes><Attribute z:Id="i177"><AttributeType>link</AttributeType><IsRequired>true</IsRequired><Value i:type="a:string" xmlns:a="http://www.w3.org/2001/XMLSchema"/></Attribute></Attributes><ChildElements/><ElementName>parent</ElementName><required>true</required><NameAttribute z:Ref="i177"/></URDFElement><URDFElement z:Id="i178" i:type="ChildLink"><Attributes><Attribute z:Id="i179"><AttributeType>link</AttributeType><IsRequired>true</IsRequired><Value i:type="a:string" xmlns:a="http://www.w3.org/2001/XMLSchema"/></Attribute></Attributes><ChildElements/><ElementName>child</ElementName><required>true</required><NameAttribute z:Ref="i179"/></URDFElement><URDFElement z:Id="i180" i:type="Axis"><Attributes><Attribute z:Id="i181"><AttributeType>xyz</AttributeType><IsRequired>true</IsRequired><Value i:type="a:ArrayOfdouble" xmlns:a="http://schemas.microsoft.com/2003/10/Serialization/Arrays"><a:double>0</a:double><a:double>0</a:double><a:double>0</a:double></Value></Attribute></Attributes><ChildElements/><ElementName>axis</ElementName><required>false</required><XYZAttribute z:Ref="i181"/></URDFElement><URDFElement z:Id="i182" i:type="Limit"><Attributes><Attribute z:Id="i183"><AttributeType>lower</AttributeType><IsRequired>false</IsRequired><Value i:nil="true"/></Attribute><Attribute z:Id="i184"><AttributeType>upper</AttributeType><IsRequired>false</IsRequired><Value i:nil="true"/></Attribute><Attribute z:Id="i185"><AttributeType>effort</AttributeType><IsRequired>true</IsRequired><Value i:nil="true"/></Attribute><Attribute z:Id="i186"><AttributeType>velocity</AttributeType><IsRequired>true</IsRequired><Value i:nil="true"/></Attribute></Attributes><ChildElements/><ElementName>limit</ElementName><required>false</required><EffortAttribute z:Ref="i185"/><LowerAttribute z:Ref="i183"/><UpperAttribute z:Ref="i184"/><VelocityAttribute z:Ref="i186"/></URDFElement><URDFElement z:Id="i187" i:type="Calibration"><Attributes><Attribute z:Id="i188"><AttributeType>rising</AttributeType><IsRequired>false</IsRequired><Value i:nil="true"/></Attribute><Attribute z:Id="i189"><AttributeType>falling</AttributeType><IsRequired>false</IsRequired><Value i:nil="true"/></Attribute></Attributes><ChildElements/><ElementName>calibration</ElementName><required>false</required><FallingAttribute z:Ref="i189"/><RisingAttribute z:Ref="i188"/></URDFElement><URDFElement z:Id="i190" i:type="Dynamics"><Attributes><Attribute z:Id="i191"><AttributeType>damping</AttributeType><IsRequired>false</IsRequired><Value i:nil="true"/></Attribute><Attribute z:Id="i192"><AttributeType>friction</AttributeType><IsRequired>false</IsRequired><Value i:nil="true"/></Attribute></Attributes><ChildElements/><ElementName>dynamics</ElementName><required>false</required><DampingAttribute z:Ref="i191"/><FrictionAttribute z:Ref="i192"/></URDFElement><URDFElement z:Id="i193" i:type="SafetyController"><Attributes><Attribute z:Id="i194"><AttributeType>soft_upper_limit</AttributeType><IsRequired>false</IsRequired><Value i:nil="true"/></Attribute><Attribute z:Id="i195"><AttributeType>soft_lower_limit</AttributeType><IsRequired>false</IsRequired><Value i:nil="true"/></Attribute><Attribute z:Id="i196"><AttributeType>k_position</AttributeType><IsRequired>false</IsRequired><Value i:nil="true"/></Attribute><Attribute z:Id="i197"><AttributeType>k_velocity</AttributeType><IsRequired>true</IsRequired><Value i:nil="true"/></Attribute></Attributes><ChildElements/><ElementName>safety_controller</ElementName><required>false</required><KPositionAttribute z:Ref="i196"/><KVelocityAttribute z:Ref="i197"/><SoftLowerAttribute z:Ref="i195"/><SoftUpperAttribute z:Ref="i194"/></URDFElement><URDFElement z:Id="i198" i:type="Mimic"><Attributes><Attribute z:Id="i199"><AttributeType>joint</AttributeType><IsRequired>true</IsRequired><Value i:nil="true"/></Attribute><Attribute z:Id="i200"><AttributeType>multiplier</AttributeType><IsRequired>false</IsRequired><Value i:nil="true"/></Attribute><Attribute z:Id="i201"><AttributeType>offset</AttributeType><IsRequired>false</IsRequired><Value i:nil="true"/></Attribute></Attributes><ChildElements/><ElementName>mimic</ElementName><required>false</required><JointNameAttribute z:Ref="i199"/><MultiplierAttribute z:Ref="i200"/><OffsetAttribute z:Ref="i201"/></URDFElement></ChildElements><ElementName>joint</ElementName><required>false</required><Axis z:Ref="i180"/><AxisName>Automatically Generate</AxisName><Calibration z:Ref="i187"/><Child z:Ref="i178"/><CoordinateSystemName>Automatically Generate</CoordinateSystemName><Dynamics z:Ref="i190"/><Limit z:Ref="i182"/><Mimic z:Ref="i198"/><NameAttribute z:Ref="i171"/><Origin z:Ref="i173"/><Parent z:Ref="i176"/><Safety z:Ref="i193"/><TypeAttribute z:Ref="i172"/></URDFElement></ChildElements><ElementName>link</ElementName><required>true</required><Children><Link z:Id="i202"><Attributes><Attribute z:Id="i203"><AttributeType>name</AttributeType><IsRequired>true</IsRequired><Value i:type="a:string" xmlns:a="http://www.w3.org/2001/XMLSchema">Empty_Link</Value></Attribute></Attributes><ChildElements><URDFElement z:Id="i204" i:type="Inertial"><Attributes/><ChildElements><URDFElement z:Id="i205" i:type="Origin"><Attributes><Attribute z:Id="i206"><AttributeType>xyz</AttributeType><IsRequired>true</IsRequired><Value i:type="a:ArrayOfdouble" xmlns:a="http://schemas.microsoft.com/2003/10/Serialization/Arrays"><a:double>0</a:double><a:double>0</a:double><a:double>0</a:double></Value></Attribute><Attribute z:Id="i207"><AttributeType>rpy</AttributeType><IsRequired>true</IsRequired><Value i:type="a:ArrayOfdouble" xmlns:a="http://schemas.microsoft.com/2003/10/Serialization/Arrays"><a:double>0</a:double><a:double>0</a:double><a:double>0</a:double></Value></Attribute></Attributes><ChildElements/><ElementName>origin</ElementName><required>false</required><RPYAttribute z:Ref="i207"/><XYZAttribute z:Ref="i206"/><isCustomized>false</isCustomized></URDFElement><URDFElement z:Id="i208" i:type="Mass"><Attributes><Attribute z:Id="i209"><AttributeType>value</AttributeType><IsRequired>true</IsRequired><Value i:type="a:double" xmlns:a="http://www.w3.org/2001/XMLSchema">0</Value></Attribute></Attributes><ChildElements/><ElementName>mass</ElementName><required>false</required><ValueAttribute z:Ref="i209"/></URDFElement><URDFElement z:Id="i210" i:type="Inertia"><Attributes><Attribute z:Id="i211"><AttributeType>ixx</AttributeType><IsRequired>true</IsRequired><Value i:type="a:double" xmlns:a="http://www.w3.org/2001/XMLSchema">0</Value></Attribute><Attribute z:Id="i212"><AttributeType>ixy</AttributeType><IsRequired>true</IsRequired><Value i:type="a:double" xmlns:a="http://www.w3.org/2001/XMLSchema">0</Value></Attribute><Attribute z:Id="i213"><AttributeType>ixz</AttributeType><IsRequired>true</IsRequired><Value i:type="a:double" xmlns:a="http://www.w3.org/2001/XMLSchema">0</Value></Attribute><Attribute z:Id="i214"><AttributeType>iyy</AttributeType><IsRequired>true</IsRequired><Value i:type="a:double" xmlns:a="http://www.w3.org/2001/XMLSchema">0</Value></Attribute><Attribute z:Id="i215"><AttributeType>iyz</AttributeType><IsRequired>true</IsRequired><Value i:type="a:double" xmlns:a="http://www.w3.org/2001/XMLSchema">0</Value></Attribute><Attribute z:Id="i216"><AttributeType>izz</AttributeType><IsRequired>true</IsRequired><Value i:type="a:double" xmlns:a="http://www.w3.org/2001/XMLSchema">0</Value></Attribute></Attributes><ChildElements/><ElementName>inertia</ElementName><required>false</required><IxxAttribute z:Ref="i211"/><IxyAttribute z:Ref="i212"/><IxzAttribute z:Ref="i213"/><IyyAttribute z:Ref="i214"/><IyzAttribute z:Ref="i215"/><IzzAttribute z:Ref="i216"/></URDFElement></ChildElements><ElementName>inertial</ElementName><required>false</required><Inertia z:Ref="i210"/><Mass z:Ref="i208"/><Origin z:Ref="i205"/></URDFElement><URDFElement z:Id="i217" i:type="Visual"><Attributes/><ChildElements><URDFElement z:Id="i218" i:type="Origin"><Attributes><Attribute z:Id="i219"><AttributeType>xyz</AttributeType><IsRequired>true</IsRequired><Value i:type="a:ArrayOfdouble" xmlns:a="http://schemas.microsoft.com/2003/10/Serialization/Arrays"><a:double>0</a:double><a:double>0</a:double><a:double>0</a:double></Value></Attribute><Attribute z:Id="i220"><AttributeType>rpy</AttributeType><IsRequired>true</IsRequired><Value i:type="a:ArrayOfdouble" xmlns:a="http://schemas.microsoft.com/2003/10/Serialization/Arrays"><a:double>0</a:double><a:double>0</a:double><a:double>0</a:double></Value></Attribute></Attributes><ChildElements/><ElementName>origin</ElementName><required>false</required><RPYAttribute z:Ref="i220"/><XYZAttribute z:Ref="i219"/><isCustomized>false</isCustomized></URDFElement><URDFElement z:Id="i221" i:type="Geometry"><Attributes/><ChildElements><URDFElement z:Id="i222" i:type="Mesh"><Attributes><Attribute z:Id="i223"><AttributeType>filename</AttributeType><IsRequired>true</IsRequired><Value i:nil="true"/></Attribute></Attributes><ChildElements/><ElementName>mesh</ElementName><required>false</required><FilenameAttribute z:Ref="i223"/></URDFElement></ChildElements><ElementName>geometry</ElementName><required>true</required><Mesh z:Ref="i222"/></URDFElement><URDFElement z:Id="i224" i:type="Material"><Attributes><Attribute z:Id="i225"><AttributeType>name</AttributeType><IsRequired>true</IsRequired><Value i:type="a:string" xmlns:a="http://www.w3.org/2001/XMLSchema"/></Attribute></Attributes><ChildElements><URDFElement z:Id="i226" i:type="Color"><Attributes><Attribute z:Id="i227"><AttributeType>rgba</AttributeType><IsRequired>true</IsRequired><Value i:type="a:ArrayOfdouble" xmlns:a="http://schemas.microsoft.com/2003/10/Serialization/Arrays"><a:double>1</a:double><a:double>1</a:double><a:double>1</a:double><a:double>1</a:double></Value></Attribute></Attributes><ChildElements/><ElementName>color</ElementName><required>false</required><RGBAAttribute z:Ref="i227"/></URDFElement><URDFElement z:Id="i228" i:type="Texture"><Attributes><Attribute z:Id="i229"><AttributeType>filename</AttributeType><IsRequired>true</IsRequired><Value i:nil="true"/></Attribute></Attributes><ChildElements/><ElementName>texture</ElementName><required>false</required><FilenameAttribute z:Ref="i229"/><wFilename/></URDFElement></ChildElements><ElementName>material</ElementName><required>false</required><Color z:Ref="i226"/><NameAttribute z:Ref="i225"/><Texture z:Ref="i228"/></URDFElement></ChildElements><ElementName>visual</ElementName><required>false</required><Geometry z:Ref="i221"/><Material z:Ref="i224"/><Origin z:Ref="i218"/></URDFElement><URDFElement z:Id="i230" i:type="Collision"><Attributes/><ChildElements><URDFElement z:Id="i231" i:type="Origin"><Attributes><Attribute z:Id="i232"><AttributeType>xyz</AttributeType><IsRequired>true</IsRequired><Value i:type="a:ArrayOfdouble" xmlns:a="http://schemas.microsoft.com/2003/10/Serialization/Arrays"><a:double>0</a:double><a:double>0</a:double><a:double>0</a:double></Value></Attribute><Attribute z:Id="i233"><AttributeType>rpy</AttributeType><IsRequired>true</IsRequired><Value i:type="a:ArrayOfdouble" xmlns:a="http://schemas.microsoft.com/2003/10/Serialization/Arrays"><a:double>0</a:double><a:double>0</a:double><a:double>0</a:double></Value></Attribute></Attributes><ChildElements/><ElementName>origin</ElementName><required>false</required><RPYAttribute z:Ref="i233"/><XYZAttribute z:Ref="i232"/><isCustomized>false</isCustomized></URDFElement><URDFElement z:Id="i234" i:type="Geometry"><Attributes/><ChildElements><URDFElement z:Id="i235" i:type="Mesh"><Attributes><Attribute z:Id="i236"><AttributeType>filename</AttributeType><IsRequired>true</IsRequired><Value i:nil="true"/></Attribute></Attributes><ChildElements/><ElementName>mesh</ElementName><required>false</required><FilenameAttribute z:Ref="i236"/></URDFElement></ChildElements><ElementName>geometry</ElementName><required>true</required><Mesh z:Ref="i235"/></URDFElement></ChildElements><ElementName>collision</ElementName><required>false</required><Geometry z:Ref="i234"/><Origin z:Ref="i231"/></URDFElement><URDFElement z:Id="i237" i:type="Joint"><Attributes><Attribute z:Id="i238"><AttributeType>name</AttributeType><IsRequired>true</IsRequired><Value i:type="a:string" xmlns:a="http://www.w3.org/2001/XMLSchema"/></Attribute><Attribute z:Id="i239"><AttributeType>type</AttributeType><IsRequired>true</IsRequired><Value i:type="a:string" xmlns:a="http://www.w3.org/2001/XMLSchema">Automatically Detect</Value></Attribute></Attributes><ChildElements><URDFElement z:Id="i240" i:type="Origin"><Attributes><Attribute z:Id="i241"><AttributeType>xyz</AttributeType><IsRequired>true</IsRequired><Value i:type="a:ArrayOfdouble" xmlns:a="http://schemas.microsoft.com/2003/10/Serialization/Arrays"><a:double>0</a:double><a:double>0</a:double><a:double>0</a:double></Value></Attribute><Attribute z:Id="i242"><AttributeType>rpy</AttributeType><IsRequired>true</IsRequired><Value i:type="a:ArrayOfdouble" xmlns:a="http://schemas.microsoft.com/2003/10/Serialization/Arrays"><a:double>0</a:double><a:double>0</a:double><a:double>0</a:double></Value></Attribute></Attributes><ChildElements/><ElementName>origin</ElementName><required>false</required><RPYAttribute z:Ref="i242"/><XYZAttribute z:Ref="i241"/><isCustomized>false</isCustomized></URDFElement><URDFElement z:Id="i243" i:type="ParentLink"><Attributes><Attribute z:Id="i244"><AttributeType>link</AttributeType><IsRequired>true</IsRequired><Value i:type="a:string" xmlns:a="http://www.w3.org/2001/XMLSchema"/></Attribute></Attributes><ChildElements/><ElementName>parent</ElementName><required>true</required><NameAttribute z:Ref="i244"/></URDFElement><URDFElement z:Id="i245" i:type="ChildLink"><Attributes><Attribute z:Id="i246"><AttributeType>link</AttributeType><IsRequired>true</IsRequired><Value i:type="a:string" xmlns:a="http://www.w3.org/2001/XMLSchema"/></Attribute></Attributes><ChildElements/><ElementName>child</ElementName><required>true</required><NameAttribute z:Ref="i246"/></URDFElement><URDFElement z:Id="i247" i:type="Axis"><Attributes><Attribute z:Id="i248"><AttributeType>xyz</AttributeType><IsRequired>true</IsRequired><Value i:type="a:ArrayOfdouble" xmlns:a="http://schemas.microsoft.com/2003/10/Serialization/Arrays"><a:double>0</a:double><a:double>0</a:double><a:double>0</a:double></Value></Attribute></Attributes><ChildElements/><ElementName>axis</ElementName><required>false</required><XYZAttribute z:Ref="i248"/></URDFElement><URDFElement z:Id="i249" i:type="Limit"><Attributes><Attribute z:Id="i250"><AttributeType>lower</AttributeType><IsRequired>false</IsRequired><Value i:nil="true"/></Attribute><Attribute z:Id="i251"><AttributeType>upper</AttributeType><IsRequired>false</IsRequired><Value i:nil="true"/></Attribute><Attribute z:Id="i252"><AttributeType>effort</AttributeType><IsRequired>true</IsRequired><Value i:nil="true"/></Attribute><Attribute z:Id="i253"><AttributeType>velocity</AttributeType><IsRequired>true</IsRequired><Value i:nil="true"/></Attribute></Attributes><ChildElements/><ElementName>limit</ElementName><required>false</required><EffortAttribute z:Ref="i252"/><LowerAttribute z:Ref="i250"/><UpperAttribute z:Ref="i251"/><VelocityAttribute z:Ref="i253"/></URDFElement><URDFElement z:Id="i254" i:type="Calibration"><Attributes><Attribute z:Id="i255"><AttributeType>rising</AttributeType><IsRequired>false</IsRequired><Value i:nil="true"/></Attribute><Attribute z:Id="i256"><AttributeType>falling</AttributeType><IsRequired>false</IsRequired><Value i:nil="true"/></Attribute></Attributes><ChildElements/><ElementName>calibration</ElementName><required>false</required><FallingAttribute z:Ref="i256"/><RisingAttribute z:Ref="i255"/></URDFElement><URDFElement z:Id="i257" i:type="Dynamics"><Attributes><Attribute z:Id="i258"><AttributeType>damping</AttributeType><IsRequired>false</IsRequired><Value i:nil="true"/></Attribute><Attribute z:Id="i259"><AttributeType>friction</AttributeType><IsRequired>false</IsRequired><Value i:nil="true"/></Attribute></Attributes><ChildElements/><ElementName>dynamics</ElementName><required>false</required><DampingAttribute z:Ref="i258"/><FrictionAttribute z:Ref="i259"/></URDFElement><URDFElement z:Id="i260" i:type="SafetyController"><Attributes><Attribute z:Id="i261"><AttributeType>soft_upper_limit</AttributeType><IsRequired>false</IsRequired><Value i:nil="true"/></Attribute><Attribute z:Id="i262"><AttributeType>soft_lower_limit</AttributeType><IsRequired>false</IsRequired><Value i:nil="true"/></Attribute><Attribute z:Id="i263"><AttributeType>k_position</AttributeType><IsRequired>false</IsRequired><Value i:nil="true"/></Attribute><Attribute z:Id="i264"><AttributeType>k_velocity</AttributeType><IsRequired>true</IsRequired><Value i:nil="true"/></Attribute></Attributes><ChildElements/><ElementName>safety_controller</ElementName><required>false</required><KPositionAttribute z:Ref="i263"/><KVelocityAttribute z:Ref="i264"/><SoftLowerAttribute z:Ref="i262"/><SoftUpperAttribute z:Ref="i261"/></URDFElement><URDFElement z:Id="i265" i:type="Mimic"><Attributes><Attribute z:Id="i266"><AttributeType>joint</AttributeType><IsRequired>true</IsRequired><Value i:nil="true"/></Attribute><Attribute z:Id="i267"><AttributeType>multiplier</AttributeType><IsRequired>false</IsRequired><Value i:nil="true"/></Attribute><Attribute z:Id="i268"><AttributeType>offset</AttributeType><IsRequired>false</IsRequired><Value i:nil="true"/></Attribute></Attributes><ChildElements/><ElementName>mimic</ElementName><required>false</required><JointNameAttribute z:Ref="i266"/><MultiplierAttribute z:Ref="i267"/><OffsetAttribute z:Ref="i268"/></URDFElement></ChildElements><ElementName>joint</ElementName><required>false</required><Axis z:Ref="i247"/><AxisName>Automatically Generate</AxisName><Calibration z:Ref="i254"/><Child z:Ref="i245"/><CoordinateSystemName>Automatically Generate</CoordinateSystemName><Dynamics z:Ref="i257"/><Limit z:Ref="i249"/><Mimic z:Ref="i265"/><NameAttribute z:Ref="i238"/><Origin z:Ref="i240"/><Parent z:Ref="i243"/><Safety z:Ref="i260"/><TypeAttribute z:Ref="i239"/></URDFElement></ChildElements><ElementName>link</ElementName><required>true</required><Children><Link z:Id="i269"><Attributes><Attribute z:Id="i270"><AttributeType>name</AttributeType><IsRequired>true</IsRequired><Value i:type="a:string" xmlns:a="http://www.w3.org/2001/XMLSchema">Empty_Link</Value></Attribute></Attributes><ChildElements><URDFElement z:Id="i271" i:type="Inertial"><Attributes/><ChildElements><URDFElement z:Id="i272" i:type="Origin"><Attributes><Attribute z:Id="i273"><AttributeType>xyz</AttributeType><IsRequired>true</IsRequired><Value i:type="a:ArrayOfdouble" xmlns:a="http://schemas.microsoft.com/2003/10/Serialization/Arrays"><a:double>0</a:double><a:double>0</a:double><a:double>0</a:double></Value></Attribute><Attribute z:Id="i274"><AttributeType>rpy</AttributeType><IsRequired>true</IsRequired><Value i:type="a:ArrayOfdouble" xmlns:a="http://schemas.microsoft.com/2003/10/Serialization/Arrays"><a:double>0</a:double><a:double>0</a:double><a:double>0</a:double></Value></Attribute></Attributes><ChildElements/><ElementName>origin</ElementName><required>false</required><RPYAttribute z:Ref="i274"/><XYZAttribute z:Ref="i273"/><isCustomized>false</isCustomized></URDFElement><URDFElement z:Id="i275" i:type="Mass"><Attributes><Attribute z:Id="i276"><AttributeType>value</AttributeType><IsRequired>true</IsRequired><Value i:type="a:double" xmlns:a="http://www.w3.org/2001/XMLSchema">0</Value></Attribute></Attributes><ChildElements/><ElementName>mass</ElementName><required>false</required><ValueAttribute z:Ref="i276"/></URDFElement><URDFElement z:Id="i277" i:type="Inertia"><Attributes><Attribute z:Id="i278"><AttributeType>ixx</AttributeType><IsRequired>true</IsRequired><Value i:type="a:double" xmlns:a="http://www.w3.org/2001/XMLSchema">0</Value></Attribute><Attribute z:Id="i279"><AttributeType>ixy</AttributeType><IsRequired>true</IsRequired><Value i:type="a:double" xmlns:a="http://www.w3.org/2001/XMLSchema">0</Value></Attribute><Attribute z:Id="i280"><AttributeType>ixz</AttributeType><IsRequired>true</IsRequired><Value i:type="a:double" xmlns:a="http://www.w3.org/2001/XMLSchema">0</Value></Attribute><Attribute z:Id="i281"><AttributeType>iyy</AttributeType><IsRequired>true</IsRequired><Value i:type="a:double" xmlns:a="http://www.w3.org/2001/XMLSchema">0</Value></Attribute><Attribute z:Id="i282"><AttributeType>iyz</AttributeType><IsRequired>true</IsRequired><Value i:type="a:double" xmlns:a="http://www.w3.org/2001/XMLSchema">0</Value></Attribute><Attribute z:Id="i283"><AttributeType>izz</AttributeType><IsRequired>true</IsRequired><Value i:type="a:double" xmlns:a="http://www.w3.org/2001/XMLSchema">0</Value></Attribute></Attributes><ChildElements/><ElementName>inertia</ElementName><required>false</required><IxxAttribute z:Ref="i278"/><IxyAttribute z:Ref="i279"/><IxzAttribute z:Ref="i280"/><IyyAttribute z:Ref="i281"/><IyzAttribute z:Ref="i282"/><IzzAttribute z:Ref="i283"/></URDFElement></ChildElements><ElementName>inertial</ElementName><required>false</required><Inertia z:Ref="i277"/><Mass z:Ref="i275"/><Origin z:Ref="i272"/></URDFElement><URDFElement z:Id="i284" i:type="Visual"><Attributes/><ChildElements><URDFElement z:Id="i285" i:type="Origin"><Attributes><Attribute z:Id="i286"><AttributeType>xyz</AttributeType><IsRequired>true</IsRequired><Value i:type="a:ArrayOfdouble" xmlns:a="http://schemas.microsoft.com/2003/10/Serialization/Arrays"><a:double>0</a:double><a:double>0</a:double><a:double>0</a:double></Value></Attribute><Attribute z:Id="i287"><AttributeType>rpy</AttributeType><IsRequired>true</IsRequired><Value i:type="a:ArrayOfdouble" xmlns:a="http://schemas.microsoft.com/2003/10/Serialization/Arrays"><a:double>0</a:double><a:double>0</a:double><a:double>0</a:double></Value></Attribute></Attributes><ChildElements/><ElementName>origin</ElementName><required>false</required><RPYAttribute z:Ref="i287"/><XYZAttribute z:Ref="i286"/><isCustomized>false</isCustomized></URDFElement><URDFElement z:Id="i288" i:type="Geometry"><Attributes/><ChildElements><URDFElement z:Id="i289" i:type="Mesh"><Attributes><Attribute z:Id="i290"><AttributeType>filename</AttributeType><IsRequired>true</IsRequired><Value i:nil="true"/></Attribute></Attributes><ChildElements/><ElementName>mesh</ElementName><required>false</required><FilenameAttribute z:Ref="i290"/></URDFElement></ChildElements><ElementName>geometry</ElementName><required>true</required><Mesh z:Ref="i289"/></URDFElement><URDFElement z:Id="i291" i:type="Material"><Attributes><Attribute z:Id="i292"><AttributeType>name</AttributeType><IsRequired>true</IsRequired><Value i:type="a:string" xmlns:a="http://www.w3.org/2001/XMLSchema"/></Attribute></Attributes><ChildElements><URDFElement z:Id="i293" i:type="Color"><Attributes><Attribute z:Id="i294"><AttributeType>rgba</AttributeType><IsRequired>true</IsRequired><Value i:type="a:ArrayOfdouble" xmlns:a="http://schemas.microsoft.com/2003/10/Serialization/Arrays"><a:double>1</a:double><a:double>1</a:double><a:double>1</a:double><a:double>1</a:double></Value></Attribute></Attributes><ChildElements/><ElementName>color</ElementName><required>false</required><RGBAAttribute z:Ref="i294"/></URDFElement><URDFElement z:Id="i295" i:type="Texture"><Attributes><Attribute z:Id="i296"><AttributeType>filename</AttributeType><IsRequired>true</IsRequired><Value i:nil="true"/></Attribute></Attributes><ChildElements/><ElementName>texture</ElementName><required>false</required><FilenameAttribute z:Ref="i296"/><wFilename/></URDFElement></ChildElements><ElementName>material</ElementName><required>false</required><Color z:Ref="i293"/><NameAttribute z:Ref="i292"/><Texture z:Ref="i295"/></URDFElement></ChildElements><ElementName>visual</ElementName><required>false</required><Geometry z:Ref="i288"/><Material z:Ref="i291"/><Origin z:Ref="i285"/></URDFElement><URDFElement z:Id="i297" i:type="Collision"><Attributes/><ChildElements><URDFElement z:Id="i298" i:type="Origin"><Attributes><Attribute z:Id="i299"><AttributeType>xyz</AttributeType><IsRequired>true</IsRequired><Value i:type="a:ArrayOfdouble" xmlns:a="http://schemas.microsoft.com/2003/10/Serialization/Arrays"><a:double>0</a:double><a:double>0</a:double><a:double>0</a:double></Value></Attribute><Attribute z:Id="i300"><AttributeType>rpy</AttributeType><IsRequired>true</IsRequired><Value i:type="a:ArrayOfdouble" xmlns:a="http://schemas.microsoft.com/2003/10/Serialization/Arrays"><a:double>0</a:double><a:double>0</a:double><a:double>0</a:double></Value></Attribute></Attributes><ChildElements/><ElementName>origin</ElementName><required>false</required><RPYAttribute z:Ref="i300"/><XYZAttribute z:Ref="i299"/><isCustomized>false</isCustomized></URDFElement><URDFElement z:Id="i301" i:type="Geometry"><Attributes/><ChildElements><URDFElement z:Id="i302" i:type="Mesh"><Attributes><Attribute z:Id="i303"><AttributeType>filename</AttributeType><IsRequired>true</IsRequired><Value i:nil="true"/></Attribute></Attributes><ChildElements/><ElementName>mesh</ElementName><required>false</required><FilenameAttribute z:Ref="i303"/></URDFElement></ChildElements><ElementName>geometry</ElementName><required>true</required><Mesh z:Ref="i302"/></URDFElement></ChildElements><ElementName>collision</ElementName><required>false</required><Geometry z:Ref="i301"/><Origin z:Ref="i298"/></URDFElement><URDFElement z:Id="i304" i:type="Joint"><Attributes><Attribute z:Id="i305"><AttributeType>name</AttributeType><IsRequired>true</IsRequired><Value i:type="a:string" xmlns:a="http://www.w3.org/2001/XMLSchema"/></Attribute><Attribute z:Id="i306"><AttributeType>type</AttributeType><IsRequired>true</IsRequired><Value i:type="a:string" xmlns:a="http://www.w3.org/2001/XMLSchema">Automatically Detect</Value></Attribute></Attributes><ChildElements><URDFElement z:Id="i307" i:type="Origin"><Attributes><Attribute z:Id="i308"><AttributeType>xyz</AttributeType><IsRequired>true</IsRequired><Value i:type="a:ArrayOfdouble" xmlns:a="http://schemas.microsoft.com/2003/10/Serialization/Arrays"><a:double>0</a:double><a:double>0</a:double><a:double>0</a:double></Value></Attribute><Attribute z:Id="i309"><AttributeType>rpy</AttributeType><IsRequired>true</IsRequired><Value i:type="a:ArrayOfdouble" xmlns:a="http://schemas.microsoft.com/2003/10/Serialization/Arrays"><a:double>0</a:double><a:double>0</a:double><a:double>0</a:double></Value></Attribute></Attributes><ChildElements/><ElementName>origin</ElementName><required>false</required><RPYAttribute z:Ref="i309"/><XYZAttribute z:Ref="i308"/><isCustomized>false</isCustomized></URDFElement><URDFElement z:Id="i310" i:type="ParentLink"><Attributes><Attribute z:Id="i311"><AttributeType>link</AttributeType><IsRequired>true</IsRequired><Value i:type="a:string" xmlns:a="http://www.w3.org/2001/XMLSchema"/></Attribute></Attributes><ChildElements/><ElementName>parent</ElementName><required>true</required><NameAttribute z:Ref="i311"/></URDFElement><URDFElement z:Id="i312" i:type="ChildLink"><Attributes><Attribute z:Id="i313"><AttributeType>link</AttributeType><IsRequired>true</IsRequired><Value i:type="a:string" xmlns:a="http://www.w3.org/2001/XMLSchema"/></Attribute></Attributes><ChildElements/><ElementName>child</ElementName><required>true</required><NameAttribute z:Ref="i313"/></URDFElement><URDFElement z:Id="i314" i:type="Axis"><Attributes><Attribute z:Id="i315"><AttributeType>xyz</AttributeType><IsRequired>true</IsRequired><Value i:type="a:ArrayOfdouble" xmlns:a="http://schemas.microsoft.com/2003/10/Serialization/Arrays"><a:double>0</a:double><a:double>0</a:double><a:double>0</a:double></Value></Attribute></Attributes><ChildElements/><ElementName>axis</ElementName><required>false</required><XYZAttribute z:Ref="i315"/></URDFElement><URDFElement z:Id="i316" i:type="Limit"><Attributes><Attribute z:Id="i317"><AttributeType>lower</AttributeType><IsRequired>false</IsRequired><Value i:nil="true"/></Attribute><Attribute z:Id="i318"><AttributeType>upper</AttributeType><IsRequired>false</IsRequired><Value i:nil="true"/></Attribute><Attribute z:Id="i319"><AttributeType>effort</AttributeType><IsRequired>true</IsRequired><Value i:nil="true"/></Attribute><Attribute z:Id="i320"><AttributeType>velocity</AttributeType><IsRequired>true</IsRequired><Value i:nil="true"/></Attribute></Attributes><ChildElements/><ElementName>limit</ElementName><required>false</required><EffortAttribute z:Ref="i319"/><LowerAttribute z:Ref="i317"/><UpperAttribute z:Ref="i318"/><VelocityAttribute z:Ref="i320"/></URDFElement><URDFElement z:Id="i321" i:type="Calibration"><Attributes><Attribute z:Id="i322"><AttributeType>rising</AttributeType><IsRequired>false</IsRequired><Value i:nil="true"/></Attribute><Attribute z:Id="i323"><AttributeType>falling</AttributeType><IsRequired>false</IsRequired><Value i:nil="true"/></Attribute></Attributes><ChildElements/><ElementName>calibration</ElementName><required>false</required><FallingAttribute z:Ref="i323"/><RisingAttribute z:Ref="i322"/></URDFElement><URDFElement z:Id="i324" i:type="Dynamics"><Attributes><Attribute z:Id="i325"><AttributeType>damping</AttributeType><IsRequired>false</IsRequired><Value i:nil="true"/></Attribute><Attribute z:Id="i326"><AttributeType>friction</AttributeType><IsRequired>false</IsRequired><Value i:nil="true"/></Attribute></Attributes><ChildElements/><ElementName>dynamics</ElementName><required>false</required><DampingAttribute z:Ref="i325"/><FrictionAttribute z:Ref="i326"/></URDFElement><URDFElement z:Id="i327" i:type="SafetyController"><Attributes><Attribute z:Id="i328"><AttributeType>soft_upper_limit</AttributeType><IsRequired>false</IsRequired><Value i:nil="true"/></Attribute><Attribute z:Id="i329"><AttributeType>soft_lower_limit</AttributeType><IsRequired>false</IsRequired><Value i:nil="true"/></Attribute><Attribute z:Id="i330"><AttributeType>k_position</AttributeType><IsRequired>false</IsRequired><Value i:nil="true"/></Attribute><Attribute z:Id="i331"><AttributeType>k_velocity</AttributeType><IsRequired>true</IsRequired><Value i:nil="true"/></Attribute></Attributes><ChildElements/><ElementName>safety_controller</ElementName><required>false</required><KPositionAttribute z:Ref="i330"/><KVelocityAttribute z:Ref="i331"/><SoftLowerAttribute z:Ref="i329"/><SoftUpperAttribute z:Ref="i328"/></URDFElement><URDFElement z:Id="i332" i:type="Mimic"><Attributes><Attribute z:Id="i333"><AttributeType>joint</AttributeType><IsRequired>true</IsRequired><Value i:nil="true"/></Attribute><Attribute z:Id="i334"><AttributeType>multiplier</AttributeType><IsRequired>false</IsRequired><Value i:nil="true"/></Attribute><Attribute z:Id="i335"><AttributeType>offset</AttributeType><IsRequired>false</IsRequired><Value i:nil="true"/></Attribute></Attributes><ChildElements/><ElementName>mimic</ElementName><required>false</required><JointNameAttribute z:Ref="i333"/><MultiplierAttribute z:Ref="i334"/><OffsetAttribute z:Ref="i335"/></URDFElement></ChildElements><ElementName>joint</ElementName><required>false</required><Axis z:Ref="i314"/><AxisName>Automatically Generate</AxisName><Calibration z:Ref="i321"/><Child z:Ref="i312"/><CoordinateSystemName>Automatically Generate</CoordinateSystemName><Dynamics z:Ref="i324"/><Limit z:Ref="i316"/><Mimic z:Ref="i332"/><NameAttribute z:Ref="i305"/><Origin z:Ref="i307"/><Parent z:Ref="i310"/><Safety z:Ref="i327"/><TypeAttribute z:Ref="i306"/></URDFElement></ChildElements><ElementName>link</ElementName><required>true</required><Children/><Collision z:Ref="i297"/><Inertial z:Ref="i271"/><Joint z:Ref="i304"/><NameAttribute z:Ref="i270"/><Parent z:Ref="i202"/><STLQualityFine>false</STLQualityFine><SWComponentPIDs xmlns:a="http://schemas.microsoft.com/2003/10/Serialization/Arrays"><a:base64Binary>aEIAAAUAAAD//v8mRwByAGkAcABwAGUAcgAgAFkAUABSACAAQwBvAG4AbgBlAGMAdABpAG8AbgAtADEAQAB1AHAAZABhAHQAZQBkACAAYQBzAHMAZQBtAAQAAAAQAAAAAQAAAAEAAAB7AAAA</a:base64Binary><a:base64Binary>aEIAAAUAAAD//v95ZwByAGkAcABwAGUAcgAgAHUAcABkAGEAdABlAGQAXwA1ADEALQAxAEAAdQBwAGQAYQB0AGUAZAAgAGEAcwBzAGUAbQAvAGcAcgBpAHAAcABlAHIAIAB1AHAAZABhAHQAZQBkAF8ANQAuAFMAVABFAFAALQAxAEAAZwByAGkAcABwAGUAcgAgAHUAcABkAGEAdABlAGQAXwA1ADEALwBmAHIAYQBtAGUAIABnAHIAaQBwAGUAcgAuAFMAVABFAFAALQAxAEAAZwByAGkAcABwAGUAcgAgAHUAcABkAGEAdABlAGQAXwA1AC4AUwBUAEUAUAAEAAAAEAAAAAEAAAADAAAAeQAAABgAAAAYAAAA</a:base64Binary><a:base64Binary>aEIAAAUAAAD//v8fZABpAGYAZgAgAHQAbwAgAGcAcgBpAHAAcABlAHIALQAyAEAAdQBwAGQAYQB0AGUAZAAgAGEAcwBzAGUAbQAEAAAAEAAAAAEAAAABAAAAfAAAAA==</a:base64Binary><a:base64Binary>aEIAAAUAAAD//v95ZwByAGkAcABwAGUAcgAgAHUAcABkAGEAdABlAGQAXwA1ADEALQAxAEAAdQBwAGQAYQB0AGUAZAAgAGEAcwBzAGUAbQAvAGcAcgBpAHAAcABlAHIAIAB1AHAAZABhAHQAZQBkAF8ANQAuAFMAVABFAFAALQAxAEAAZwByAGkAcABwAGUAcgAgAHUAcABkAGEAdABlAGQAXwA1ADEALwBGAFIAQQBNAEUAIAAzACgAQQBMAEwAKQAuAFMAVABFAFAALQAxAEAAZwByAGkAcABwAGUAcgAgAHUAcABkAGEAdABlAGQAXwA1AC4AUwBUAEUAUAAEAAAAEAAAAAEAAAADAAAAeQAAABgAAAAcAAAA</a:base64Binary><a:base64Binary>aEIAAAUAAAD//v92ZwByAGkAcABwAGUAcgAgAHUAcABkAGEAdABlAGQAXwA1ADEALQAxAEAAdQBwAGQAYQB0AGUAZAAgAGEAcwBzAGUAbQAvAGcAcgBpAHAAcABlAHIAIAB1AHAAZABhAHQAZQBkAF8ANQAuAFMAVABFAFAALQAxAEAAZwByAGkAcABwAGUAcgAgAHUAcABkAGEAdABlAGQAXwA1ADEALwBDAEwAQQBXACgAQQBMAEwAKQAuAFMAVABFAFAALQAxAEAAZwByAGkAcABwAGUAcgAgAHUAcABkAGEAdABlAGQAXwA1AC4AUwBUAEUAUAAEAAAAEAAAAAEAAAADAAAAeQAAABgAAAAaAAAA</a:base64Binary><a:base64Binary>aEIAAAUAAAD//v97ZwByAGkAcABwAGUAcgAgAHUAcABkAGEAdABlAGQAXwA1ADEALQAxAEAAdQBwAGQAYQB0AGUAZAAgAGEAcwBzAGUAbQAvAGcAcgBpAHAAcABlAHIAIAB1AHAAZABhAHQAZQBkAF8ANQAuAFMAVABFAFAALQAxAEAAZwByAGkAcABwAGUAcgAgAHUAcABkAGEAdABlAGQAXwA1ADEALwBMAEUAQQBEACAAOABNAE0AIAAoAEEATABMACkALgBTAFQARQBQAC0AMQBAAGcAcgBpAHAAcABlAHIAIAB1AHAAZABhAHQAZQBkAF8ANQAuAFMAVABFAFAABAAAABAAAAABAAAAAwAAAHkAAAAYAAAAHwAAAA==</a:base64Binary><a:base64Binary>aEIAAAUAAAD//v+AZwByAGkAcABwAGUAcgAgAHUAcABkAGEAdABlAGQAXwA1ADEALQAxAEAAdQBwAGQAYQB0AGUAZAAgAGEAcwBzAGUAbQAvAGcAcgBpAHAAcABlAHIAIAB1AHAAZABhAHQAZQBkAF8ANQAuAFMAVABFAFAALQAxAEAAZwByAGkAcABwAGUAcgAgAHUAcABkAGEAdABlAGQAXwA1ADEALwBHAFUASQBEAEUAIABSAE8ARAAgADgAbQBtACAAKABBAEwATAApAC4AUwBUAEUAUAAtADEAQABnAHIAaQBwAHAAZQByACAAdQBwAGQAYQB0AGUAZABfADUALgBTAFQARQBQAAQAAAAQAAAAAQAAAAMAAAB5AAAAGAAAAB4AAAA=</a:base64Binary><a:base64Binary>aEIAAAUAAAD//v92ZwByAGkAcABwAGUAcgAgAHUAcABkAGEAdABlAGQAXwA1ADEALQAxAEAAdQBwAGQAYQB0AGUAZAAgAGEAcwBzAGUAbQAvAGcAcgBpAHAAcABlAHIAIAB1AHAAZABhAHQAZQBkAF8ANQAuAFMAVABFAFAALQAxAEAAZwByAGkAcABwAGUAcgAgAHUAcABkAGEAdABlAGQAXwA1ADEALwBOAFUAVAAgACgAQQBMAEwAKQAuAFMAVABFAFAALQAxAEAAZwByAGkAcABwAGUAcgAgAHUAcABkAGEAdABlAGQAXwA1AC4AUwBUAEUAUAAEAAAAEAAAAAEAAAADAAAAeQAAABgAAAAhAAAA</a:base64Binary><a:base64Binary>aEIAAAUAAAD//v+JZwByAGkAcABwAGUAcgAgAHUAcABkAGEAdABlAGQAXwA1ADEALQAxAEAAdQBwAGQAYQB0AGUAZAAgAGEAcwBzAGUAbQAvAGcAcgBpAHAAcABlAHIAIAB1AHAAZABhAHQAZQBkAF8ANQAuAFMAVABFAFAALQAxAEAAZwByAGkAcABwAGUAcgAgAHUAcABkAGEAdABlAGQAXwA1ADEALwBsAGkAbgBlAGEAcgAgAGEAYwB0ACAAcwBhAG0AcABsAGUAIABtAG8AZABlAGwAKABBAEwATAApAC4AUwBUAEUAUAAtADEAQABnAHIAaQBwAHAAZQByACAAdQBwAGQAYQB0AGUAZABfADUALgBTAFQARQBQAAQAAAAQAAAAAQAAAAMAAAB5AAAAGAAAABkAAAA=</a:base64Binary><a:base64Binary>aEIAAAUAAAD//v+EZwByAGkAcABwAGUAcgAgAHUAcABkAGEAdABlAGQAXwA1ADEALQAxAEAAdQBwAGQAYQB0AGUAZAAgAGEAcwBzAGUAbQAvAGcAcgBpAHAAcABlAHIAIAB1AHAAZABhAHQAZQBkAF8ANQAuAFMAVABFAFAALQAxAEAAZwByAGkAcABwAGUAcgAgAHUAcABkAGEAdABlAGQAXwA1ADEALwBtAG8AdABvAHIAIABtAG8AdQBuAHQAIABHAFIASQBQAFAARQBSACAAQQBMAEwALgBTAFQARQBQAC0AMQBAAGcAcgBpAHAAcABlAHIAIAB1AHAAZABhAHQAZQBkAF8ANQAuAFMAVABFAFAABAAAABAAAAABAAAAAwAAAHkAAAAYAAAAIAAAAA==</a:base64Binary><a:base64Binary>aEIAAAUAAAD//v95ZwByAGkAcABwAGUAcgAgAHUAcABkAGEAdABlAGQAXwA1ADEALQAxAEAAdQBwAGQAYQB0AGUAZAAgAGEAcwBzAGUAbQAvAGcAcgBpAHAAcABlAHIAIAB1AHAAZABhAHQAZQBkAF8ANQAuAFMAVABFAFAALQAxAEAAZwByAGkAcABwAGUAcgAgAHUAcABkAGEAdABlAGQAXwA1ADEALwBsAGkAbQBpAHQAIABzAHcAaQB0AGMAaAAuAFMAVABFAFAALQAxAEAAZwByAGkAcABwAGUAcgAgAHUAcABkAGEAdABlAGQAXwA1AC4AUwBUAEUAUAAEAAAAEAAAAAEAAAADAAAAeQAAABgAAAAiAAAA</a:base64Binary><a:base64Binary>aEIAAAUAAAD//v9+ZwByAGkAcABwAGUAcgAgAHUAcABkAGEAdABlAGQAXwA1ADEALQAxAEAAdQBwAGQAYQB0AGUAZAAgAGEAcwBzAGUAbQAvAGcAcgBpAHAAcABlAHIAIAB1AHAAZABhAHQAZQBkAF8ANQAuAFMAVABFAFAALQAxAEAAZwByAGkAcABwAGUAcgAgAHUAcABkAGEAdABlAGQAXwA1ADEALwBHAFIASQBQAFAARQBSACAAQQBMAEwAIABNAE8AVABPAFIALgBTAFQARQBQAC0AMQBAAGcAcgBpAHAAcABlAHIAIAB1AHAAZABhAHQAZQBkAF8ANQAuAFMAVABFAFAABAAAABAAAAABAAAAAwAAAHkAAAAYAAAAHQAAAA==</a:base64Binary><a:base64Binary>aEIAAAUAAAD//v+BZwByAGkAcABwAGUAcgAgAHUAcABkAGEAdABlAGQAXwA1ADEALQAxAEAAdQBwAGQAYQB0AGUAZAAgAGEAcwBzAGUAbQAvAGcAcgBpAHAAcABlAHIAIAB1AHAAZABhAHQAZQBkAF8ANQAuAFMAVABFAFAALQAxAEAAZwByAGkAcABwAGUAcgAgAHUAcABkAGEAdABlAGQAXwA1ADEALwBCAEUAQQBSAEkATgBHACAAMQA2AFgAOABYADUAIAAoAEEATABMACkALgBTAFQARQBQAC0AMQBAAGcAcgBpAHAAcABlAHIAIAB1AHAAZABhAHQAZQBkAF8ANQAuAFMAVABFAFAABAAAABAAAAABAAAAAwAAAHkAAAAYAAAAIwAAAA==</a:base64Binary><a:base64Binary>aEIAAAUAAAD//v94ZwByAGkAcABwAGUAcgAgAHUAcABkAGEAdABlAGQAXwA1ADEALQAxAEAAdQBwAGQAYQB0AGUAZAAgAGEAcwBzAGUAbQAvAGcAcgBpAHAAcABlAHIAIAB1AHAAZABhAHQAZQBkAF8ANQAuAFMAVABFAFAALQAxAEAAZwByAGkAcABwAGUAcgAgAHUAcABkAGEAdABlAGQAXwA1ADEALwBjAG8AdQBwAGwAZQByACAAOAB4ADUALgBTAFQARQBQAC0AMQBAAGcAcgBpAHAAcABlAHIAIAB1AHAAZABhAHQAZQBkAF8ANQAuAFMAVABFAFAABAAAABAAAAABAAAAAwAAAHkAAAAYAAAAGwAAAA==</a:base64Binary></SWComponentPIDs><SWMainComponentPID i:nil="true"/><Visual z:Ref="i284"/><isFixedFrame>false</isFixedFrame><isIncomplete>false</isIncomplete></Link></Children><Collision z:Ref="i230"/><Inertial z:Ref="i204"/><Joint z:Ref="i237"/><NameAttribute z:Ref="i203"/><Parent z:Ref="i135"/><STLQualityFine>false</STLQualityFine><SWComponentPIDs xmlns:a="http://schemas.microsoft.com/2003/10/Serialization/Arrays"><a:base64Binary>aEIAAAUAAAD//v8eZABpAGYAZgAgAEMAIABzAGUAYwB0AGkAbwBuAC0AMgBAAHUAcABkAGEAdABlAGQAIABhAHMAcwBlAG0ABAAAABAAAAABAAAAAQAAAGQAAAA=</a:base64Binary><a:base64Binary>aEIAAAUAAAD//v8eZABpAGYAZgAgAEMAIABzAGUAYwB0AGkAbwBuAC0AMQBAAHUAcABkAGEAdABlAGQAIABhAHMAcwBlAG0ABAAAABAAAAABAAAAAQAAAFIAAAA=</a:base64Binary><a:base64Binary>aEIAAAUAAAD//v8lZABpAGYAZgAgAEMAIABzAGUAYwB0AGkAbwBuACAASQAgAHAAYQByAHQALQAyAEAAdQBwAGQAYQB0AGUAZAAgAGEAcwBzAGUAbQAEAAAAEAAAAAEAAAABAAAAZQAAAA==</a:base64Binary><a:base64Binary>aEIAAAUAAAD//v8lZABpAGYAZgAgAEMAIABzAGUAYwB0AGkAbwBuACAASQAgAHAAYQByAHQALQAxAEAAdQBwAGQAYQB0AGUAZAAgAGEAcwBzAGUAbQAEAAAAEAAAAAEAAAABAAAAUQAAAA==</a:base64Binary><a:base64Binary>aEIAAAUAAAD//v8mMQA1AC0AMwAyAC0AOQAgAGIAZQBhAHIAaQBuAGcAIABoAG8AbABkAGUAcgAtADEAQAB1AHAAZABhAHQAZQBkACAAYQBzAHMAZQBtAAQAAAAQAAAAAQAAAAEAAAB6AAAA</a:base64Binary></SWComponentPIDs><SWMainComponentPID i:nil="true"/><Visual z:Ref="i217"/><isFixedFrame>false</isFixedFrame><isIncomplete>false</isIncomplete></Link></Children><Collision z:Ref="i163"/><Inertial z:Ref="i137"/><Joint z:Ref="i170"/><NameAttribute z:Ref="i136"/><Parent z:Ref="i68"/><STLQualityFine>false</STLQualityFine><SWComponentPIDs xmlns:a="http://schemas.microsoft.com/2003/10/Serialization/Arrays"><a:base64Binary>aEIAAAUAAAD//v8WQwBhAHMAaQBuAGcALQAyAEAAdQBwAGQAYQB0AGUAZAAgAGEAcwBzAGUAbQAEAAAAEAAAAAEAAAABAAAAQQAAAA==</a:base64Binary><a:base64Binary>aEIAAAUAAAD//v8sYwBhAHMAaQBuAGcAIABtAGkAcgByAG8AcgAgAG0AaQByAG8AcgByACAAbQBpAHIAcgByAHIAcgAtADIAQAB1AHAAZABhAHQAZQBkACAAYQBzAHMAZQBtAAQAAAAQAAAAAQAAAAEAAABAAAAA</a:base64Binary><a:base64Binary>aEIAAAUAAAD//v8TMAA0AG0ALQAxAEAAdQBwAGQAYQB0AGUAZAAgAGEAcwBzAGUAbQAEAAAAEAAAAAEAAAABAAAAMgAAAA==</a:base64Binary><a:base64Binary>aEIAAAUAAAD//v8kbQBvAHQAbwByACAAbQBvAHUAbgB0ACAAYQBuAGQAIABsAGkAbgBrAC0AMQBAAHUAcABkAGEAdABlAGQAIABhAHMAcwBlAG0ABAAAABAAAAABAAAAAQAAAEwAAAA=</a:base64Binary><a:base64Binary>aEIAAAUAAAD//v8mbQBvAHQAbwByACAAbQBvAHUAbgB0ACAAYQBuAGQAIABsAGkAbgBrACAATAAtADIAQAB1AHAAZABhAHQAZQBkACAAYQBzAHMAZQBtAAQAAAAQAAAAAQAAAAEAAABbAAAA</a:base64Binary><a:base64Binary>aEIAAAUAAAD//v8mbQBvAHQAbwByACAAbQBvAHUAbgB0ACAAYQBuAGQAIABsAGkAbgBrACAATAAtADEAQAB1AHAAZABhAHQAZQBkACAAYQBzAHMAZQBtAAQAAAAQAAAAAQAAAAEAAABUAAAA</a:base64Binary><a:base64Binary>aEIAAAUAAAD//v8gbABpAG4AawAgAGYAbwByACAAcwB1AHAAcABvAHIAdAAtADEAQAB1AHAAZABhAHQAZQBkACAAYQBzAHMAZQBtAAQAAAAQAAAAAQAAAAEAAABTAAAA</a:base64Binary></SWComponentPIDs><SWMainComponentPID i:nil="true"/><Visual z:Ref="i150"/><isFixedFrame>false</isFixedFrame><isIncomplete>false</isIncomplete></Link></Children><Collision z:Ref="i96"/><Inertial z:Ref="i70"/><Joint z:Ref="i103"/><NameAttribute z:Ref="i69"/><Parent z:Ref="i1"/><STLQualityFine>false</STLQualityFine><SWComponentPIDs xmlns:a="http://schemas.microsoft.com/2003/10/Serialization/Arrays"><a:base64Binary>aEIAAAUAAAD//v8fYwBhAHMAaQBuAGcAIABtAGkAcgByAG8AcgBlAGQALQAxAEAAdQBwAGQAYQB0AGUAZAAgAGEAcwBzAGUAbQAEAAAAEAAAAAEAAAABAAAAJAAAAA==</a:base64Binary><a:base64Binary>aEIAAAUAAAD//v8fQwBhAHMAaQBuAGcAIABuAG8AIABlAHIAcgBvAHIALQAxAEAAdQBwAGQAYQB0AGUAZAAgAGEAcwBzAGUAbQAEAAAAEAAAAAEAAAABAAAAIwAAAA==</a:base64Binary><a:base64Binary>aEIAAAUAAAD//v8UMAAuADYAbQAtADEAQAB1AHAAZABhAHQAZQBkACAAYQBzAHMAZQBtAAQAAAAQAAAAAQAAAAEAAAAxAAAA</a:base64Binary><a:base64Binary>aEIAAAUAAAD//v8kbQBvAHUAbgB0ACAAZwBvAG8AZgBlAGQAIABtAHUAaQByAHIAbwByAC0AMQBAAHUAcABkAGEAdABlAGQAIABhAHMAcwBlAG0ABAAAABAAAAABAAAAAQAAADYAAAA=</a:base64Binary><a:base64Binary>aEIAAAUAAAD//v8kTQBvAHUAbgB0ACAAZgBvAHIAIABnAG8AbwBmAHkAdABoAGkAbgBnAC0AMQBAAHUAcABkAGEAdABlAGQAIABhAHMAcwBlAG0ABAAAABAAAAABAAAAAQAAADUAAAA=</a:base64Binary></SWComponentPIDs><SWMainComponentPID i:nil="true"/><Visual z:Ref="i83"/><isFixedFrame>false</isFixedFrame><isIncomplete>false</isIncomplete></Link></Children><Collision z:Ref="i29"/><Inertial z:Ref="i3"/><Joint z:Ref="i36"/><NameAttribute z:Ref="i2"/><Parent i:nil="true"/><STLQualityFine>false</STLQualityFine><SWComponentPIDs xmlns:a="http://schemas.microsoft.com/2003/10/Serialization/Arrays"><a:base64Binary>aEIAAAUAAAD//v8rTQBvAHUAbgB0AC0ARQB4AHQAcgB1AGQAZQAgAFQAbwBwACAAQwB5AGMAbABvAGkAZABhAGwALQAyAEAAdQBwAGQAYQB0AGUAZAAgAGEAcwBzAGUAbQAEAAAAEAAAAAEAAAABAAAAIgAAAA==</a:base64Binary><a:base64Binary>aEIAAAUAAAD//v8rTQBvAHUAbgB0AC0ARQB4AHQAcgB1AGQAZQAgAFQAbwBwACAAQwB5AGMAbABvAGkAZABhAGwALQAxAEAAdQBwAGQAYQB0AGUAZAAgAGEAcwBzAGUAbQAEAAAAEAAAAAEAAAABAAAAGAAAAA==</a:base64Binary></SWComponentPIDs><SWMainComponentPID i:nil="true"/><Visual z:Ref="i16"/><isFixedFrame>false</isFixedFrame><isIncomplete>false</isIncomplete></Link>
2025-07-01 18:08:56,346 INFO  ?: ? - AfterClose called. This method no longer throws an Exception. It just silently does nothing. Ok, except for this logging message
2025-07-01 18:09:02,066 INFO  SwAddin.cs: 295 - Assembly export called for file updated assem
2025-07-01 18:09:02,067 INFO  SwAddin.cs: 299 - Save is required
2025-07-01 18:09:02,067 INFO  SwAddin.cs: 314 - Saving assembly
2025-07-01 18:09:02,540 INFO  SwAddin.cs: 317 - Opening property manager
2025-07-01 18:09:02,540 INFO  ExportHelperExtension.cs: 1127 - Retrieving features of type [CoordSys] from updated assem
2025-07-01 18:09:02,541 INFO  ExportHelperExtension.cs: 1137 - Found 119 in updated assem
2025-07-01 18:09:02,541 INFO  ExportHelperExtension.cs: 1146 - Found 4 features of type [CoordSys] in updated assem
2025-07-01 18:09:02,541 INFO  ExportHelperExtension.cs: 1149 - Proceeding through assembly components
2025-07-01 18:09:02,541 INFO  ExportHelperExtension.cs: 1161 - 22 components to check
2025-07-01 18:09:02,542 INFO  ExportHelperExtension.cs: 1127 - Retrieving features of type [CoordSys] from Casing no error-1
2025-07-01 18:09:02,542 INFO  ExportHelperExtension.cs: 1137 - Found 50 in Casing no error-1
2025-07-01 18:09:02,542 INFO  ExportHelperExtension.cs: 1146 - Found 0 features of type [CoordSys] in Casing no error-1
2025-07-01 18:09:02,543 INFO  ExportHelperExtension.cs: 1127 - Retrieving features of type [CoordSys] from casing mirrored-1
2025-07-01 18:09:02,543 INFO  ExportHelperExtension.cs: 1137 - Found 53 in casing mirrored-1
2025-07-01 18:09:02,543 INFO  ExportHelperExtension.cs: 1146 - Found 0 features of type [CoordSys] in casing mirrored-1
2025-07-01 18:09:02,544 INFO  ExportHelperExtension.cs: 1127 - Retrieving features of type [CoordSys] from 0.6m-1
2025-07-01 18:09:02,544 INFO  ExportHelperExtension.cs: 1137 - Found 25 in 0.6m-1
2025-07-01 18:09:02,544 INFO  ExportHelperExtension.cs: 1146 - Found 0 features of type [CoordSys] in 0.6m-1
2025-07-01 18:09:02,545 INFO  ExportHelperExtension.cs: 1127 - Retrieving features of type [CoordSys] from casing mirror mirorr mirrrrr-2
2025-07-01 18:09:02,545 INFO  ExportHelperExtension.cs: 1137 - Found 34 in casing mirror mirorr mirrrrr-2
2025-07-01 18:09:02,545 INFO  ExportHelperExtension.cs: 1146 - Found 0 features of type [CoordSys] in casing mirror mirorr mirrrrr-2
2025-07-01 18:09:02,545 INFO  ExportHelperExtension.cs: 1127 - Retrieving features of type [CoordSys] from Casing-2
2025-07-01 18:09:02,546 INFO  ExportHelperExtension.cs: 1137 - Found 44 in Casing-2
2025-07-01 18:09:02,546 INFO  ExportHelperExtension.cs: 1146 - Found 0 features of type [CoordSys] in Casing-2
2025-07-01 18:09:02,546 INFO  ExportHelperExtension.cs: 1127 - Retrieving features of type [CoordSys] from motor mount and link-1
2025-07-01 18:09:02,547 INFO  ExportHelperExtension.cs: 1137 - Found 46 in motor mount and link-1
2025-07-01 18:09:02,547 INFO  ExportHelperExtension.cs: 1146 - Found 0 features of type [CoordSys] in motor mount and link-1
2025-07-01 18:09:02,548 INFO  ExportHelperExtension.cs: 1127 - Retrieving features of type [CoordSys] from Mount for goofything-1
2025-07-01 18:09:02,548 INFO  ExportHelperExtension.cs: 1137 - Found 39 in Mount for goofything-1
2025-07-01 18:09:02,548 INFO  ExportHelperExtension.cs: 1146 - Found 0 features of type [CoordSys] in Mount for goofything-1
2025-07-01 18:09:02,549 INFO  ExportHelperExtension.cs: 1127 - Retrieving features of type [CoordSys] from diff C section-1
2025-07-01 18:09:02,549 INFO  ExportHelperExtension.cs: 1137 - Found 43 in diff C section-1
2025-07-01 18:09:02,549 INFO  ExportHelperExtension.cs: 1146 - Found 0 features of type [CoordSys] in diff C section-1
2025-07-01 18:09:02,550 INFO  ExportHelperExtension.cs: 1127 - Retrieving features of type [CoordSys] from link for support-1
2025-07-01 18:09:02,550 INFO  ExportHelperExtension.cs: 1137 - Found 46 in link for support-1
2025-07-01 18:09:02,550 INFO  ExportHelperExtension.cs: 1146 - Found 0 features of type [CoordSys] in link for support-1
2025-07-01 18:09:02,551 INFO  ExportHelperExtension.cs: 1127 - Retrieving features of type [CoordSys] from Mount-Extrude Top Cycloidal-1
2025-07-01 18:09:02,551 INFO  ExportHelperExtension.cs: 1137 - Found 69 in Mount-Extrude Top Cycloidal-1
2025-07-01 18:09:02,551 INFO  ExportHelperExtension.cs: 1146 - Found 0 features of type [CoordSys] in Mount-Extrude Top Cycloidal-1
2025-07-01 18:09:02,552 INFO  ExportHelperExtension.cs: 1127 - Retrieving features of type [CoordSys] from 04m-1
2025-07-01 18:09:02,552 INFO  ExportHelperExtension.cs: 1137 - Found 25 in 04m-1
2025-07-01 18:09:02,552 INFO  ExportHelperExtension.cs: 1146 - Found 0 features of type [CoordSys] in 04m-1
2025-07-01 18:09:02,553 INFO  ExportHelperExtension.cs: 1127 - Retrieving features of type [CoordSys] from diff C section I part-1
2025-07-01 18:09:02,553 INFO  ExportHelperExtension.cs: 1137 - Found 43 in diff C section I part-1
2025-07-01 18:09:02,553 INFO  ExportHelperExtension.cs: 1146 - Found 0 features of type [CoordSys] in diff C section I part-1
2025-07-01 18:09:02,554 INFO  ExportHelperExtension.cs: 1127 - Retrieving features of type [CoordSys] from mount goofed muirror-1
2025-07-01 18:09:02,554 INFO  ExportHelperExtension.cs: 1137 - Found 34 in mount goofed muirror-1
2025-07-01 18:09:02,554 INFO  ExportHelperExtension.cs: 1146 - Found 0 features of type [CoordSys] in mount goofed muirror-1
2025-07-01 18:09:02,555 INFO  ExportHelperExtension.cs: 1127 - Retrieving features of type [CoordSys] from Mount-Extrude Top Cycloidal-2
2025-07-01 18:09:02,555 INFO  ExportHelperExtension.cs: 1137 - Found 69 in Mount-Extrude Top Cycloidal-2
2025-07-01 18:09:02,556 INFO  ExportHelperExtension.cs: 1146 - Found 0 features of type [CoordSys] in Mount-Extrude Top Cycloidal-2
2025-07-01 18:09:02,556 INFO  ExportHelperExtension.cs: 1127 - Retrieving features of type [CoordSys] from 15-32-9 bearing holder-1
2025-07-01 18:09:02,556 INFO  ExportHelperExtension.cs: 1137 - Found 27 in 15-32-9 bearing holder-1
2025-07-01 18:09:02,557 INFO  ExportHelperExtension.cs: 1146 - Found 0 features of type [CoordSys] in 15-32-9 bearing holder-1
2025-07-01 18:09:02,557 INFO  ExportHelperExtension.cs: 1127 - Retrieving features of type [CoordSys] from motor mount and link L-2
2025-07-01 18:09:02,557 INFO  ExportHelperExtension.cs: 1137 - Found 68 in motor mount and link L-2
2025-07-01 18:09:02,558 INFO  ExportHelperExtension.cs: 1146 - Found 0 features of type [CoordSys] in motor mount and link L-2
2025-07-01 18:09:02,558 INFO  ExportHelperExtension.cs: 1127 - Retrieving features of type [CoordSys] from diff C section I part-2
2025-07-01 18:09:02,558 INFO  ExportHelperExtension.cs: 1137 - Found 43 in diff C section I part-2
2025-07-01 18:09:02,559 INFO  ExportHelperExtension.cs: 1146 - Found 0 features of type [CoordSys] in diff C section I part-2
2025-07-01 18:09:02,559 INFO  ExportHelperExtension.cs: 1127 - Retrieving features of type [CoordSys] from motor mount and link L-1
2025-07-01 18:09:02,559 INFO  ExportHelperExtension.cs: 1137 - Found 68 in motor mount and link L-1
2025-07-01 18:09:02,560 INFO  ExportHelperExtension.cs: 1146 - Found 0 features of type [CoordSys] in motor mount and link L-1
2025-07-01 18:09:02,560 INFO  ExportHelperExtension.cs: 1127 - Retrieving features of type [CoordSys] from diff C section-2
2025-07-01 18:09:02,560 INFO  ExportHelperExtension.cs: 1137 - Found 43 in diff C section-2
2025-07-01 18:09:02,561 INFO  ExportHelperExtension.cs: 1146 - Found 0 features of type [CoordSys] in diff C section-2
2025-07-01 18:09:02,561 INFO  ExportHelperExtension.cs: 1127 - Retrieving features of type [CoordSys] from Gripper YPR Connection-1
2025-07-01 18:09:02,562 INFO  ExportHelperExtension.cs: 1137 - Found 31 in Gripper YPR Connection-1
2025-07-01 18:09:02,562 INFO  ExportHelperExtension.cs: 1146 - Found 0 features of type [CoordSys] in Gripper YPR Connection-1
2025-07-01 18:09:02,562 INFO  ExportHelperExtension.cs: 1127 - Retrieving features of type [CoordSys] from gripper updated_51-1
2025-07-01 18:09:02,563 INFO  ExportHelperExtension.cs: 1137 - Found 23 in gripper updated_51-1
2025-07-01 18:09:02,563 INFO  ExportHelperExtension.cs: 1146 - Found 0 features of type [CoordSys] in gripper updated_51-1
2025-07-01 18:09:02,564 INFO  ExportHelperExtension.cs: 1127 - Retrieving features of type [CoordSys] from diff to gripper-2
2025-07-01 18:09:02,564 INFO  ExportHelperExtension.cs: 1137 - Found 29 in diff to gripper-2
2025-07-01 18:09:02,564 INFO  ExportHelperExtension.cs: 1146 - Found 0 features of type [CoordSys] in diff to gripper-2
2025-07-01 18:09:02,564 INFO  ExportHelperExtension.cs: 1127 - Retrieving features of type [RefAxis] from updated assem
2025-07-01 18:09:02,565 INFO  ExportHelperExtension.cs: 1137 - Found 119 in updated assem
2025-07-01 18:09:02,571 INFO  ExportHelperExtension.cs: 1146 - Found 4 features of type [RefAxis] in updated assem
2025-07-01 18:09:02,571 INFO  ExportHelperExtension.cs: 1149 - Proceeding through assembly components
2025-07-01 18:09:02,571 INFO  ExportHelperExtension.cs: 1161 - 22 components to check
2025-07-01 18:09:02,572 INFO  ExportHelperExtension.cs: 1127 - Retrieving features of type [RefAxis] from Casing no error-1
2025-07-01 18:09:02,622 INFO  ExportHelperExtension.cs: 1137 - Found 50 in Casing no error-1
2025-07-01 18:09:02,623 INFO  ExportHelperExtension.cs: 1146 - Found 0 features of type [RefAxis] in Casing no error-1
2025-07-01 18:09:02,623 INFO  ExportHelperExtension.cs: 1127 - Retrieving features of type [RefAxis] from casing mirrored-1
2025-07-01 18:09:02,624 INFO  ExportHelperExtension.cs: 1137 - Found 53 in casing mirrored-1
2025-07-01 18:09:02,624 INFO  ExportHelperExtension.cs: 1146 - Found 0 features of type [RefAxis] in casing mirrored-1
2025-07-01 18:09:02,625 INFO  ExportHelperExtension.cs: 1127 - Retrieving features of type [RefAxis] from 0.6m-1
2025-07-01 18:09:02,625 INFO  ExportHelperExtension.cs: 1137 - Found 25 in 0.6m-1
2025-07-01 18:09:02,625 INFO  ExportHelperExtension.cs: 1146 - Found 0 features of type [RefAxis] in 0.6m-1
2025-07-01 18:09:02,625 INFO  ExportHelperExtension.cs: 1127 - Retrieving features of type [RefAxis] from casing mirror mirorr mirrrrr-2
2025-07-01 18:09:02,626 INFO  ExportHelperExtension.cs: 1137 - Found 34 in casing mirror mirorr mirrrrr-2
2025-07-01 18:09:02,627 INFO  ExportHelperExtension.cs: 1146 - Found 0 features of type [RefAxis] in casing mirror mirorr mirrrrr-2
2025-07-01 18:09:02,627 INFO  ExportHelperExtension.cs: 1127 - Retrieving features of type [RefAxis] from Casing-2
2025-07-01 18:09:02,627 INFO  ExportHelperExtension.cs: 1137 - Found 44 in Casing-2
2025-07-01 18:09:02,628 INFO  ExportHelperExtension.cs: 1146 - Found 0 features of type [RefAxis] in Casing-2
2025-07-01 18:09:02,628 INFO  ExportHelperExtension.cs: 1127 - Retrieving features of type [RefAxis] from motor mount and link-1
2025-07-01 18:09:02,628 INFO  ExportHelperExtension.cs: 1137 - Found 46 in motor mount and link-1
2025-07-01 18:09:02,629 INFO  ExportHelperExtension.cs: 1146 - Found 0 features of type [RefAxis] in motor mount and link-1
2025-07-01 18:09:02,629 INFO  ExportHelperExtension.cs: 1127 - Retrieving features of type [RefAxis] from Mount for goofything-1
2025-07-01 18:09:02,629 INFO  ExportHelperExtension.cs: 1137 - Found 39 in Mount for goofything-1
2025-07-01 18:09:02,630 INFO  ExportHelperExtension.cs: 1146 - Found 0 features of type [RefAxis] in Mount for goofything-1
2025-07-01 18:09:02,630 INFO  ExportHelperExtension.cs: 1127 - Retrieving features of type [RefAxis] from diff C section-1
2025-07-01 18:09:02,630 INFO  ExportHelperExtension.cs: 1137 - Found 43 in diff C section-1
2025-07-01 18:09:02,631 INFO  ExportHelperExtension.cs: 1146 - Found 0 features of type [RefAxis] in diff C section-1
2025-07-01 18:09:02,631 INFO  ExportHelperExtension.cs: 1127 - Retrieving features of type [RefAxis] from link for support-1
2025-07-01 18:09:02,631 INFO  ExportHelperExtension.cs: 1137 - Found 46 in link for support-1
2025-07-01 18:09:02,632 INFO  ExportHelperExtension.cs: 1146 - Found 0 features of type [RefAxis] in link for support-1
2025-07-01 18:09:02,632 INFO  ExportHelperExtension.cs: 1127 - Retrieving features of type [RefAxis] from Mount-Extrude Top Cycloidal-1
2025-07-01 18:09:02,632 INFO  ExportHelperExtension.cs: 1137 - Found 69 in Mount-Extrude Top Cycloidal-1
2025-07-01 18:09:02,633 INFO  ExportHelperExtension.cs: 1146 - Found 0 features of type [RefAxis] in Mount-Extrude Top Cycloidal-1
2025-07-01 18:09:02,633 INFO  ExportHelperExtension.cs: 1127 - Retrieving features of type [RefAxis] from 04m-1
2025-07-01 18:09:02,633 INFO  ExportHelperExtension.cs: 1137 - Found 25 in 04m-1
2025-07-01 18:09:02,634 INFO  ExportHelperExtension.cs: 1146 - Found 0 features of type [RefAxis] in 04m-1
2025-07-01 18:09:02,634 INFO  ExportHelperExtension.cs: 1127 - Retrieving features of type [RefAxis] from diff C section I part-1
2025-07-01 18:09:02,634 INFO  ExportHelperExtension.cs: 1137 - Found 43 in diff C section I part-1
2025-07-01 18:09:02,634 INFO  ExportHelperExtension.cs: 1146 - Found 0 features of type [RefAxis] in diff C section I part-1
2025-07-01 18:09:02,635 INFO  ExportHelperExtension.cs: 1127 - Retrieving features of type [RefAxis] from mount goofed muirror-1
2025-07-01 18:09:02,635 INFO  ExportHelperExtension.cs: 1137 - Found 34 in mount goofed muirror-1
2025-07-01 18:09:02,635 INFO  ExportHelperExtension.cs: 1146 - Found 0 features of type [RefAxis] in mount goofed muirror-1
2025-07-01 18:09:02,635 INFO  ExportHelperExtension.cs: 1127 - Retrieving features of type [RefAxis] from Mount-Extrude Top Cycloidal-2
2025-07-01 18:09:02,635 INFO  ExportHelperExtension.cs: 1137 - Found 69 in Mount-Extrude Top Cycloidal-2
2025-07-01 18:09:02,636 INFO  ExportHelperExtension.cs: 1146 - Found 0 features of type [RefAxis] in Mount-Extrude Top Cycloidal-2
2025-07-01 18:09:02,637 INFO  ExportHelperExtension.cs: 1127 - Retrieving features of type [RefAxis] from 15-32-9 bearing holder-1
2025-07-01 18:09:02,637 INFO  ExportHelperExtension.cs: 1137 - Found 27 in 15-32-9 bearing holder-1
2025-07-01 18:09:02,637 INFO  ExportHelperExtension.cs: 1146 - Found 0 features of type [RefAxis] in 15-32-9 bearing holder-1
2025-07-01 18:09:02,637 INFO  ExportHelperExtension.cs: 1127 - Retrieving features of type [RefAxis] from motor mount and link L-2
2025-07-01 18:09:02,638 INFO  ExportHelperExtension.cs: 1137 - Found 68 in motor mount and link L-2
2025-07-01 18:09:02,638 INFO  ExportHelperExtension.cs: 1146 - Found 0 features of type [RefAxis] in motor mount and link L-2
2025-07-01 18:09:02,638 INFO  ExportHelperExtension.cs: 1127 - Retrieving features of type [RefAxis] from diff C section I part-2
2025-07-01 18:09:02,639 INFO  ExportHelperExtension.cs: 1137 - Found 43 in diff C section I part-2
2025-07-01 18:09:02,639 INFO  ExportHelperExtension.cs: 1146 - Found 0 features of type [RefAxis] in diff C section I part-2
2025-07-01 18:09:02,639 INFO  ExportHelperExtension.cs: 1127 - Retrieving features of type [RefAxis] from motor mount and link L-1
2025-07-01 18:09:02,640 INFO  ExportHelperExtension.cs: 1137 - Found 68 in motor mount and link L-1
2025-07-01 18:09:02,640 INFO  ExportHelperExtension.cs: 1146 - Found 0 features of type [RefAxis] in motor mount and link L-1
2025-07-01 18:09:02,640 INFO  ExportHelperExtension.cs: 1127 - Retrieving features of type [RefAxis] from diff C section-2
2025-07-01 18:09:02,641 INFO  ExportHelperExtension.cs: 1137 - Found 43 in diff C section-2
2025-07-01 18:09:02,641 INFO  ExportHelperExtension.cs: 1146 - Found 0 features of type [RefAxis] in diff C section-2
2025-07-01 18:09:02,641 INFO  ExportHelperExtension.cs: 1127 - Retrieving features of type [RefAxis] from Gripper YPR Connection-1
2025-07-01 18:09:02,641 INFO  ExportHelperExtension.cs: 1137 - Found 31 in Gripper YPR Connection-1
2025-07-01 18:09:02,642 INFO  ExportHelperExtension.cs: 1146 - Found 0 features of type [RefAxis] in Gripper YPR Connection-1
2025-07-01 18:09:02,642 INFO  ExportHelperExtension.cs: 1127 - Retrieving features of type [RefAxis] from gripper updated_51-1
2025-07-01 18:09:02,642 INFO  ExportHelperExtension.cs: 1137 - Found 23 in gripper updated_51-1
2025-07-01 18:09:02,643 INFO  ExportHelperExtension.cs: 1146 - Found 0 features of type [RefAxis] in gripper updated_51-1
2025-07-01 18:09:02,643 INFO  ExportHelperExtension.cs: 1127 - Retrieving features of type [RefAxis] from diff to gripper-2
2025-07-01 18:09:02,643 INFO  ExportHelperExtension.cs: 1137 - Found 29 in diff to gripper-2
2025-07-01 18:09:02,644 INFO  ExportHelperExtension.cs: 1146 - Found 0 features of type [RefAxis] in diff to gripper-2
2025-07-01 18:09:02,774 INFO  SwAddin.cs: 338 - Loading config tree
2025-07-01 18:09:02,775 INFO  ConfigurationSerialization.cs: 278 - URDF Configuration found
<Link z:Id="i1" xmlns="http://schemas.datacontract.org/2004/07/SW2URDF" xmlns:i="http://www.w3.org/2001/XMLSchema-instance" xmlns:z="http://schemas.microsoft.com/2003/10/Serialization/"><Attributes><Attribute z:Id="i2"><AttributeType>name</AttributeType><IsRequired>true</IsRequired><Value i:type="a:string" xmlns:a="http://www.w3.org/2001/XMLSchema">base_link</Value></Attribute></Attributes><ChildElements><URDFElement z:Id="i3" i:type="Inertial"><Attributes/><ChildElements><URDFElement z:Id="i4" i:type="Origin"><Attributes><Attribute z:Id="i5"><AttributeType>xyz</AttributeType><IsRequired>true</IsRequired><Value i:type="a:ArrayOfdouble" xmlns:a="http://schemas.microsoft.com/2003/10/Serialization/Arrays"><a:double>0</a:double><a:double>0</a:double><a:double>0</a:double></Value></Attribute><Attribute z:Id="i6"><AttributeType>rpy</AttributeType><IsRequired>true</IsRequired><Value i:type="a:ArrayOfdouble" xmlns:a="http://schemas.microsoft.com/2003/10/Serialization/Arrays"><a:double>0</a:double><a:double>0</a:double><a:double>0</a:double></Value></Attribute></Attributes><ChildElements/><ElementName>origin</ElementName><required>false</required><RPYAttribute z:Ref="i6"/><XYZAttribute z:Ref="i5"/><isCustomized>false</isCustomized></URDFElement><URDFElement z:Id="i7" i:type="Mass"><Attributes><Attribute z:Id="i8"><AttributeType>value</AttributeType><IsRequired>true</IsRequired><Value i:type="a:double" xmlns:a="http://www.w3.org/2001/XMLSchema">0</Value></Attribute></Attributes><ChildElements/><ElementName>mass</ElementName><required>false</required><ValueAttribute z:Ref="i8"/></URDFElement><URDFElement z:Id="i9" i:type="Inertia"><Attributes><Attribute z:Id="i10"><AttributeType>ixx</AttributeType><IsRequired>true</IsRequired><Value i:type="a:double" xmlns:a="http://www.w3.org/2001/XMLSchema">0</Value></Attribute><Attribute z:Id="i11"><AttributeType>ixy</AttributeType><IsRequired>true</IsRequired><Value i:type="a:double" xmlns:a="http://www.w3.org/2001/XMLSchema">0</Value></Attribute><Attribute z:Id="i12"><AttributeType>ixz</AttributeType><IsRequired>true</IsRequired><Value i:type="a:double" xmlns:a="http://www.w3.org/2001/XMLSchema">0</Value></Attribute><Attribute z:Id="i13"><AttributeType>iyy</AttributeType><IsRequired>true</IsRequired><Value i:type="a:double" xmlns:a="http://www.w3.org/2001/XMLSchema">0</Value></Attribute><Attribute z:Id="i14"><AttributeType>iyz</AttributeType><IsRequired>true</IsRequired><Value i:type="a:double" xmlns:a="http://www.w3.org/2001/XMLSchema">0</Value></Attribute><Attribute z:Id="i15"><AttributeType>izz</AttributeType><IsRequired>true</IsRequired><Value i:type="a:double" xmlns:a="http://www.w3.org/2001/XMLSchema">0</Value></Attribute></Attributes><ChildElements/><ElementName>inertia</ElementName><required>false</required><IxxAttribute z:Ref="i10"/><IxyAttribute z:Ref="i11"/><IxzAttribute z:Ref="i12"/><IyyAttribute z:Ref="i13"/><IyzAttribute z:Ref="i14"/><IzzAttribute z:Ref="i15"/></URDFElement></ChildElements><ElementName>inertial</ElementName><required>false</required><Inertia z:Ref="i9"/><Mass z:Ref="i7"/><Origin z:Ref="i4"/></URDFElement><URDFElement z:Id="i16" i:type="Visual"><Attributes/><ChildElements><URDFElement z:Id="i17" i:type="Origin"><Attributes><Attribute z:Id="i18"><AttributeType>xyz</AttributeType><IsRequired>true</IsRequired><Value i:type="a:ArrayOfdouble" xmlns:a="http://schemas.microsoft.com/2003/10/Serialization/Arrays"><a:double>0</a:double><a:double>0</a:double><a:double>0</a:double></Value></Attribute><Attribute z:Id="i19"><AttributeType>rpy</AttributeType><IsRequired>true</IsRequired><Value i:type="a:ArrayOfdouble" xmlns:a="http://schemas.microsoft.com/2003/10/Serialization/Arrays"><a:double>0</a:double><a:double>0</a:double><a:double>0</a:double></Value></Attribute></Attributes><ChildElements/><ElementName>origin</ElementName><required>false</required><RPYAttribute z:Ref="i19"/><XYZAttribute z:Ref="i18"/><isCustomized>false</isCustomized></URDFElement><URDFElement z:Id="i20" i:type="Geometry"><Attributes/><ChildElements><URDFElement z:Id="i21" i:type="Mesh"><Attributes><Attribute z:Id="i22"><AttributeType>filename</AttributeType><IsRequired>true</IsRequired><Value i:nil="true"/></Attribute></Attributes><ChildElements/><ElementName>mesh</ElementName><required>false</required><FilenameAttribute z:Ref="i22"/></URDFElement></ChildElements><ElementName>geometry</ElementName><required>true</required><Mesh z:Ref="i21"/></URDFElement><URDFElement z:Id="i23" i:type="Material"><Attributes><Attribute z:Id="i24"><AttributeType>name</AttributeType><IsRequired>true</IsRequired><Value i:type="a:string" xmlns:a="http://www.w3.org/2001/XMLSchema"/></Attribute></Attributes><ChildElements><URDFElement z:Id="i25" i:type="Color"><Attributes><Attribute z:Id="i26"><AttributeType>rgba</AttributeType><IsRequired>true</IsRequired><Value i:type="a:ArrayOfdouble" xmlns:a="http://schemas.microsoft.com/2003/10/Serialization/Arrays"><a:double>1</a:double><a:double>1</a:double><a:double>1</a:double><a:double>1</a:double></Value></Attribute></Attributes><ChildElements/><ElementName>color</ElementName><required>false</required><RGBAAttribute z:Ref="i26"/></URDFElement><URDFElement z:Id="i27" i:type="Texture"><Attributes><Attribute z:Id="i28"><AttributeType>filename</AttributeType><IsRequired>true</IsRequired><Value i:nil="true"/></Attribute></Attributes><ChildElements/><ElementName>texture</ElementName><required>false</required><FilenameAttribute z:Ref="i28"/><wFilename/></URDFElement></ChildElements><ElementName>material</ElementName><required>false</required><Color z:Ref="i25"/><NameAttribute z:Ref="i24"/><Texture z:Ref="i27"/></URDFElement></ChildElements><ElementName>visual</ElementName><required>false</required><Geometry z:Ref="i20"/><Material z:Ref="i23"/><Origin z:Ref="i17"/></URDFElement><URDFElement z:Id="i29" i:type="Collision"><Attributes/><ChildElements><URDFElement z:Id="i30" i:type="Origin"><Attributes><Attribute z:Id="i31"><AttributeType>xyz</AttributeType><IsRequired>true</IsRequired><Value i:type="a:ArrayOfdouble" xmlns:a="http://schemas.microsoft.com/2003/10/Serialization/Arrays"><a:double>0</a:double><a:double>0</a:double><a:double>0</a:double></Value></Attribute><Attribute z:Id="i32"><AttributeType>rpy</AttributeType><IsRequired>true</IsRequired><Value i:type="a:ArrayOfdouble" xmlns:a="http://schemas.microsoft.com/2003/10/Serialization/Arrays"><a:double>0</a:double><a:double>0</a:double><a:double>0</a:double></Value></Attribute></Attributes><ChildElements/><ElementName>origin</ElementName><required>false</required><RPYAttribute z:Ref="i32"/><XYZAttribute z:Ref="i31"/><isCustomized>false</isCustomized></URDFElement><URDFElement z:Id="i33" i:type="Geometry"><Attributes/><ChildElements><URDFElement z:Id="i34" i:type="Mesh"><Attributes><Attribute z:Id="i35"><AttributeType>filename</AttributeType><IsRequired>true</IsRequired><Value i:nil="true"/></Attribute></Attributes><ChildElements/><ElementName>mesh</ElementName><required>false</required><FilenameAttribute z:Ref="i35"/></URDFElement></ChildElements><ElementName>geometry</ElementName><required>true</required><Mesh z:Ref="i34"/></URDFElement></ChildElements><ElementName>collision</ElementName><required>false</required><Geometry z:Ref="i33"/><Origin z:Ref="i30"/></URDFElement><URDFElement z:Id="i36" i:type="Joint"><Attributes><Attribute z:Id="i37"><AttributeType>name</AttributeType><IsRequired>true</IsRequired><Value i:type="a:string" xmlns:a="http://www.w3.org/2001/XMLSchema"/></Attribute><Attribute z:Id="i38"><AttributeType>type</AttributeType><IsRequired>true</IsRequired><Value i:type="a:string" xmlns:a="http://www.w3.org/2001/XMLSchema"/></Attribute></Attributes><ChildElements><URDFElement z:Id="i39" i:type="Origin"><Attributes><Attribute z:Id="i40"><AttributeType>xyz</AttributeType><IsRequired>true</IsRequired><Value i:type="a:ArrayOfdouble" xmlns:a="http://schemas.microsoft.com/2003/10/Serialization/Arrays"><a:double>0</a:double><a:double>0</a:double><a:double>0</a:double></Value></Attribute><Attribute z:Id="i41"><AttributeType>rpy</AttributeType><IsRequired>true</IsRequired><Value i:type="a:ArrayOfdouble" xmlns:a="http://schemas.microsoft.com/2003/10/Serialization/Arrays"><a:double>0</a:double><a:double>0</a:double><a:double>0</a:double></Value></Attribute></Attributes><ChildElements/><ElementName>origin</ElementName><required>false</required><RPYAttribute z:Ref="i41"/><XYZAttribute z:Ref="i40"/><isCustomized>false</isCustomized></URDFElement><URDFElement z:Id="i42" i:type="ParentLink"><Attributes><Attribute z:Id="i43"><AttributeType>link</AttributeType><IsRequired>true</IsRequired><Value i:type="a:string" xmlns:a="http://www.w3.org/2001/XMLSchema"/></Attribute></Attributes><ChildElements/><ElementName>parent</ElementName><required>true</required><NameAttribute z:Ref="i43"/></URDFElement><URDFElement z:Id="i44" i:type="ChildLink"><Attributes><Attribute z:Id="i45"><AttributeType>link</AttributeType><IsRequired>true</IsRequired><Value i:type="a:string" xmlns:a="http://www.w3.org/2001/XMLSchema"/></Attribute></Attributes><ChildElements/><ElementName>child</ElementName><required>true</required><NameAttribute z:Ref="i45"/></URDFElement><URDFElement z:Id="i46" i:type="Axis"><Attributes><Attribute z:Id="i47"><AttributeType>xyz</AttributeType><IsRequired>true</IsRequired><Value i:type="a:ArrayOfdouble" xmlns:a="http://schemas.microsoft.com/2003/10/Serialization/Arrays"><a:double>0</a:double><a:double>0</a:double><a:double>0</a:double></Value></Attribute></Attributes><ChildElements/><ElementName>axis</ElementName><required>false</required><XYZAttribute z:Ref="i47"/></URDFElement><URDFElement z:Id="i48" i:type="Limit"><Attributes><Attribute z:Id="i49"><AttributeType>lower</AttributeType><IsRequired>false</IsRequired><Value i:nil="true"/></Attribute><Attribute z:Id="i50"><AttributeType>upper</AttributeType><IsRequired>false</IsRequired><Value i:nil="true"/></Attribute><Attribute z:Id="i51"><AttributeType>effort</AttributeType><IsRequired>true</IsRequired><Value i:nil="true"/></Attribute><Attribute z:Id="i52"><AttributeType>velocity</AttributeType><IsRequired>true</IsRequired><Value i:nil="true"/></Attribute></Attributes><ChildElements/><ElementName>limit</ElementName><required>false</required><EffortAttribute z:Ref="i51"/><LowerAttribute z:Ref="i49"/><UpperAttribute z:Ref="i50"/><VelocityAttribute z:Ref="i52"/></URDFElement><URDFElement z:Id="i53" i:type="Calibration"><Attributes><Attribute z:Id="i54"><AttributeType>rising</AttributeType><IsRequired>false</IsRequired><Value i:nil="true"/></Attribute><Attribute z:Id="i55"><AttributeType>falling</AttributeType><IsRequired>false</IsRequired><Value i:nil="true"/></Attribute></Attributes><ChildElements/><ElementName>calibration</ElementName><required>false</required><FallingAttribute z:Ref="i55"/><RisingAttribute z:Ref="i54"/></URDFElement><URDFElement z:Id="i56" i:type="Dynamics"><Attributes><Attribute z:Id="i57"><AttributeType>damping</AttributeType><IsRequired>false</IsRequired><Value i:nil="true"/></Attribute><Attribute z:Id="i58"><AttributeType>friction</AttributeType><IsRequired>false</IsRequired><Value i:nil="true"/></Attribute></Attributes><ChildElements/><ElementName>dynamics</ElementName><required>false</required><DampingAttribute z:Ref="i57"/><FrictionAttribute z:Ref="i58"/></URDFElement><URDFElement z:Id="i59" i:type="SafetyController"><Attributes><Attribute z:Id="i60"><AttributeType>soft_upper_limit</AttributeType><IsRequired>false</IsRequired><Value i:nil="true"/></Attribute><Attribute z:Id="i61"><AttributeType>soft_lower_limit</AttributeType><IsRequired>false</IsRequired><Value i:nil="true"/></Attribute><Attribute z:Id="i62"><AttributeType>k_position</AttributeType><IsRequired>false</IsRequired><Value i:nil="true"/></Attribute><Attribute z:Id="i63"><AttributeType>k_velocity</AttributeType><IsRequired>true</IsRequired><Value i:nil="true"/></Attribute></Attributes><ChildElements/><ElementName>safety_controller</ElementName><required>false</required><KPositionAttribute z:Ref="i62"/><KVelocityAttribute z:Ref="i63"/><SoftLowerAttribute z:Ref="i61"/><SoftUpperAttribute z:Ref="i60"/></URDFElement><URDFElement z:Id="i64" i:type="Mimic"><Attributes><Attribute z:Id="i65"><AttributeType>joint</AttributeType><IsRequired>true</IsRequired><Value i:nil="true"/></Attribute><Attribute z:Id="i66"><AttributeType>multiplier</AttributeType><IsRequired>false</IsRequired><Value i:nil="true"/></Attribute><Attribute z:Id="i67"><AttributeType>offset</AttributeType><IsRequired>false</IsRequired><Value i:nil="true"/></Attribute></Attributes><ChildElements/><ElementName>mimic</ElementName><required>false</required><JointNameAttribute z:Ref="i65"/><MultiplierAttribute z:Ref="i66"/><OffsetAttribute z:Ref="i67"/></URDFElement></ChildElements><ElementName>joint</ElementName><required>false</required><Axis z:Ref="i46"/><AxisName/><Calibration z:Ref="i53"/><Child z:Ref="i44"/><CoordinateSystemName>Coordinate System1</CoordinateSystemName><Dynamics z:Ref="i56"/><Limit z:Ref="i48"/><Mimic z:Ref="i64"/><NameAttribute z:Ref="i37"/><Origin z:Ref="i39"/><Parent z:Ref="i42"/><Safety z:Ref="i59"/><TypeAttribute z:Ref="i38"/></URDFElement></ChildElements><ElementName>link</ElementName><required>true</required><Children><Link z:Id="i68"><Attributes><Attribute z:Id="i69"><AttributeType>name</AttributeType><IsRequired>true</IsRequired><Value i:type="a:string" xmlns:a="http://www.w3.org/2001/XMLSchema">dof1</Value></Attribute></Attributes><ChildElements><URDFElement z:Id="i70" i:type="Inertial"><Attributes/><ChildElements><URDFElement z:Id="i71" i:type="Origin"><Attributes><Attribute z:Id="i72"><AttributeType>xyz</AttributeType><IsRequired>true</IsRequired><Value i:type="a:ArrayOfdouble" xmlns:a="http://schemas.microsoft.com/2003/10/Serialization/Arrays"><a:double>0</a:double><a:double>0</a:double><a:double>0</a:double></Value></Attribute><Attribute z:Id="i73"><AttributeType>rpy</AttributeType><IsRequired>true</IsRequired><Value i:type="a:ArrayOfdouble" xmlns:a="http://schemas.microsoft.com/2003/10/Serialization/Arrays"><a:double>0</a:double><a:double>0</a:double><a:double>0</a:double></Value></Attribute></Attributes><ChildElements/><ElementName>origin</ElementName><required>false</required><RPYAttribute z:Ref="i73"/><XYZAttribute z:Ref="i72"/><isCustomized>false</isCustomized></URDFElement><URDFElement z:Id="i74" i:type="Mass"><Attributes><Attribute z:Id="i75"><AttributeType>value</AttributeType><IsRequired>true</IsRequired><Value i:type="a:double" xmlns:a="http://www.w3.org/2001/XMLSchema">0</Value></Attribute></Attributes><ChildElements/><ElementName>mass</ElementName><required>false</required><ValueAttribute z:Ref="i75"/></URDFElement><URDFElement z:Id="i76" i:type="Inertia"><Attributes><Attribute z:Id="i77"><AttributeType>ixx</AttributeType><IsRequired>true</IsRequired><Value i:type="a:double" xmlns:a="http://www.w3.org/2001/XMLSchema">0</Value></Attribute><Attribute z:Id="i78"><AttributeType>ixy</AttributeType><IsRequired>true</IsRequired><Value i:type="a:double" xmlns:a="http://www.w3.org/2001/XMLSchema">0</Value></Attribute><Attribute z:Id="i79"><AttributeType>ixz</AttributeType><IsRequired>true</IsRequired><Value i:type="a:double" xmlns:a="http://www.w3.org/2001/XMLSchema">0</Value></Attribute><Attribute z:Id="i80"><AttributeType>iyy</AttributeType><IsRequired>true</IsRequired><Value i:type="a:double" xmlns:a="http://www.w3.org/2001/XMLSchema">0</Value></Attribute><Attribute z:Id="i81"><AttributeType>iyz</AttributeType><IsRequired>true</IsRequired><Value i:type="a:double" xmlns:a="http://www.w3.org/2001/XMLSchema">0</Value></Attribute><Attribute z:Id="i82"><AttributeType>izz</AttributeType><IsRequired>true</IsRequired><Value i:type="a:double" xmlns:a="http://www.w3.org/2001/XMLSchema">0</Value></Attribute></Attributes><ChildElements/><ElementName>inertia</ElementName><required>false</required><IxxAttribute z:Ref="i77"/><IxyAttribute z:Ref="i78"/><IxzAttribute z:Ref="i79"/><IyyAttribute z:Ref="i80"/><IyzAttribute z:Ref="i81"/><IzzAttribute z:Ref="i82"/></URDFElement></ChildElements><ElementName>inertial</ElementName><required>false</required><Inertia z:Ref="i76"/><Mass z:Ref="i74"/><Origin z:Ref="i71"/></URDFElement><URDFElement z:Id="i83" i:type="Visual"><Attributes/><ChildElements><URDFElement z:Id="i84" i:type="Origin"><Attributes><Attribute z:Id="i85"><AttributeType>xyz</AttributeType><IsRequired>true</IsRequired><Value i:type="a:ArrayOfdouble" xmlns:a="http://schemas.microsoft.com/2003/10/Serialization/Arrays"><a:double>0</a:double><a:double>0</a:double><a:double>0</a:double></Value></Attribute><Attribute z:Id="i86"><AttributeType>rpy</AttributeType><IsRequired>true</IsRequired><Value i:type="a:ArrayOfdouble" xmlns:a="http://schemas.microsoft.com/2003/10/Serialization/Arrays"><a:double>0</a:double><a:double>0</a:double><a:double>0</a:double></Value></Attribute></Attributes><ChildElements/><ElementName>origin</ElementName><required>false</required><RPYAttribute z:Ref="i86"/><XYZAttribute z:Ref="i85"/><isCustomized>false</isCustomized></URDFElement><URDFElement z:Id="i87" i:type="Geometry"><Attributes/><ChildElements><URDFElement z:Id="i88" i:type="Mesh"><Attributes><Attribute z:Id="i89"><AttributeType>filename</AttributeType><IsRequired>true</IsRequired><Value i:nil="true"/></Attribute></Attributes><ChildElements/><ElementName>mesh</ElementName><required>false</required><FilenameAttribute z:Ref="i89"/></URDFElement></ChildElements><ElementName>geometry</ElementName><required>true</required><Mesh z:Ref="i88"/></URDFElement><URDFElement z:Id="i90" i:type="Material"><Attributes><Attribute z:Id="i91"><AttributeType>name</AttributeType><IsRequired>true</IsRequired><Value i:type="a:string" xmlns:a="http://www.w3.org/2001/XMLSchema"/></Attribute></Attributes><ChildElements><URDFElement z:Id="i92" i:type="Color"><Attributes><Attribute z:Id="i93"><AttributeType>rgba</AttributeType><IsRequired>true</IsRequired><Value i:type="a:ArrayOfdouble" xmlns:a="http://schemas.microsoft.com/2003/10/Serialization/Arrays"><a:double>1</a:double><a:double>1</a:double><a:double>1</a:double><a:double>1</a:double></Value></Attribute></Attributes><ChildElements/><ElementName>color</ElementName><required>false</required><RGBAAttribute z:Ref="i93"/></URDFElement><URDFElement z:Id="i94" i:type="Texture"><Attributes><Attribute z:Id="i95"><AttributeType>filename</AttributeType><IsRequired>true</IsRequired><Value i:nil="true"/></Attribute></Attributes><ChildElements/><ElementName>texture</ElementName><required>false</required><FilenameAttribute z:Ref="i95"/><wFilename/></URDFElement></ChildElements><ElementName>material</ElementName><required>false</required><Color z:Ref="i92"/><NameAttribute z:Ref="i91"/><Texture z:Ref="i94"/></URDFElement></ChildElements><ElementName>visual</ElementName><required>false</required><Geometry z:Ref="i87"/><Material z:Ref="i90"/><Origin z:Ref="i84"/></URDFElement><URDFElement z:Id="i96" i:type="Collision"><Attributes/><ChildElements><URDFElement z:Id="i97" i:type="Origin"><Attributes><Attribute z:Id="i98"><AttributeType>xyz</AttributeType><IsRequired>true</IsRequired><Value i:type="a:ArrayOfdouble" xmlns:a="http://schemas.microsoft.com/2003/10/Serialization/Arrays"><a:double>0</a:double><a:double>0</a:double><a:double>0</a:double></Value></Attribute><Attribute z:Id="i99"><AttributeType>rpy</AttributeType><IsRequired>true</IsRequired><Value i:type="a:ArrayOfdouble" xmlns:a="http://schemas.microsoft.com/2003/10/Serialization/Arrays"><a:double>0</a:double><a:double>0</a:double><a:double>0</a:double></Value></Attribute></Attributes><ChildElements/><ElementName>origin</ElementName><required>false</required><RPYAttribute z:Ref="i99"/><XYZAttribute z:Ref="i98"/><isCustomized>false</isCustomized></URDFElement><URDFElement z:Id="i100" i:type="Geometry"><Attributes/><ChildElements><URDFElement z:Id="i101" i:type="Mesh"><Attributes><Attribute z:Id="i102"><AttributeType>filename</AttributeType><IsRequired>true</IsRequired><Value i:nil="true"/></Attribute></Attributes><ChildElements/><ElementName>mesh</ElementName><required>false</required><FilenameAttribute z:Ref="i102"/></URDFElement></ChildElements><ElementName>geometry</ElementName><required>true</required><Mesh z:Ref="i101"/></URDFElement></ChildElements><ElementName>collision</ElementName><required>false</required><Geometry z:Ref="i100"/><Origin z:Ref="i97"/></URDFElement><URDFElement z:Id="i103" i:type="Joint"><Attributes><Attribute z:Id="i104"><AttributeType>name</AttributeType><IsRequired>true</IsRequired><Value i:type="a:string" xmlns:a="http://www.w3.org/2001/XMLSchema">dof1</Value></Attribute><Attribute z:Id="i105"><AttributeType>type</AttributeType><IsRequired>true</IsRequired><Value i:type="a:string" xmlns:a="http://www.w3.org/2001/XMLSchema">revolute</Value></Attribute></Attributes><ChildElements><URDFElement z:Id="i106" i:type="Origin"><Attributes><Attribute z:Id="i107"><AttributeType>xyz</AttributeType><IsRequired>true</IsRequired><Value i:type="a:ArrayOfdouble" xmlns:a="http://schemas.microsoft.com/2003/10/Serialization/Arrays"><a:double>0</a:double><a:double>0</a:double><a:double>0</a:double></Value></Attribute><Attribute z:Id="i108"><AttributeType>rpy</AttributeType><IsRequired>true</IsRequired><Value i:type="a:ArrayOfdouble" xmlns:a="http://schemas.microsoft.com/2003/10/Serialization/Arrays"><a:double>0</a:double><a:double>0</a:double><a:double>0</a:double></Value></Attribute></Attributes><ChildElements/><ElementName>origin</ElementName><required>false</required><RPYAttribute z:Ref="i108"/><XYZAttribute z:Ref="i107"/><isCustomized>false</isCustomized></URDFElement><URDFElement z:Id="i109" i:type="ParentLink"><Attributes><Attribute z:Id="i110"><AttributeType>link</AttributeType><IsRequired>true</IsRequired><Value i:type="a:string" xmlns:a="http://www.w3.org/2001/XMLSchema"/></Attribute></Attributes><ChildElements/><ElementName>parent</ElementName><required>true</required><NameAttribute z:Ref="i110"/></URDFElement><URDFElement z:Id="i111" i:type="ChildLink"><Attributes><Attribute z:Id="i112"><AttributeType>link</AttributeType><IsRequired>true</IsRequired><Value i:type="a:string" xmlns:a="http://www.w3.org/2001/XMLSchema"/></Attribute></Attributes><ChildElements/><ElementName>child</ElementName><required>true</required><NameAttribute z:Ref="i112"/></URDFElement><URDFElement z:Id="i113" i:type="Axis"><Attributes><Attribute z:Id="i114"><AttributeType>xyz</AttributeType><IsRequired>true</IsRequired><Value i:type="a:ArrayOfdouble" xmlns:a="http://schemas.microsoft.com/2003/10/Serialization/Arrays"><a:double>0</a:double><a:double>0</a:double><a:double>0</a:double></Value></Attribute></Attributes><ChildElements/><ElementName>axis</ElementName><required>false</required><XYZAttribute z:Ref="i114"/></URDFElement><URDFElement z:Id="i115" i:type="Limit"><Attributes><Attribute z:Id="i116"><AttributeType>lower</AttributeType><IsRequired>true</IsRequired><Value i:nil="true"/></Attribute><Attribute z:Id="i117"><AttributeType>upper</AttributeType><IsRequired>true</IsRequired><Value i:nil="true"/></Attribute><Attribute z:Id="i118"><AttributeType>effort</AttributeType><IsRequired>true</IsRequired><Value i:nil="true"/></Attribute><Attribute z:Id="i119"><AttributeType>velocity</AttributeType><IsRequired>true</IsRequired><Value i:nil="true"/></Attribute></Attributes><ChildElements/><ElementName>limit</ElementName><required>true</required><EffortAttribute z:Ref="i118"/><LowerAttribute z:Ref="i116"/><UpperAttribute z:Ref="i117"/><VelocityAttribute z:Ref="i119"/></URDFElement><URDFElement z:Id="i120" i:type="Calibration"><Attributes><Attribute z:Id="i121"><AttributeType>rising</AttributeType><IsRequired>false</IsRequired><Value i:nil="true"/></Attribute><Attribute z:Id="i122"><AttributeType>falling</AttributeType><IsRequired>false</IsRequired><Value i:nil="true"/></Attribute></Attributes><ChildElements/><ElementName>calibration</ElementName><required>false</required><FallingAttribute z:Ref="i122"/><RisingAttribute z:Ref="i121"/></URDFElement><URDFElement z:Id="i123" i:type="Dynamics"><Attributes><Attribute z:Id="i124"><AttributeType>damping</AttributeType><IsRequired>false</IsRequired><Value i:nil="true"/></Attribute><Attribute z:Id="i125"><AttributeType>friction</AttributeType><IsRequired>false</IsRequired><Value i:nil="true"/></Attribute></Attributes><ChildElements/><ElementName>dynamics</ElementName><required>false</required><DampingAttribute z:Ref="i124"/><FrictionAttribute z:Ref="i125"/></URDFElement><URDFElement z:Id="i126" i:type="SafetyController"><Attributes><Attribute z:Id="i127"><AttributeType>soft_upper_limit</AttributeType><IsRequired>false</IsRequired><Value i:nil="true"/></Attribute><Attribute z:Id="i128"><AttributeType>soft_lower_limit</AttributeType><IsRequired>false</IsRequired><Value i:nil="true"/></Attribute><Attribute z:Id="i129"><AttributeType>k_position</AttributeType><IsRequired>false</IsRequired><Value i:nil="true"/></Attribute><Attribute z:Id="i130"><AttributeType>k_velocity</AttributeType><IsRequired>true</IsRequired><Value i:nil="true"/></Attribute></Attributes><ChildElements/><ElementName>safety_controller</ElementName><required>false</required><KPositionAttribute z:Ref="i129"/><KVelocityAttribute z:Ref="i130"/><SoftLowerAttribute z:Ref="i128"/><SoftUpperAttribute z:Ref="i127"/></URDFElement><URDFElement z:Id="i131" i:type="Mimic"><Attributes><Attribute z:Id="i132"><AttributeType>joint</AttributeType><IsRequired>true</IsRequired><Value i:nil="true"/></Attribute><Attribute z:Id="i133"><AttributeType>multiplier</AttributeType><IsRequired>false</IsRequired><Value i:nil="true"/></Attribute><Attribute z:Id="i134"><AttributeType>offset</AttributeType><IsRequired>false</IsRequired><Value i:nil="true"/></Attribute></Attributes><ChildElements/><ElementName>mimic</ElementName><required>false</required><JointNameAttribute z:Ref="i132"/><MultiplierAttribute z:Ref="i133"/><OffsetAttribute z:Ref="i134"/></URDFElement></ChildElements><ElementName>joint</ElementName><required>false</required><Axis z:Ref="i113"/><AxisName>Axis1</AxisName><Calibration z:Ref="i120"/><Child z:Ref="i111"/><CoordinateSystemName>Automatically Generate</CoordinateSystemName><Dynamics z:Ref="i123"/><Limit z:Ref="i115"/><Mimic z:Ref="i131"/><NameAttribute z:Ref="i104"/><Origin z:Ref="i106"/><Parent z:Ref="i109"/><Safety z:Ref="i126"/><TypeAttribute z:Ref="i105"/></URDFElement></ChildElements><ElementName>link</ElementName><required>true</required><Children><Link z:Id="i135"><Attributes><Attribute z:Id="i136"><AttributeType>name</AttributeType><IsRequired>true</IsRequired><Value i:type="a:string" xmlns:a="http://www.w3.org/2001/XMLSchema">dof2</Value></Attribute></Attributes><ChildElements><URDFElement z:Id="i137" i:type="Inertial"><Attributes/><ChildElements><URDFElement z:Id="i138" i:type="Origin"><Attributes><Attribute z:Id="i139"><AttributeType>xyz</AttributeType><IsRequired>true</IsRequired><Value i:type="a:ArrayOfdouble" xmlns:a="http://schemas.microsoft.com/2003/10/Serialization/Arrays"><a:double>0</a:double><a:double>0</a:double><a:double>0</a:double></Value></Attribute><Attribute z:Id="i140"><AttributeType>rpy</AttributeType><IsRequired>true</IsRequired><Value i:type="a:ArrayOfdouble" xmlns:a="http://schemas.microsoft.com/2003/10/Serialization/Arrays"><a:double>0</a:double><a:double>0</a:double><a:double>0</a:double></Value></Attribute></Attributes><ChildElements/><ElementName>origin</ElementName><required>false</required><RPYAttribute z:Ref="i140"/><XYZAttribute z:Ref="i139"/><isCustomized>false</isCustomized></URDFElement><URDFElement z:Id="i141" i:type="Mass"><Attributes><Attribute z:Id="i142"><AttributeType>value</AttributeType><IsRequired>true</IsRequired><Value i:type="a:double" xmlns:a="http://www.w3.org/2001/XMLSchema">0</Value></Attribute></Attributes><ChildElements/><ElementName>mass</ElementName><required>false</required><ValueAttribute z:Ref="i142"/></URDFElement><URDFElement z:Id="i143" i:type="Inertia"><Attributes><Attribute z:Id="i144"><AttributeType>ixx</AttributeType><IsRequired>true</IsRequired><Value i:type="a:double" xmlns:a="http://www.w3.org/2001/XMLSchema">0</Value></Attribute><Attribute z:Id="i145"><AttributeType>ixy</AttributeType><IsRequired>true</IsRequired><Value i:type="a:double" xmlns:a="http://www.w3.org/2001/XMLSchema">0</Value></Attribute><Attribute z:Id="i146"><AttributeType>ixz</AttributeType><IsRequired>true</IsRequired><Value i:type="a:double" xmlns:a="http://www.w3.org/2001/XMLSchema">0</Value></Attribute><Attribute z:Id="i147"><AttributeType>iyy</AttributeType><IsRequired>true</IsRequired><Value i:type="a:double" xmlns:a="http://www.w3.org/2001/XMLSchema">0</Value></Attribute><Attribute z:Id="i148"><AttributeType>iyz</AttributeType><IsRequired>true</IsRequired><Value i:type="a:double" xmlns:a="http://www.w3.org/2001/XMLSchema">0</Value></Attribute><Attribute z:Id="i149"><AttributeType>izz</AttributeType><IsRequired>true</IsRequired><Value i:type="a:double" xmlns:a="http://www.w3.org/2001/XMLSchema">0</Value></Attribute></Attributes><ChildElements/><ElementName>inertia</ElementName><required>false</required><IxxAttribute z:Ref="i144"/><IxyAttribute z:Ref="i145"/><IxzAttribute z:Ref="i146"/><IyyAttribute z:Ref="i147"/><IyzAttribute z:Ref="i148"/><IzzAttribute z:Ref="i149"/></URDFElement></ChildElements><ElementName>inertial</ElementName><required>false</required><Inertia z:Ref="i143"/><Mass z:Ref="i141"/><Origin z:Ref="i138"/></URDFElement><URDFElement z:Id="i150" i:type="Visual"><Attributes/><ChildElements><URDFElement z:Id="i151" i:type="Origin"><Attributes><Attribute z:Id="i152"><AttributeType>xyz</AttributeType><IsRequired>true</IsRequired><Value i:type="a:ArrayOfdouble" xmlns:a="http://schemas.microsoft.com/2003/10/Serialization/Arrays"><a:double>0</a:double><a:double>0</a:double><a:double>0</a:double></Value></Attribute><Attribute z:Id="i153"><AttributeType>rpy</AttributeType><IsRequired>true</IsRequired><Value i:type="a:ArrayOfdouble" xmlns:a="http://schemas.microsoft.com/2003/10/Serialization/Arrays"><a:double>0</a:double><a:double>0</a:double><a:double>0</a:double></Value></Attribute></Attributes><ChildElements/><ElementName>origin</ElementName><required>false</required><RPYAttribute z:Ref="i153"/><XYZAttribute z:Ref="i152"/><isCustomized>false</isCustomized></URDFElement><URDFElement z:Id="i154" i:type="Geometry"><Attributes/><ChildElements><URDFElement z:Id="i155" i:type="Mesh"><Attributes><Attribute z:Id="i156"><AttributeType>filename</AttributeType><IsRequired>true</IsRequired><Value i:nil="true"/></Attribute></Attributes><ChildElements/><ElementName>mesh</ElementName><required>false</required><FilenameAttribute z:Ref="i156"/></URDFElement></ChildElements><ElementName>geometry</ElementName><required>true</required><Mesh z:Ref="i155"/></URDFElement><URDFElement z:Id="i157" i:type="Material"><Attributes><Attribute z:Id="i158"><AttributeType>name</AttributeType><IsRequired>true</IsRequired><Value i:type="a:string" xmlns:a="http://www.w3.org/2001/XMLSchema"/></Attribute></Attributes><ChildElements><URDFElement z:Id="i159" i:type="Color"><Attributes><Attribute z:Id="i160"><AttributeType>rgba</AttributeType><IsRequired>true</IsRequired><Value i:type="a:ArrayOfdouble" xmlns:a="http://schemas.microsoft.com/2003/10/Serialization/Arrays"><a:double>1</a:double><a:double>1</a:double><a:double>1</a:double><a:double>1</a:double></Value></Attribute></Attributes><ChildElements/><ElementName>color</ElementName><required>false</required><RGBAAttribute z:Ref="i160"/></URDFElement><URDFElement z:Id="i161" i:type="Texture"><Attributes><Attribute z:Id="i162"><AttributeType>filename</AttributeType><IsRequired>true</IsRequired><Value i:nil="true"/></Attribute></Attributes><ChildElements/><ElementName>texture</ElementName><required>false</required><FilenameAttribute z:Ref="i162"/><wFilename/></URDFElement></ChildElements><ElementName>material</ElementName><required>false</required><Color z:Ref="i159"/><NameAttribute z:Ref="i158"/><Texture z:Ref="i161"/></URDFElement></ChildElements><ElementName>visual</ElementName><required>false</required><Geometry z:Ref="i154"/><Material z:Ref="i157"/><Origin z:Ref="i151"/></URDFElement><URDFElement z:Id="i163" i:type="Collision"><Attributes/><ChildElements><URDFElement z:Id="i164" i:type="Origin"><Attributes><Attribute z:Id="i165"><AttributeType>xyz</AttributeType><IsRequired>true</IsRequired><Value i:type="a:ArrayOfdouble" xmlns:a="http://schemas.microsoft.com/2003/10/Serialization/Arrays"><a:double>0</a:double><a:double>0</a:double><a:double>0</a:double></Value></Attribute><Attribute z:Id="i166"><AttributeType>rpy</AttributeType><IsRequired>true</IsRequired><Value i:type="a:ArrayOfdouble" xmlns:a="http://schemas.microsoft.com/2003/10/Serialization/Arrays"><a:double>0</a:double><a:double>0</a:double><a:double>0</a:double></Value></Attribute></Attributes><ChildElements/><ElementName>origin</ElementName><required>false</required><RPYAttribute z:Ref="i166"/><XYZAttribute z:Ref="i165"/><isCustomized>false</isCustomized></URDFElement><URDFElement z:Id="i167" i:type="Geometry"><Attributes/><ChildElements><URDFElement z:Id="i168" i:type="Mesh"><Attributes><Attribute z:Id="i169"><AttributeType>filename</AttributeType><IsRequired>true</IsRequired><Value i:nil="true"/></Attribute></Attributes><ChildElements/><ElementName>mesh</ElementName><required>false</required><FilenameAttribute z:Ref="i169"/></URDFElement></ChildElements><ElementName>geometry</ElementName><required>true</required><Mesh z:Ref="i168"/></URDFElement></ChildElements><ElementName>collision</ElementName><required>false</required><Geometry z:Ref="i167"/><Origin z:Ref="i164"/></URDFElement><URDFElement z:Id="i170" i:type="Joint"><Attributes><Attribute z:Id="i171"><AttributeType>name</AttributeType><IsRequired>true</IsRequired><Value i:type="a:string" xmlns:a="http://www.w3.org/2001/XMLSchema">dof2</Value></Attribute><Attribute z:Id="i172"><AttributeType>type</AttributeType><IsRequired>true</IsRequired><Value i:type="a:string" xmlns:a="http://www.w3.org/2001/XMLSchema">revolute</Value></Attribute></Attributes><ChildElements><URDFElement z:Id="i173" i:type="Origin"><Attributes><Attribute z:Id="i174"><AttributeType>xyz</AttributeType><IsRequired>true</IsRequired><Value i:type="a:ArrayOfdouble" xmlns:a="http://schemas.microsoft.com/2003/10/Serialization/Arrays"><a:double>0</a:double><a:double>0</a:double><a:double>0</a:double></Value></Attribute><Attribute z:Id="i175"><AttributeType>rpy</AttributeType><IsRequired>true</IsRequired><Value i:type="a:ArrayOfdouble" xmlns:a="http://schemas.microsoft.com/2003/10/Serialization/Arrays"><a:double>0</a:double><a:double>0</a:double><a:double>0</a:double></Value></Attribute></Attributes><ChildElements/><ElementName>origin</ElementName><required>false</required><RPYAttribute z:Ref="i175"/><XYZAttribute z:Ref="i174"/><isCustomized>false</isCustomized></URDFElement><URDFElement z:Id="i176" i:type="ParentLink"><Attributes><Attribute z:Id="i177"><AttributeType>link</AttributeType><IsRequired>true</IsRequired><Value i:type="a:string" xmlns:a="http://www.w3.org/2001/XMLSchema"/></Attribute></Attributes><ChildElements/><ElementName>parent</ElementName><required>true</required><NameAttribute z:Ref="i177"/></URDFElement><URDFElement z:Id="i178" i:type="ChildLink"><Attributes><Attribute z:Id="i179"><AttributeType>link</AttributeType><IsRequired>true</IsRequired><Value i:type="a:string" xmlns:a="http://www.w3.org/2001/XMLSchema"/></Attribute></Attributes><ChildElements/><ElementName>child</ElementName><required>true</required><NameAttribute z:Ref="i179"/></URDFElement><URDFElement z:Id="i180" i:type="Axis"><Attributes><Attribute z:Id="i181"><AttributeType>xyz</AttributeType><IsRequired>true</IsRequired><Value i:type="a:ArrayOfdouble" xmlns:a="http://schemas.microsoft.com/2003/10/Serialization/Arrays"><a:double>0</a:double><a:double>0</a:double><a:double>0</a:double></Value></Attribute></Attributes><ChildElements/><ElementName>axis</ElementName><required>false</required><XYZAttribute z:Ref="i181"/></URDFElement><URDFElement z:Id="i182" i:type="Limit"><Attributes><Attribute z:Id="i183"><AttributeType>lower</AttributeType><IsRequired>false</IsRequired><Value i:nil="true"/></Attribute><Attribute z:Id="i184"><AttributeType>upper</AttributeType><IsRequired>false</IsRequired><Value i:nil="true"/></Attribute><Attribute z:Id="i185"><AttributeType>effort</AttributeType><IsRequired>true</IsRequired><Value i:nil="true"/></Attribute><Attribute z:Id="i186"><AttributeType>velocity</AttributeType><IsRequired>true</IsRequired><Value i:nil="true"/></Attribute></Attributes><ChildElements/><ElementName>limit</ElementName><required>false</required><EffortAttribute z:Ref="i185"/><LowerAttribute z:Ref="i183"/><UpperAttribute z:Ref="i184"/><VelocityAttribute z:Ref="i186"/></URDFElement><URDFElement z:Id="i187" i:type="Calibration"><Attributes><Attribute z:Id="i188"><AttributeType>rising</AttributeType><IsRequired>false</IsRequired><Value i:nil="true"/></Attribute><Attribute z:Id="i189"><AttributeType>falling</AttributeType><IsRequired>false</IsRequired><Value i:nil="true"/></Attribute></Attributes><ChildElements/><ElementName>calibration</ElementName><required>false</required><FallingAttribute z:Ref="i189"/><RisingAttribute z:Ref="i188"/></URDFElement><URDFElement z:Id="i190" i:type="Dynamics"><Attributes><Attribute z:Id="i191"><AttributeType>damping</AttributeType><IsRequired>false</IsRequired><Value i:nil="true"/></Attribute><Attribute z:Id="i192"><AttributeType>friction</AttributeType><IsRequired>false</IsRequired><Value i:nil="true"/></Attribute></Attributes><ChildElements/><ElementName>dynamics</ElementName><required>false</required><DampingAttribute z:Ref="i191"/><FrictionAttribute z:Ref="i192"/></URDFElement><URDFElement z:Id="i193" i:type="SafetyController"><Attributes><Attribute z:Id="i194"><AttributeType>soft_upper_limit</AttributeType><IsRequired>false</IsRequired><Value i:nil="true"/></Attribute><Attribute z:Id="i195"><AttributeType>soft_lower_limit</AttributeType><IsRequired>false</IsRequired><Value i:nil="true"/></Attribute><Attribute z:Id="i196"><AttributeType>k_position</AttributeType><IsRequired>false</IsRequired><Value i:nil="true"/></Attribute><Attribute z:Id="i197"><AttributeType>k_velocity</AttributeType><IsRequired>true</IsRequired><Value i:nil="true"/></Attribute></Attributes><ChildElements/><ElementName>safety_controller</ElementName><required>false</required><KPositionAttribute z:Ref="i196"/><KVelocityAttribute z:Ref="i197"/><SoftLowerAttribute z:Ref="i195"/><SoftUpperAttribute z:Ref="i194"/></URDFElement><URDFElement z:Id="i198" i:type="Mimic"><Attributes><Attribute z:Id="i199"><AttributeType>joint</AttributeType><IsRequired>true</IsRequired><Value i:nil="true"/></Attribute><Attribute z:Id="i200"><AttributeType>multiplier</AttributeType><IsRequired>false</IsRequired><Value i:nil="true"/></Attribute><Attribute z:Id="i201"><AttributeType>offset</AttributeType><IsRequired>false</IsRequired><Value i:nil="true"/></Attribute></Attributes><ChildElements/><ElementName>mimic</ElementName><required>false</required><JointNameAttribute z:Ref="i199"/><MultiplierAttribute z:Ref="i200"/><OffsetAttribute z:Ref="i201"/></URDFElement></ChildElements><ElementName>joint</ElementName><required>false</required><Axis z:Ref="i180"/><AxisName>Axis2</AxisName><Calibration z:Ref="i187"/><Child z:Ref="i178"/><CoordinateSystemName>Automatically Generate</CoordinateSystemName><Dynamics z:Ref="i190"/><Limit z:Ref="i182"/><Mimic z:Ref="i198"/><NameAttribute z:Ref="i171"/><Origin z:Ref="i173"/><Parent z:Ref="i176"/><Safety z:Ref="i193"/><TypeAttribute z:Ref="i172"/></URDFElement></ChildElements><ElementName>link</ElementName><required>true</required><Children><Link z:Id="i202"><Attributes><Attribute z:Id="i203"><AttributeType>name</AttributeType><IsRequired>true</IsRequired><Value i:type="a:string" xmlns:a="http://www.w3.org/2001/XMLSchema">dof3</Value></Attribute></Attributes><ChildElements><URDFElement z:Id="i204" i:type="Inertial"><Attributes/><ChildElements><URDFElement z:Id="i205" i:type="Origin"><Attributes><Attribute z:Id="i206"><AttributeType>xyz</AttributeType><IsRequired>true</IsRequired><Value i:type="a:ArrayOfdouble" xmlns:a="http://schemas.microsoft.com/2003/10/Serialization/Arrays"><a:double>0</a:double><a:double>0</a:double><a:double>0</a:double></Value></Attribute><Attribute z:Id="i207"><AttributeType>rpy</AttributeType><IsRequired>true</IsRequired><Value i:type="a:ArrayOfdouble" xmlns:a="http://schemas.microsoft.com/2003/10/Serialization/Arrays"><a:double>0</a:double><a:double>0</a:double><a:double>0</a:double></Value></Attribute></Attributes><ChildElements/><ElementName>origin</ElementName><required>false</required><RPYAttribute z:Ref="i207"/><XYZAttribute z:Ref="i206"/><isCustomized>false</isCustomized></URDFElement><URDFElement z:Id="i208" i:type="Mass"><Attributes><Attribute z:Id="i209"><AttributeType>value</AttributeType><IsRequired>true</IsRequired><Value i:type="a:double" xmlns:a="http://www.w3.org/2001/XMLSchema">0</Value></Attribute></Attributes><ChildElements/><ElementName>mass</ElementName><required>false</required><ValueAttribute z:Ref="i209"/></URDFElement><URDFElement z:Id="i210" i:type="Inertia"><Attributes><Attribute z:Id="i211"><AttributeType>ixx</AttributeType><IsRequired>true</IsRequired><Value i:type="a:double" xmlns:a="http://www.w3.org/2001/XMLSchema">0</Value></Attribute><Attribute z:Id="i212"><AttributeType>ixy</AttributeType><IsRequired>true</IsRequired><Value i:type="a:double" xmlns:a="http://www.w3.org/2001/XMLSchema">0</Value></Attribute><Attribute z:Id="i213"><AttributeType>ixz</AttributeType><IsRequired>true</IsRequired><Value i:type="a:double" xmlns:a="http://www.w3.org/2001/XMLSchema">0</Value></Attribute><Attribute z:Id="i214"><AttributeType>iyy</AttributeType><IsRequired>true</IsRequired><Value i:type="a:double" xmlns:a="http://www.w3.org/2001/XMLSchema">0</Value></Attribute><Attribute z:Id="i215"><AttributeType>iyz</AttributeType><IsRequired>true</IsRequired><Value i:type="a:double" xmlns:a="http://www.w3.org/2001/XMLSchema">0</Value></Attribute><Attribute z:Id="i216"><AttributeType>izz</AttributeType><IsRequired>true</IsRequired><Value i:type="a:double" xmlns:a="http://www.w3.org/2001/XMLSchema">0</Value></Attribute></Attributes><ChildElements/><ElementName>inertia</ElementName><required>false</required><IxxAttribute z:Ref="i211"/><IxyAttribute z:Ref="i212"/><IxzAttribute z:Ref="i213"/><IyyAttribute z:Ref="i214"/><IyzAttribute z:Ref="i215"/><IzzAttribute z:Ref="i216"/></URDFElement></ChildElements><ElementName>inertial</ElementName><required>false</required><Inertia z:Ref="i210"/><Mass z:Ref="i208"/><Origin z:Ref="i205"/></URDFElement><URDFElement z:Id="i217" i:type="Visual"><Attributes/><ChildElements><URDFElement z:Id="i218" i:type="Origin"><Attributes><Attribute z:Id="i219"><AttributeType>xyz</AttributeType><IsRequired>true</IsRequired><Value i:type="a:ArrayOfdouble" xmlns:a="http://schemas.microsoft.com/2003/10/Serialization/Arrays"><a:double>0</a:double><a:double>0</a:double><a:double>0</a:double></Value></Attribute><Attribute z:Id="i220"><AttributeType>rpy</AttributeType><IsRequired>true</IsRequired><Value i:type="a:ArrayOfdouble" xmlns:a="http://schemas.microsoft.com/2003/10/Serialization/Arrays"><a:double>0</a:double><a:double>0</a:double><a:double>0</a:double></Value></Attribute></Attributes><ChildElements/><ElementName>origin</ElementName><required>false</required><RPYAttribute z:Ref="i220"/><XYZAttribute z:Ref="i219"/><isCustomized>false</isCustomized></URDFElement><URDFElement z:Id="i221" i:type="Geometry"><Attributes/><ChildElements><URDFElement z:Id="i222" i:type="Mesh"><Attributes><Attribute z:Id="i223"><AttributeType>filename</AttributeType><IsRequired>true</IsRequired><Value i:nil="true"/></Attribute></Attributes><ChildElements/><ElementName>mesh</ElementName><required>false</required><FilenameAttribute z:Ref="i223"/></URDFElement></ChildElements><ElementName>geometry</ElementName><required>true</required><Mesh z:Ref="i222"/></URDFElement><URDFElement z:Id="i224" i:type="Material"><Attributes><Attribute z:Id="i225"><AttributeType>name</AttributeType><IsRequired>true</IsRequired><Value i:type="a:string" xmlns:a="http://www.w3.org/2001/XMLSchema"/></Attribute></Attributes><ChildElements><URDFElement z:Id="i226" i:type="Color"><Attributes><Attribute z:Id="i227"><AttributeType>rgba</AttributeType><IsRequired>true</IsRequired><Value i:type="a:ArrayOfdouble" xmlns:a="http://schemas.microsoft.com/2003/10/Serialization/Arrays"><a:double>1</a:double><a:double>1</a:double><a:double>1</a:double><a:double>1</a:double></Value></Attribute></Attributes><ChildElements/><ElementName>color</ElementName><required>false</required><RGBAAttribute z:Ref="i227"/></URDFElement><URDFElement z:Id="i228" i:type="Texture"><Attributes><Attribute z:Id="i229"><AttributeType>filename</AttributeType><IsRequired>true</IsRequired><Value i:nil="true"/></Attribute></Attributes><ChildElements/><ElementName>texture</ElementName><required>false</required><FilenameAttribute z:Ref="i229"/><wFilename/></URDFElement></ChildElements><ElementName>material</ElementName><required>false</required><Color z:Ref="i226"/><NameAttribute z:Ref="i225"/><Texture z:Ref="i228"/></URDFElement></ChildElements><ElementName>visual</ElementName><required>false</required><Geometry z:Ref="i221"/><Material z:Ref="i224"/><Origin z:Ref="i218"/></URDFElement><URDFElement z:Id="i230" i:type="Collision"><Attributes/><ChildElements><URDFElement z:Id="i231" i:type="Origin"><Attributes><Attribute z:Id="i232"><AttributeType>xyz</AttributeType><IsRequired>true</IsRequired><Value i:type="a:ArrayOfdouble" xmlns:a="http://schemas.microsoft.com/2003/10/Serialization/Arrays"><a:double>0</a:double><a:double>0</a:double><a:double>0</a:double></Value></Attribute><Attribute z:Id="i233"><AttributeType>rpy</AttributeType><IsRequired>true</IsRequired><Value i:type="a:ArrayOfdouble" xmlns:a="http://schemas.microsoft.com/2003/10/Serialization/Arrays"><a:double>0</a:double><a:double>0</a:double><a:double>0</a:double></Value></Attribute></Attributes><ChildElements/><ElementName>origin</ElementName><required>false</required><RPYAttribute z:Ref="i233"/><XYZAttribute z:Ref="i232"/><isCustomized>false</isCustomized></URDFElement><URDFElement z:Id="i234" i:type="Geometry"><Attributes/><ChildElements><URDFElement z:Id="i235" i:type="Mesh"><Attributes><Attribute z:Id="i236"><AttributeType>filename</AttributeType><IsRequired>true</IsRequired><Value i:nil="true"/></Attribute></Attributes><ChildElements/><ElementName>mesh</ElementName><required>false</required><FilenameAttribute z:Ref="i236"/></URDFElement></ChildElements><ElementName>geometry</ElementName><required>true</required><Mesh z:Ref="i235"/></URDFElement></ChildElements><ElementName>collision</ElementName><required>false</required><Geometry z:Ref="i234"/><Origin z:Ref="i231"/></URDFElement><URDFElement z:Id="i237" i:type="Joint"><Attributes><Attribute z:Id="i238"><AttributeType>name</AttributeType><IsRequired>true</IsRequired><Value i:type="a:string" xmlns:a="http://www.w3.org/2001/XMLSchema">dof3</Value></Attribute><Attribute z:Id="i239"><AttributeType>type</AttributeType><IsRequired>true</IsRequired><Value i:type="a:string" xmlns:a="http://www.w3.org/2001/XMLSchema">revolute</Value></Attribute></Attributes><ChildElements><URDFElement z:Id="i240" i:type="Origin"><Attributes><Attribute z:Id="i241"><AttributeType>xyz</AttributeType><IsRequired>true</IsRequired><Value i:type="a:ArrayOfdouble" xmlns:a="http://schemas.microsoft.com/2003/10/Serialization/Arrays"><a:double>0</a:double><a:double>0</a:double><a:double>0</a:double></Value></Attribute><Attribute z:Id="i242"><AttributeType>rpy</AttributeType><IsRequired>true</IsRequired><Value i:type="a:ArrayOfdouble" xmlns:a="http://schemas.microsoft.com/2003/10/Serialization/Arrays"><a:double>0</a:double><a:double>0</a:double><a:double>0</a:double></Value></Attribute></Attributes><ChildElements/><ElementName>origin</ElementName><required>false</required><RPYAttribute z:Ref="i242"/><XYZAttribute z:Ref="i241"/><isCustomized>false</isCustomized></URDFElement><URDFElement z:Id="i243" i:type="ParentLink"><Attributes><Attribute z:Id="i244"><AttributeType>link</AttributeType><IsRequired>true</IsRequired><Value i:type="a:string" xmlns:a="http://www.w3.org/2001/XMLSchema"/></Attribute></Attributes><ChildElements/><ElementName>parent</ElementName><required>true</required><NameAttribute z:Ref="i244"/></URDFElement><URDFElement z:Id="i245" i:type="ChildLink"><Attributes><Attribute z:Id="i246"><AttributeType>link</AttributeType><IsRequired>true</IsRequired><Value i:type="a:string" xmlns:a="http://www.w3.org/2001/XMLSchema"/></Attribute></Attributes><ChildElements/><ElementName>child</ElementName><required>true</required><NameAttribute z:Ref="i246"/></URDFElement><URDFElement z:Id="i247" i:type="Axis"><Attributes><Attribute z:Id="i248"><AttributeType>xyz</AttributeType><IsRequired>true</IsRequired><Value i:type="a:ArrayOfdouble" xmlns:a="http://schemas.microsoft.com/2003/10/Serialization/Arrays"><a:double>0</a:double><a:double>0</a:double><a:double>0</a:double></Value></Attribute></Attributes><ChildElements/><ElementName>axis</ElementName><required>false</required><XYZAttribute z:Ref="i248"/></URDFElement><URDFElement z:Id="i249" i:type="Limit"><Attributes><Attribute z:Id="i250"><AttributeType>lower</AttributeType><IsRequired>false</IsRequired><Value i:nil="true"/></Attribute><Attribute z:Id="i251"><AttributeType>upper</AttributeType><IsRequired>false</IsRequired><Value i:nil="true"/></Attribute><Attribute z:Id="i252"><AttributeType>effort</AttributeType><IsRequired>true</IsRequired><Value i:nil="true"/></Attribute><Attribute z:Id="i253"><AttributeType>velocity</AttributeType><IsRequired>true</IsRequired><Value i:nil="true"/></Attribute></Attributes><ChildElements/><ElementName>limit</ElementName><required>false</required><EffortAttribute z:Ref="i252"/><LowerAttribute z:Ref="i250"/><UpperAttribute z:Ref="i251"/><VelocityAttribute z:Ref="i253"/></URDFElement><URDFElement z:Id="i254" i:type="Calibration"><Attributes><Attribute z:Id="i255"><AttributeType>rising</AttributeType><IsRequired>false</IsRequired><Value i:nil="true"/></Attribute><Attribute z:Id="i256"><AttributeType>falling</AttributeType><IsRequired>false</IsRequired><Value i:nil="true"/></Attribute></Attributes><ChildElements/><ElementName>calibration</ElementName><required>false</required><FallingAttribute z:Ref="i256"/><RisingAttribute z:Ref="i255"/></URDFElement><URDFElement z:Id="i257" i:type="Dynamics"><Attributes><Attribute z:Id="i258"><AttributeType>damping</AttributeType><IsRequired>false</IsRequired><Value i:nil="true"/></Attribute><Attribute z:Id="i259"><AttributeType>friction</AttributeType><IsRequired>false</IsRequired><Value i:nil="true"/></Attribute></Attributes><ChildElements/><ElementName>dynamics</ElementName><required>false</required><DampingAttribute z:Ref="i258"/><FrictionAttribute z:Ref="i259"/></URDFElement><URDFElement z:Id="i260" i:type="SafetyController"><Attributes><Attribute z:Id="i261"><AttributeType>soft_upper_limit</AttributeType><IsRequired>false</IsRequired><Value i:nil="true"/></Attribute><Attribute z:Id="i262"><AttributeType>soft_lower_limit</AttributeType><IsRequired>false</IsRequired><Value i:nil="true"/></Attribute><Attribute z:Id="i263"><AttributeType>k_position</AttributeType><IsRequired>false</IsRequired><Value i:nil="true"/></Attribute><Attribute z:Id="i264"><AttributeType>k_velocity</AttributeType><IsRequired>true</IsRequired><Value i:nil="true"/></Attribute></Attributes><ChildElements/><ElementName>safety_controller</ElementName><required>false</required><KPositionAttribute z:Ref="i263"/><KVelocityAttribute z:Ref="i264"/><SoftLowerAttribute z:Ref="i262"/><SoftUpperAttribute z:Ref="i261"/></URDFElement><URDFElement z:Id="i265" i:type="Mimic"><Attributes><Attribute z:Id="i266"><AttributeType>joint</AttributeType><IsRequired>true</IsRequired><Value i:nil="true"/></Attribute><Attribute z:Id="i267"><AttributeType>multiplier</AttributeType><IsRequired>false</IsRequired><Value i:nil="true"/></Attribute><Attribute z:Id="i268"><AttributeType>offset</AttributeType><IsRequired>false</IsRequired><Value i:nil="true"/></Attribute></Attributes><ChildElements/><ElementName>mimic</ElementName><required>false</required><JointNameAttribute z:Ref="i266"/><MultiplierAttribute z:Ref="i267"/><OffsetAttribute z:Ref="i268"/></URDFElement></ChildElements><ElementName>joint</ElementName><required>false</required><Axis z:Ref="i247"/><AxisName>Axis3</AxisName><Calibration z:Ref="i254"/><Child z:Ref="i245"/><CoordinateSystemName>Automatically Generate</CoordinateSystemName><Dynamics z:Ref="i257"/><Limit z:Ref="i249"/><Mimic z:Ref="i265"/><NameAttribute z:Ref="i238"/><Origin z:Ref="i240"/><Parent z:Ref="i243"/><Safety z:Ref="i260"/><TypeAttribute z:Ref="i239"/></URDFElement></ChildElements><ElementName>link</ElementName><required>true</required><Children><Link z:Id="i269"><Attributes><Attribute z:Id="i270"><AttributeType>name</AttributeType><IsRequired>true</IsRequired><Value i:type="a:string" xmlns:a="http://www.w3.org/2001/XMLSchema">dof4</Value></Attribute></Attributes><ChildElements><URDFElement z:Id="i271" i:type="Inertial"><Attributes/><ChildElements><URDFElement z:Id="i272" i:type="Origin"><Attributes><Attribute z:Id="i273"><AttributeType>xyz</AttributeType><IsRequired>true</IsRequired><Value i:type="a:ArrayOfdouble" xmlns:a="http://schemas.microsoft.com/2003/10/Serialization/Arrays"><a:double>0</a:double><a:double>0</a:double><a:double>0</a:double></Value></Attribute><Attribute z:Id="i274"><AttributeType>rpy</AttributeType><IsRequired>true</IsRequired><Value i:type="a:ArrayOfdouble" xmlns:a="http://schemas.microsoft.com/2003/10/Serialization/Arrays"><a:double>0</a:double><a:double>0</a:double><a:double>0</a:double></Value></Attribute></Attributes><ChildElements/><ElementName>origin</ElementName><required>false</required><RPYAttribute z:Ref="i274"/><XYZAttribute z:Ref="i273"/><isCustomized>false</isCustomized></URDFElement><URDFElement z:Id="i275" i:type="Mass"><Attributes><Attribute z:Id="i276"><AttributeType>value</AttributeType><IsRequired>true</IsRequired><Value i:type="a:double" xmlns:a="http://www.w3.org/2001/XMLSchema">0</Value></Attribute></Attributes><ChildElements/><ElementName>mass</ElementName><required>false</required><ValueAttribute z:Ref="i276"/></URDFElement><URDFElement z:Id="i277" i:type="Inertia"><Attributes><Attribute z:Id="i278"><AttributeType>ixx</AttributeType><IsRequired>true</IsRequired><Value i:type="a:double" xmlns:a="http://www.w3.org/2001/XMLSchema">0</Value></Attribute><Attribute z:Id="i279"><AttributeType>ixy</AttributeType><IsRequired>true</IsRequired><Value i:type="a:double" xmlns:a="http://www.w3.org/2001/XMLSchema">0</Value></Attribute><Attribute z:Id="i280"><AttributeType>ixz</AttributeType><IsRequired>true</IsRequired><Value i:type="a:double" xmlns:a="http://www.w3.org/2001/XMLSchema">0</Value></Attribute><Attribute z:Id="i281"><AttributeType>iyy</AttributeType><IsRequired>true</IsRequired><Value i:type="a:double" xmlns:a="http://www.w3.org/2001/XMLSchema">0</Value></Attribute><Attribute z:Id="i282"><AttributeType>iyz</AttributeType><IsRequired>true</IsRequired><Value i:type="a:double" xmlns:a="http://www.w3.org/2001/XMLSchema">0</Value></Attribute><Attribute z:Id="i283"><AttributeType>izz</AttributeType><IsRequired>true</IsRequired><Value i:type="a:double" xmlns:a="http://www.w3.org/2001/XMLSchema">0</Value></Attribute></Attributes><ChildElements/><ElementName>inertia</ElementName><required>false</required><IxxAttribute z:Ref="i278"/><IxyAttribute z:Ref="i279"/><IxzAttribute z:Ref="i280"/><IyyAttribute z:Ref="i281"/><IyzAttribute z:Ref="i282"/><IzzAttribute z:Ref="i283"/></URDFElement></ChildElements><ElementName>inertial</ElementName><required>false</required><Inertia z:Ref="i277"/><Mass z:Ref="i275"/><Origin z:Ref="i272"/></URDFElement><URDFElement z:Id="i284" i:type="Visual"><Attributes/><ChildElements><URDFElement z:Id="i285" i:type="Origin"><Attributes><Attribute z:Id="i286"><AttributeType>xyz</AttributeType><IsRequired>true</IsRequired><Value i:type="a:ArrayOfdouble" xmlns:a="http://schemas.microsoft.com/2003/10/Serialization/Arrays"><a:double>0</a:double><a:double>0</a:double><a:double>0</a:double></Value></Attribute><Attribute z:Id="i287"><AttributeType>rpy</AttributeType><IsRequired>true</IsRequired><Value i:type="a:ArrayOfdouble" xmlns:a="http://schemas.microsoft.com/2003/10/Serialization/Arrays"><a:double>0</a:double><a:double>0</a:double><a:double>0</a:double></Value></Attribute></Attributes><ChildElements/><ElementName>origin</ElementName><required>false</required><RPYAttribute z:Ref="i287"/><XYZAttribute z:Ref="i286"/><isCustomized>false</isCustomized></URDFElement><URDFElement z:Id="i288" i:type="Geometry"><Attributes/><ChildElements><URDFElement z:Id="i289" i:type="Mesh"><Attributes><Attribute z:Id="i290"><AttributeType>filename</AttributeType><IsRequired>true</IsRequired><Value i:nil="true"/></Attribute></Attributes><ChildElements/><ElementName>mesh</ElementName><required>false</required><FilenameAttribute z:Ref="i290"/></URDFElement></ChildElements><ElementName>geometry</ElementName><required>true</required><Mesh z:Ref="i289"/></URDFElement><URDFElement z:Id="i291" i:type="Material"><Attributes><Attribute z:Id="i292"><AttributeType>name</AttributeType><IsRequired>true</IsRequired><Value i:type="a:string" xmlns:a="http://www.w3.org/2001/XMLSchema"/></Attribute></Attributes><ChildElements><URDFElement z:Id="i293" i:type="Color"><Attributes><Attribute z:Id="i294"><AttributeType>rgba</AttributeType><IsRequired>true</IsRequired><Value i:type="a:ArrayOfdouble" xmlns:a="http://schemas.microsoft.com/2003/10/Serialization/Arrays"><a:double>1</a:double><a:double>1</a:double><a:double>1</a:double><a:double>1</a:double></Value></Attribute></Attributes><ChildElements/><ElementName>color</ElementName><required>false</required><RGBAAttribute z:Ref="i294"/></URDFElement><URDFElement z:Id="i295" i:type="Texture"><Attributes><Attribute z:Id="i296"><AttributeType>filename</AttributeType><IsRequired>true</IsRequired><Value i:nil="true"/></Attribute></Attributes><ChildElements/><ElementName>texture</ElementName><required>false</required><FilenameAttribute z:Ref="i296"/><wFilename/></URDFElement></ChildElements><ElementName>material</ElementName><required>false</required><Color z:Ref="i293"/><NameAttribute z:Ref="i292"/><Texture z:Ref="i295"/></URDFElement></ChildElements><ElementName>visual</ElementName><required>false</required><Geometry z:Ref="i288"/><Material z:Ref="i291"/><Origin z:Ref="i285"/></URDFElement><URDFElement z:Id="i297" i:type="Collision"><Attributes/><ChildElements><URDFElement z:Id="i298" i:type="Origin"><Attributes><Attribute z:Id="i299"><AttributeType>xyz</AttributeType><IsRequired>true</IsRequired><Value i:type="a:ArrayOfdouble" xmlns:a="http://schemas.microsoft.com/2003/10/Serialization/Arrays"><a:double>0</a:double><a:double>0</a:double><a:double>0</a:double></Value></Attribute><Attribute z:Id="i300"><AttributeType>rpy</AttributeType><IsRequired>true</IsRequired><Value i:type="a:ArrayOfdouble" xmlns:a="http://schemas.microsoft.com/2003/10/Serialization/Arrays"><a:double>0</a:double><a:double>0</a:double><a:double>0</a:double></Value></Attribute></Attributes><ChildElements/><ElementName>origin</ElementName><required>false</required><RPYAttribute z:Ref="i300"/><XYZAttribute z:Ref="i299"/><isCustomized>false</isCustomized></URDFElement><URDFElement z:Id="i301" i:type="Geometry"><Attributes/><ChildElements><URDFElement z:Id="i302" i:type="Mesh"><Attributes><Attribute z:Id="i303"><AttributeType>filename</AttributeType><IsRequired>true</IsRequired><Value i:nil="true"/></Attribute></Attributes><ChildElements/><ElementName>mesh</ElementName><required>false</required><FilenameAttribute z:Ref="i303"/></URDFElement></ChildElements><ElementName>geometry</ElementName><required>true</required><Mesh z:Ref="i302"/></URDFElement></ChildElements><ElementName>collision</ElementName><required>false</required><Geometry z:Ref="i301"/><Origin z:Ref="i298"/></URDFElement><URDFElement z:Id="i304" i:type="Joint"><Attributes><Attribute z:Id="i305"><AttributeType>name</AttributeType><IsRequired>true</IsRequired><Value i:type="a:string" xmlns:a="http://www.w3.org/2001/XMLSchema">dof4</Value></Attribute><Attribute z:Id="i306"><AttributeType>type</AttributeType><IsRequired>true</IsRequired><Value i:type="a:string" xmlns:a="http://www.w3.org/2001/XMLSchema">revolute</Value></Attribute></Attributes><ChildElements><URDFElement z:Id="i307" i:type="Origin"><Attributes><Attribute z:Id="i308"><AttributeType>xyz</AttributeType><IsRequired>true</IsRequired><Value i:type="a:ArrayOfdouble" xmlns:a="http://schemas.microsoft.com/2003/10/Serialization/Arrays"><a:double>0</a:double><a:double>0</a:double><a:double>0</a:double></Value></Attribute><Attribute z:Id="i309"><AttributeType>rpy</AttributeType><IsRequired>true</IsRequired><Value i:type="a:ArrayOfdouble" xmlns:a="http://schemas.microsoft.com/2003/10/Serialization/Arrays"><a:double>0</a:double><a:double>0</a:double><a:double>0</a:double></Value></Attribute></Attributes><ChildElements/><ElementName>origin</ElementName><required>false</required><RPYAttribute z:Ref="i309"/><XYZAttribute z:Ref="i308"/><isCustomized>false</isCustomized></URDFElement><URDFElement z:Id="i310" i:type="ParentLink"><Attributes><Attribute z:Id="i311"><AttributeType>link</AttributeType><IsRequired>true</IsRequired><Value i:type="a:string" xmlns:a="http://www.w3.org/2001/XMLSchema"/></Attribute></Attributes><ChildElements/><ElementName>parent</ElementName><required>true</required><NameAttribute z:Ref="i311"/></URDFElement><URDFElement z:Id="i312" i:type="ChildLink"><Attributes><Attribute z:Id="i313"><AttributeType>link</AttributeType><IsRequired>true</IsRequired><Value i:type="a:string" xmlns:a="http://www.w3.org/2001/XMLSchema"/></Attribute></Attributes><ChildElements/><ElementName>child</ElementName><required>true</required><NameAttribute z:Ref="i313"/></URDFElement><URDFElement z:Id="i314" i:type="Axis"><Attributes><Attribute z:Id="i315"><AttributeType>xyz</AttributeType><IsRequired>true</IsRequired><Value i:type="a:ArrayOfdouble" xmlns:a="http://schemas.microsoft.com/2003/10/Serialization/Arrays"><a:double>0</a:double><a:double>0</a:double><a:double>0</a:double></Value></Attribute></Attributes><ChildElements/><ElementName>axis</ElementName><required>false</required><XYZAttribute z:Ref="i315"/></URDFElement><URDFElement z:Id="i316" i:type="Limit"><Attributes><Attribute z:Id="i317"><AttributeType>lower</AttributeType><IsRequired>false</IsRequired><Value i:nil="true"/></Attribute><Attribute z:Id="i318"><AttributeType>upper</AttributeType><IsRequired>false</IsRequired><Value i:nil="true"/></Attribute><Attribute z:Id="i319"><AttributeType>effort</AttributeType><IsRequired>true</IsRequired><Value i:nil="true"/></Attribute><Attribute z:Id="i320"><AttributeType>velocity</AttributeType><IsRequired>true</IsRequired><Value i:nil="true"/></Attribute></Attributes><ChildElements/><ElementName>limit</ElementName><required>false</required><EffortAttribute z:Ref="i319"/><LowerAttribute z:Ref="i317"/><UpperAttribute z:Ref="i318"/><VelocityAttribute z:Ref="i320"/></URDFElement><URDFElement z:Id="i321" i:type="Calibration"><Attributes><Attribute z:Id="i322"><AttributeType>rising</AttributeType><IsRequired>false</IsRequired><Value i:nil="true"/></Attribute><Attribute z:Id="i323"><AttributeType>falling</AttributeType><IsRequired>false</IsRequired><Value i:nil="true"/></Attribute></Attributes><ChildElements/><ElementName>calibration</ElementName><required>false</required><FallingAttribute z:Ref="i323"/><RisingAttribute z:Ref="i322"/></URDFElement><URDFElement z:Id="i324" i:type="Dynamics"><Attributes><Attribute z:Id="i325"><AttributeType>damping</AttributeType><IsRequired>false</IsRequired><Value i:nil="true"/></Attribute><Attribute z:Id="i326"><AttributeType>friction</AttributeType><IsRequired>false</IsRequired><Value i:nil="true"/></Attribute></Attributes><ChildElements/><ElementName>dynamics</ElementName><required>false</required><DampingAttribute z:Ref="i325"/><FrictionAttribute z:Ref="i326"/></URDFElement><URDFElement z:Id="i327" i:type="SafetyController"><Attributes><Attribute z:Id="i328"><AttributeType>soft_upper_limit</AttributeType><IsRequired>false</IsRequired><Value i:nil="true"/></Attribute><Attribute z:Id="i329"><AttributeType>soft_lower_limit</AttributeType><IsRequired>false</IsRequired><Value i:nil="true"/></Attribute><Attribute z:Id="i330"><AttributeType>k_position</AttributeType><IsRequired>false</IsRequired><Value i:nil="true"/></Attribute><Attribute z:Id="i331"><AttributeType>k_velocity</AttributeType><IsRequired>true</IsRequired><Value i:nil="true"/></Attribute></Attributes><ChildElements/><ElementName>safety_controller</ElementName><required>false</required><KPositionAttribute z:Ref="i330"/><KVelocityAttribute z:Ref="i331"/><SoftLowerAttribute z:Ref="i329"/><SoftUpperAttribute z:Ref="i328"/></URDFElement><URDFElement z:Id="i332" i:type="Mimic"><Attributes><Attribute z:Id="i333"><AttributeType>joint</AttributeType><IsRequired>true</IsRequired><Value i:nil="true"/></Attribute><Attribute z:Id="i334"><AttributeType>multiplier</AttributeType><IsRequired>false</IsRequired><Value i:nil="true"/></Attribute><Attribute z:Id="i335"><AttributeType>offset</AttributeType><IsRequired>false</IsRequired><Value i:nil="true"/></Attribute></Attributes><ChildElements/><ElementName>mimic</ElementName><required>false</required><JointNameAttribute z:Ref="i333"/><MultiplierAttribute z:Ref="i334"/><OffsetAttribute z:Ref="i335"/></URDFElement></ChildElements><ElementName>joint</ElementName><required>false</required><Axis z:Ref="i314"/><AxisName>Axis4</AxisName><Calibration z:Ref="i321"/><Child z:Ref="i312"/><CoordinateSystemName>Automatically Generate</CoordinateSystemName><Dynamics z:Ref="i324"/><Limit z:Ref="i316"/><Mimic z:Ref="i332"/><NameAttribute z:Ref="i305"/><Origin z:Ref="i307"/><Parent z:Ref="i310"/><Safety z:Ref="i327"/><TypeAttribute z:Ref="i306"/></URDFElement></ChildElements><ElementName>link</ElementName><required>true</required><Children/><Collision z:Ref="i297"/><Inertial z:Ref="i271"/><Joint z:Ref="i304"/><NameAttribute z:Ref="i270"/><Parent z:Ref="i202"/><STLQualityFine>false</STLQualityFine><SWComponentPIDs xmlns:a="http://schemas.microsoft.com/2003/10/Serialization/Arrays"><a:base64Binary>aEIAAAUAAAD//v8mRwByAGkAcABwAGUAcgAgAFkAUABSACAAQwBvAG4AbgBlAGMAdABpAG8AbgAtADEAQAB1AHAAZABhAHQAZQBkACAAYQBzAHMAZQBtAAQAAAAQAAAAAQAAAAEAAAB7AAAA</a:base64Binary><a:base64Binary>aEIAAAUAAAD//v95ZwByAGkAcABwAGUAcgAgAHUAcABkAGEAdABlAGQAXwA1ADEALQAxAEAAdQBwAGQAYQB0AGUAZAAgAGEAcwBzAGUAbQAvAGcAcgBpAHAAcABlAHIAIAB1AHAAZABhAHQAZQBkAF8ANQAuAFMAVABFAFAALQAxAEAAZwByAGkAcABwAGUAcgAgAHUAcABkAGEAdABlAGQAXwA1ADEALwBmAHIAYQBtAGUAIABnAHIAaQBwAGUAcgAuAFMAVABFAFAALQAxAEAAZwByAGkAcABwAGUAcgAgAHUAcABkAGEAdABlAGQAXwA1AC4AUwBUAEUAUAAEAAAAEAAAAAEAAAADAAAAeQAAABgAAAAYAAAA</a:base64Binary><a:base64Binary>aEIAAAUAAAD//v8fZABpAGYAZgAgAHQAbwAgAGcAcgBpAHAAcABlAHIALQAyAEAAdQBwAGQAYQB0AGUAZAAgAGEAcwBzAGUAbQAEAAAAEAAAAAEAAAABAAAAfAAAAA==</a:base64Binary><a:base64Binary>aEIAAAUAAAD//v95ZwByAGkAcABwAGUAcgAgAHUAcABkAGEAdABlAGQAXwA1ADEALQAxAEAAdQBwAGQAYQB0AGUAZAAgAGEAcwBzAGUAbQAvAGcAcgBpAHAAcABlAHIAIAB1AHAAZABhAHQAZQBkAF8ANQAuAFMAVABFAFAALQAxAEAAZwByAGkAcABwAGUAcgAgAHUAcABkAGEAdABlAGQAXwA1ADEALwBGAFIAQQBNAEUAIAAzACgAQQBMAEwAKQAuAFMAVABFAFAALQAxAEAAZwByAGkAcABwAGUAcgAgAHUAcABkAGEAdABlAGQAXwA1AC4AUwBUAEUAUAAEAAAAEAAAAAEAAAADAAAAeQAAABgAAAAcAAAA</a:base64Binary><a:base64Binary>aEIAAAUAAAD//v92ZwByAGkAcABwAGUAcgAgAHUAcABkAGEAdABlAGQAXwA1ADEALQAxAEAAdQBwAGQAYQB0AGUAZAAgAGEAcwBzAGUAbQAvAGcAcgBpAHAAcABlAHIAIAB1AHAAZABhAHQAZQBkAF8ANQAuAFMAVABFAFAALQAxAEAAZwByAGkAcABwAGUAcgAgAHUAcABkAGEAdABlAGQAXwA1ADEALwBDAEwAQQBXACgAQQBMAEwAKQAuAFMAVABFAFAALQAxAEAAZwByAGkAcABwAGUAcgAgAHUAcABkAGEAdABlAGQAXwA1AC4AUwBUAEUAUAAEAAAAEAAAAAEAAAADAAAAeQAAABgAAAAaAAAA</a:base64Binary><a:base64Binary>aEIAAAUAAAD//v97ZwByAGkAcABwAGUAcgAgAHUAcABkAGEAdABlAGQAXwA1ADEALQAxAEAAdQBwAGQAYQB0AGUAZAAgAGEAcwBzAGUAbQAvAGcAcgBpAHAAcABlAHIAIAB1AHAAZABhAHQAZQBkAF8ANQAuAFMAVABFAFAALQAxAEAAZwByAGkAcABwAGUAcgAgAHUAcABkAGEAdABlAGQAXwA1ADEALwBMAEUAQQBEACAAOABNAE0AIAAoAEEATABMACkALgBTAFQARQBQAC0AMQBAAGcAcgBpAHAAcABlAHIAIAB1AHAAZABhAHQAZQBkAF8ANQAuAFMAVABFAFAABAAAABAAAAABAAAAAwAAAHkAAAAYAAAAHwAAAA==</a:base64Binary><a:base64Binary>aEIAAAUAAAD//v+AZwByAGkAcABwAGUAcgAgAHUAcABkAGEAdABlAGQAXwA1ADEALQAxAEAAdQBwAGQAYQB0AGUAZAAgAGEAcwBzAGUAbQAvAGcAcgBpAHAAcABlAHIAIAB1AHAAZABhAHQAZQBkAF8ANQAuAFMAVABFAFAALQAxAEAAZwByAGkAcABwAGUAcgAgAHUAcABkAGEAdABlAGQAXwA1ADEALwBHAFUASQBEAEUAIABSAE8ARAAgADgAbQBtACAAKABBAEwATAApAC4AUwBUAEUAUAAtADEAQABnAHIAaQBwAHAAZQByACAAdQBwAGQAYQB0AGUAZABfADUALgBTAFQARQBQAAQAAAAQAAAAAQAAAAMAAAB5AAAAGAAAAB4AAAA=</a:base64Binary><a:base64Binary>aEIAAAUAAAD//v92ZwByAGkAcABwAGUAcgAgAHUAcABkAGEAdABlAGQAXwA1ADEALQAxAEAAdQBwAGQAYQB0AGUAZAAgAGEAcwBzAGUAbQAvAGcAcgBpAHAAcABlAHIAIAB1AHAAZABhAHQAZQBkAF8ANQAuAFMAVABFAFAALQAxAEAAZwByAGkAcABwAGUAcgAgAHUAcABkAGEAdABlAGQAXwA1ADEALwBOAFUAVAAgACgAQQBMAEwAKQAuAFMAVABFAFAALQAxAEAAZwByAGkAcABwAGUAcgAgAHUAcABkAGEAdABlAGQAXwA1AC4AUwBUAEUAUAAEAAAAEAAAAAEAAAADAAAAeQAAABgAAAAhAAAA</a:base64Binary><a:base64Binary>aEIAAAUAAAD//v+JZwByAGkAcABwAGUAcgAgAHUAcABkAGEAdABlAGQAXwA1ADEALQAxAEAAdQBwAGQAYQB0AGUAZAAgAGEAcwBzAGUAbQAvAGcAcgBpAHAAcABlAHIAIAB1AHAAZABhAHQAZQBkAF8ANQAuAFMAVABFAFAALQAxAEAAZwByAGkAcABwAGUAcgAgAHUAcABkAGEAdABlAGQAXwA1ADEALwBsAGkAbgBlAGEAcgAgAGEAYwB0ACAAcwBhAG0AcABsAGUAIABtAG8AZABlAGwAKABBAEwATAApAC4AUwBUAEUAUAAtADEAQABnAHIAaQBwAHAAZQByACAAdQBwAGQAYQB0AGUAZABfADUALgBTAFQARQBQAAQAAAAQAAAAAQAAAAMAAAB5AAAAGAAAABkAAAA=</a:base64Binary><a:base64Binary>aEIAAAUAAAD//v+EZwByAGkAcABwAGUAcgAgAHUAcABkAGEAdABlAGQAXwA1ADEALQAxAEAAdQBwAGQAYQB0AGUAZAAgAGEAcwBzAGUAbQAvAGcAcgBpAHAAcABlAHIAIAB1AHAAZABhAHQAZQBkAF8ANQAuAFMAVABFAFAALQAxAEAAZwByAGkAcABwAGUAcgAgAHUAcABkAGEAdABlAGQAXwA1ADEALwBtAG8AdABvAHIAIABtAG8AdQBuAHQAIABHAFIASQBQAFAARQBSACAAQQBMAEwALgBTAFQARQBQAC0AMQBAAGcAcgBpAHAAcABlAHIAIAB1AHAAZABhAHQAZQBkAF8ANQAuAFMAVABFAFAABAAAABAAAAABAAAAAwAAAHkAAAAYAAAAIAAAAA==</a:base64Binary><a:base64Binary>aEIAAAUAAAD//v95ZwByAGkAcABwAGUAcgAgAHUAcABkAGEAdABlAGQAXwA1ADEALQAxAEAAdQBwAGQAYQB0AGUAZAAgAGEAcwBzAGUAbQAvAGcAcgBpAHAAcABlAHIAIAB1AHAAZABhAHQAZQBkAF8ANQAuAFMAVABFAFAALQAxAEAAZwByAGkAcABwAGUAcgAgAHUAcABkAGEAdABlAGQAXwA1ADEALwBsAGkAbQBpAHQAIABzAHcAaQB0AGMAaAAuAFMAVABFAFAALQAxAEAAZwByAGkAcABwAGUAcgAgAHUAcABkAGEAdABlAGQAXwA1AC4AUwBUAEUAUAAEAAAAEAAAAAEAAAADAAAAeQAAABgAAAAiAAAA</a:base64Binary><a:base64Binary>aEIAAAUAAAD//v9+ZwByAGkAcABwAGUAcgAgAHUAcABkAGEAdABlAGQAXwA1ADEALQAxAEAAdQBwAGQAYQB0AGUAZAAgAGEAcwBzAGUAbQAvAGcAcgBpAHAAcABlAHIAIAB1AHAAZABhAHQAZQBkAF8ANQAuAFMAVABFAFAALQAxAEAAZwByAGkAcABwAGUAcgAgAHUAcABkAGEAdABlAGQAXwA1ADEALwBHAFIASQBQAFAARQBSACAAQQBMAEwAIABNAE8AVABPAFIALgBTAFQARQBQAC0AMQBAAGcAcgBpAHAAcABlAHIAIAB1AHAAZABhAHQAZQBkAF8ANQAuAFMAVABFAFAABAAAABAAAAABAAAAAwAAAHkAAAAYAAAAHQAAAA==</a:base64Binary><a:base64Binary>aEIAAAUAAAD//v+BZwByAGkAcABwAGUAcgAgAHUAcABkAGEAdABlAGQAXwA1ADEALQAxAEAAdQBwAGQAYQB0AGUAZAAgAGEAcwBzAGUAbQAvAGcAcgBpAHAAcABlAHIAIAB1AHAAZABhAHQAZQBkAF8ANQAuAFMAVABFAFAALQAxAEAAZwByAGkAcABwAGUAcgAgAHUAcABkAGEAdABlAGQAXwA1ADEALwBCAEUAQQBSAEkATgBHACAAMQA2AFgAOABYADUAIAAoAEEATABMACkALgBTAFQARQBQAC0AMQBAAGcAcgBpAHAAcABlAHIAIAB1AHAAZABhAHQAZQBkAF8ANQAuAFMAVABFAFAABAAAABAAAAABAAAAAwAAAHkAAAAYAAAAIwAAAA==</a:base64Binary><a:base64Binary>aEIAAAUAAAD//v94ZwByAGkAcABwAGUAcgAgAHUAcABkAGEAdABlAGQAXwA1ADEALQAxAEAAdQBwAGQAYQB0AGUAZAAgAGEAcwBzAGUAbQAvAGcAcgBpAHAAcABlAHIAIAB1AHAAZABhAHQAZQBkAF8ANQAuAFMAVABFAFAALQAxAEAAZwByAGkAcABwAGUAcgAgAHUAcABkAGEAdABlAGQAXwA1ADEALwBjAG8AdQBwAGwAZQByACAAOAB4ADUALgBTAFQARQBQAC0AMQBAAGcAcgBpAHAAcABlAHIAIAB1AHAAZABhAHQAZQBkAF8ANQAuAFMAVABFAFAABAAAABAAAAABAAAAAwAAAHkAAAAYAAAAGwAAAA==</a:base64Binary></SWComponentPIDs><SWMainComponentPID i:nil="true"/><Visual z:Ref="i284"/><isFixedFrame>false</isFixedFrame><isIncomplete>false</isIncomplete></Link></Children><Collision z:Ref="i230"/><Inertial z:Ref="i204"/><Joint z:Ref="i237"/><NameAttribute z:Ref="i203"/><Parent z:Ref="i135"/><STLQualityFine>false</STLQualityFine><SWComponentPIDs xmlns:a="http://schemas.microsoft.com/2003/10/Serialization/Arrays"><a:base64Binary>aEIAAAUAAAD//v8eZABpAGYAZgAgAEMAIABzAGUAYwB0AGkAbwBuAC0AMgBAAHUAcABkAGEAdABlAGQAIABhAHMAcwBlAG0ABAAAABAAAAABAAAAAQAAAGQAAAA=</a:base64Binary><a:base64Binary>aEIAAAUAAAD//v8eZABpAGYAZgAgAEMAIABzAGUAYwB0AGkAbwBuAC0AMQBAAHUAcABkAGEAdABlAGQAIABhAHMAcwBlAG0ABAAAABAAAAABAAAAAQAAAFIAAAA=</a:base64Binary><a:base64Binary>aEIAAAUAAAD//v8lZABpAGYAZgAgAEMAIABzAGUAYwB0AGkAbwBuACAASQAgAHAAYQByAHQALQAyAEAAdQBwAGQAYQB0AGUAZAAgAGEAcwBzAGUAbQAEAAAAEAAAAAEAAAABAAAAZQAAAA==</a:base64Binary><a:base64Binary>aEIAAAUAAAD//v8lZABpAGYAZgAgAEMAIABzAGUAYwB0AGkAbwBuACAASQAgAHAAYQByAHQALQAxAEAAdQBwAGQAYQB0AGUAZAAgAGEAcwBzAGUAbQAEAAAAEAAAAAEAAAABAAAAUQAAAA==</a:base64Binary><a:base64Binary>aEIAAAUAAAD//v8mMQA1AC0AMwAyAC0AOQAgAGIAZQBhAHIAaQBuAGcAIABoAG8AbABkAGUAcgAtADEAQAB1AHAAZABhAHQAZQBkACAAYQBzAHMAZQBtAAQAAAAQAAAAAQAAAAEAAAB6AAAA</a:base64Binary></SWComponentPIDs><SWMainComponentPID i:nil="true"/><Visual z:Ref="i217"/><isFixedFrame>false</isFixedFrame><isIncomplete>false</isIncomplete></Link></Children><Collision z:Ref="i163"/><Inertial z:Ref="i137"/><Joint z:Ref="i170"/><NameAttribute z:Ref="i136"/><Parent z:Ref="i68"/><STLQualityFine>false</STLQualityFine><SWComponentPIDs xmlns:a="http://schemas.microsoft.com/2003/10/Serialization/Arrays"><a:base64Binary>aEIAAAUAAAD//v8WQwBhAHMAaQBuAGcALQAyAEAAdQBwAGQAYQB0AGUAZAAgAGEAcwBzAGUAbQAEAAAAEAAAAAEAAAABAAAAQQAAAA==</a:base64Binary><a:base64Binary>aEIAAAUAAAD//v8sYwBhAHMAaQBuAGcAIABtAGkAcgByAG8AcgAgAG0AaQByAG8AcgByACAAbQBpAHIAcgByAHIAcgAtADIAQAB1AHAAZABhAHQAZQBkACAAYQBzAHMAZQBtAAQAAAAQAAAAAQAAAAEAAABAAAAA</a:base64Binary><a:base64Binary>aEIAAAUAAAD//v8TMAA0AG0ALQAxAEAAdQBwAGQAYQB0AGUAZAAgAGEAcwBzAGUAbQAEAAAAEAAAAAEAAAABAAAAMgAAAA==</a:base64Binary><a:base64Binary>aEIAAAUAAAD//v8kbQBvAHQAbwByACAAbQBvAHUAbgB0ACAAYQBuAGQAIABsAGkAbgBrAC0AMQBAAHUAcABkAGEAdABlAGQAIABhAHMAcwBlAG0ABAAAABAAAAABAAAAAQAAAEwAAAA=</a:base64Binary><a:base64Binary>aEIAAAUAAAD//v8mbQBvAHQAbwByACAAbQBvAHUAbgB0ACAAYQBuAGQAIABsAGkAbgBrACAATAAtADIAQAB1AHAAZABhAHQAZQBkACAAYQBzAHMAZQBtAAQAAAAQAAAAAQAAAAEAAABbAAAA</a:base64Binary><a:base64Binary>aEIAAAUAAAD//v8mbQBvAHQAbwByACAAbQBvAHUAbgB0ACAAYQBuAGQAIABsAGkAbgBrACAATAAtADEAQAB1AHAAZABhAHQAZQBkACAAYQBzAHMAZQBtAAQAAAAQAAAAAQAAAAEAAABUAAAA</a:base64Binary><a:base64Binary>aEIAAAUAAAD//v8gbABpAG4AawAgAGYAbwByACAAcwB1AHAAcABvAHIAdAAtADEAQAB1AHAAZABhAHQAZQBkACAAYQBzAHMAZQBtAAQAAAAQAAAAAQAAAAEAAABTAAAA</a:base64Binary></SWComponentPIDs><SWMainComponentPID i:nil="true"/><Visual z:Ref="i150"/><isFixedFrame>false</isFixedFrame><isIncomplete>false</isIncomplete></Link></Children><Collision z:Ref="i96"/><Inertial z:Ref="i70"/><Joint z:Ref="i103"/><NameAttribute z:Ref="i69"/><Parent z:Ref="i1"/><STLQualityFine>false</STLQualityFine><SWComponentPIDs xmlns:a="http://schemas.microsoft.com/2003/10/Serialization/Arrays"><a:base64Binary>aEIAAAUAAAD//v8fYwBhAHMAaQBuAGcAIABtAGkAcgByAG8AcgBlAGQALQAxAEAAdQBwAGQAYQB0AGUAZAAgAGEAcwBzAGUAbQAEAAAAEAAAAAEAAAABAAAAJAAAAA==</a:base64Binary><a:base64Binary>aEIAAAUAAAD//v8fQwBhAHMAaQBuAGcAIABuAG8AIABlAHIAcgBvAHIALQAxAEAAdQBwAGQAYQB0AGUAZAAgAGEAcwBzAGUAbQAEAAAAEAAAAAEAAAABAAAAIwAAAA==</a:base64Binary><a:base64Binary>aEIAAAUAAAD//v8UMAAuADYAbQAtADEAQAB1AHAAZABhAHQAZQBkACAAYQBzAHMAZQBtAAQAAAAQAAAAAQAAAAEAAAAxAAAA</a:base64Binary><a:base64Binary>aEIAAAUAAAD//v8kbQBvAHUAbgB0ACAAZwBvAG8AZgBlAGQAIABtAHUAaQByAHIAbwByAC0AMQBAAHUAcABkAGEAdABlAGQAIABhAHMAcwBlAG0ABAAAABAAAAABAAAAAQAAADYAAAA=</a:base64Binary><a:base64Binary>aEIAAAUAAAD//v8kTQBvAHUAbgB0ACAAZgBvAHIAIABnAG8AbwBmAHkAdABoAGkAbgBnAC0AMQBAAHUAcABkAGEAdABlAGQAIABhAHMAcwBlAG0ABAAAABAAAAABAAAAAQAAADUAAAA=</a:base64Binary></SWComponentPIDs><SWMainComponentPID i:nil="true"/><Visual z:Ref="i83"/><isFixedFrame>false</isFixedFrame><isIncomplete>false</isIncomplete></Link></Children><Collision z:Ref="i29"/><Inertial z:Ref="i3"/><Joint z:Ref="i36"/><NameAttribute z:Ref="i2"/><Parent i:nil="true"/><STLQualityFine>false</STLQualityFine><SWComponentPIDs xmlns:a="http://schemas.microsoft.com/2003/10/Serialization/Arrays"><a:base64Binary>aEIAAAUAAAD//v8rTQBvAHUAbgB0AC0ARQB4AHQAcgB1AGQAZQAgAFQAbwBwACAAQwB5AGMAbABvAGkAZABhAGwALQAyAEAAdQBwAGQAYQB0AGUAZAAgAGEAcwBzAGUAbQAEAAAAEAAAAAEAAAABAAAAIgAAAA==</a:base64Binary><a:base64Binary>aEIAAAUAAAD//v8rTQBvAHUAbgB0AC0ARQB4AHQAcgB1AGQAZQAgAFQAbwBwACAAQwB5AGMAbABvAGkAZABhAGwALQAxAEAAdQBwAGQAYQB0AGUAZAAgAGEAcwBzAGUAbQAEAAAAEAAAAAEAAAABAAAAGAAAAA==</a:base64Binary></SWComponentPIDs><SWMainComponentPID i:nil="true"/><Visual z:Ref="i16"/><isFixedFrame>false</isFixedFrame><isIncomplete>false</isIncomplete></Link>
2025-07-01 18:09:02,777 INFO  LinkNode.cs: 37 - Building node base_link
2025-07-01 18:09:02,777 INFO  LinkNode.cs: 37 - Building node dof1
2025-07-01 18:09:02,777 INFO  LinkNode.cs: 37 - Building node dof2
2025-07-01 18:09:02,778 INFO  LinkNode.cs: 37 - Building node dof3
2025-07-01 18:09:02,778 INFO  LinkNode.cs: 37 - Building node dof4
2025-07-01 18:09:02,778 INFO  CommonSwOperations.cs: 224 - Loading SolidWorks components for base_link from F:\updated assem\updated assem.SLDASM
2025-07-01 18:09:02,778 INFO  CommonSwOperations.cs: 246 - Loading component with PID hB     ???+M o u n t - E x t r u d e   T o p   C y c l o i d a l - 2 @ u p d a t e d   a s s e m             "   
2025-07-01 18:09:02,779 INFO  CommonSwOperations.cs: 242 - Successfully loaded component F:\updated assem\Mount-Extrude Top Cycloidal.SLDPRT
2025-07-01 18:09:02,779 INFO  CommonSwOperations.cs: 246 - Loading component with PID hB     ???+M o u n t - E x t r u d e   T o p   C y c l o i d a l - 1 @ u p d a t e d   a s s e m                
2025-07-01 18:09:02,779 INFO  CommonSwOperations.cs: 242 - Successfully loaded component F:\updated assem\Mount-Extrude Top Cycloidal.SLDPRT
2025-07-01 18:09:02,779 INFO  CommonSwOperations.cs: 232 - Loaded 2 components for link base_link
2025-07-01 18:09:02,780 INFO  CommonSwOperations.cs: 224 - Loading SolidWorks components for dof1 from F:\updated assem\updated assem.SLDASM
2025-07-01 18:09:02,780 INFO  CommonSwOperations.cs: 246 - Loading component with PID hB     ???c a s i n g   m i r r o r e d - 1 @ u p d a t e d   a s s e m             $   
2025-07-01 18:09:02,780 INFO  CommonSwOperations.cs: 242 - Successfully loaded component F:\updated assem\casing mirrored.SLDPRT
2025-07-01 18:09:02,780 INFO  CommonSwOperations.cs: 246 - Loading component with PID hB     ???C a s i n g   n o   e r r o r - 1 @ u p d a t e d   a s s e m             #   
2025-07-01 18:09:02,781 INFO  CommonSwOperations.cs: 242 - Successfully loaded component F:\updated assem\Casing no error.SLDPRT
2025-07-01 18:09:02,781 INFO  CommonSwOperations.cs: 246 - Loading component with PID hB     ???0 . 6 m - 1 @ u p d a t e d   a s s e m             1   
2025-07-01 18:09:02,781 INFO  CommonSwOperations.cs: 242 - Successfully loaded component F:\updated assem\0.6m.SLDPRT
2025-07-01 18:09:02,781 INFO  CommonSwOperations.cs: 246 - Loading component with PID hB     ???$m o u n t   g o o f e d   m u i r r o r - 1 @ u p d a t e d   a s s e m             6   
2025-07-01 18:09:02,782 INFO  CommonSwOperations.cs: 242 - Successfully loaded component F:\updated assem\mount goofed muirror.SLDPRT
2025-07-01 18:09:02,782 INFO  CommonSwOperations.cs: 246 - Loading component with PID hB     ???$M o u n t   f o r   g o o f y t h i n g - 1 @ u p d a t e d   a s s e m             5   
2025-07-01 18:09:02,782 INFO  CommonSwOperations.cs: 242 - Successfully loaded component F:\updated assem\Mount for goofything.SLDPRT
2025-07-01 18:09:02,782 INFO  CommonSwOperations.cs: 232 - Loaded 5 components for link dof1
2025-07-01 18:09:02,783 INFO  CommonSwOperations.cs: 224 - Loading SolidWorks components for dof2 from F:\updated assem\updated assem.SLDASM
2025-07-01 18:09:02,783 INFO  CommonSwOperations.cs: 246 - Loading component with PID hB     ???C a s i n g - 2 @ u p d a t e d   a s s e m             A   
2025-07-01 18:09:02,783 INFO  CommonSwOperations.cs: 242 - Successfully loaded component F:\updated assem\Casing.SLDPRT
2025-07-01 18:09:02,783 INFO  CommonSwOperations.cs: 246 - Loading component with PID hB     ???,c a s i n g   m i r r o r   m i r o r r   m i r r r r r - 2 @ u p d a t e d   a s s e m             @   
2025-07-01 18:09:02,784 INFO  CommonSwOperations.cs: 242 - Successfully loaded component F:\updated assem\casing mirror mirorr mirrrrr.SLDPRT
2025-07-01 18:09:02,784 INFO  CommonSwOperations.cs: 246 - Loading component with PID hB     ???0 4 m - 1 @ u p d a t e d   a s s e m             2   
2025-07-01 18:09:02,784 INFO  CommonSwOperations.cs: 242 - Successfully loaded component F:\updated assem\04m.SLDPRT
2025-07-01 18:09:02,784 INFO  CommonSwOperations.cs: 246 - Loading component with PID hB     ???$m o t o r   m o u n t   a n d   l i n k - 1 @ u p d a t e d   a s s e m             L   
2025-07-01 18:09:02,785 INFO  CommonSwOperations.cs: 242 - Successfully loaded component F:\updated assem\motor mount and link.SLDPRT
2025-07-01 18:09:02,785 INFO  CommonSwOperations.cs: 246 - Loading component with PID hB     ???&m o t o r   m o u n t   a n d   l i n k   L - 2 @ u p d a t e d   a s s e m             [   
2025-07-01 18:09:02,785 INFO  CommonSwOperations.cs: 242 - Successfully loaded component F:\updated assem\motor mount and link L.SLDPRT
2025-07-01 18:09:02,786 INFO  CommonSwOperations.cs: 246 - Loading component with PID hB     ???&m o t o r   m o u n t   a n d   l i n k   L - 1 @ u p d a t e d   a s s e m             T   
2025-07-01 18:09:02,786 INFO  CommonSwOperations.cs: 242 - Successfully loaded component F:\updated assem\motor mount and link L.SLDPRT
2025-07-01 18:09:02,786 INFO  CommonSwOperations.cs: 246 - Loading component with PID hB     ??? l i n k   f o r   s u p p o r t - 1 @ u p d a t e d   a s s e m             S   
2025-07-01 18:09:02,786 INFO  CommonSwOperations.cs: 242 - Successfully loaded component F:\updated assem\link for support.SLDPRT
2025-07-01 18:09:02,787 INFO  CommonSwOperations.cs: 232 - Loaded 7 components for link dof2
2025-07-01 18:09:02,787 INFO  CommonSwOperations.cs: 224 - Loading SolidWorks components for dof3 from F:\updated assem\updated assem.SLDASM
2025-07-01 18:09:02,787 INFO  CommonSwOperations.cs: 246 - Loading component with PID hB     ???d i f f   C   s e c t i o n - 2 @ u p d a t e d   a s s e m             d   
2025-07-01 18:09:02,787 INFO  CommonSwOperations.cs: 242 - Successfully loaded component F:\updated assem\diff C section.SLDPRT
2025-07-01 18:09:02,788 INFO  CommonSwOperations.cs: 246 - Loading component with PID hB     ???d i f f   C   s e c t i o n - 1 @ u p d a t e d   a s s e m             R   
2025-07-01 18:09:02,788 INFO  CommonSwOperations.cs: 242 - Successfully loaded component F:\updated assem\diff C section.SLDPRT
2025-07-01 18:09:02,788 INFO  CommonSwOperations.cs: 246 - Loading component with PID hB     ???%d i f f   C   s e c t i o n   I   p a r t - 2 @ u p d a t e d   a s s e m             e   
2025-07-01 18:09:02,788 INFO  CommonSwOperations.cs: 242 - Successfully loaded component F:\updated assem\diff C section I part.SLDPRT
2025-07-01 18:09:02,789 INFO  CommonSwOperations.cs: 246 - Loading component with PID hB     ???%d i f f   C   s e c t i o n   I   p a r t - 1 @ u p d a t e d   a s s e m             Q   
2025-07-01 18:09:02,789 INFO  CommonSwOperations.cs: 242 - Successfully loaded component F:\updated assem\diff C section I part.SLDPRT
2025-07-01 18:09:02,789 INFO  CommonSwOperations.cs: 246 - Loading component with PID hB     ???&1 5 - 3 2 - 9   b e a r i n g   h o l d e r - 1 @ u p d a t e d   a s s e m             z   
2025-07-01 18:09:02,790 INFO  CommonSwOperations.cs: 242 - Successfully loaded component F:\updated assem\15-32-9 bearing holder.SLDPRT
2025-07-01 18:09:02,790 INFO  CommonSwOperations.cs: 232 - Loaded 5 components for link dof3
2025-07-01 18:09:02,790 INFO  CommonSwOperations.cs: 224 - Loading SolidWorks components for dof4 from F:\updated assem\updated assem.SLDASM
2025-07-01 18:09:02,790 INFO  CommonSwOperations.cs: 246 - Loading component with PID hB     ???&G r i p p e r   Y P R   C o n n e c t i o n - 1 @ u p d a t e d   a s s e m             {   
2025-07-01 18:09:02,791 INFO  CommonSwOperations.cs: 242 - Successfully loaded component F:\updated assem\Gripper YPR Connection.SLDPRT
2025-07-01 18:09:02,791 INFO  CommonSwOperations.cs: 246 - Loading component with PID hB     ???yg r i p p e r   u p d a t e d _ 5 1 - 1 @ u p d a t e d   a s s e m / g r i p p e r   u p d a t e d _ 5 . S T E P - 1 @ g r i p p e r   u p d a t e d _ 5 1 / f r a m e   g r i p e r . S T E P - 1 @ g r i p p e r   u p d a t e d _ 5 . S T E P             y         
2025-07-01 18:09:02,791 INFO  CommonSwOperations.cs: 242 - Successfully loaded component C:\Temp\swx736\IC~~\frame griper.STEP.SLDPRT
2025-07-01 18:09:02,791 INFO  CommonSwOperations.cs: 246 - Loading component with PID hB     ???d i f f   t o   g r i p p e r - 2 @ u p d a t e d   a s s e m             |   
2025-07-01 18:09:02,791 INFO  CommonSwOperations.cs: 242 - Successfully loaded component F:\updated assem\diff to gripper.SLDPRT
2025-07-01 18:09:02,791 INFO  CommonSwOperations.cs: 246 - Loading component with PID hB     ???yg r i p p e r   u p d a t e d _ 5 1 - 1 @ u p d a t e d   a s s e m / g r i p p e r   u p d a t e d _ 5 . S T E P - 1 @ g r i p p e r   u p d a t e d _ 5 1 / F R A M E   3 ( A L L ) . S T E P - 1 @ g r i p p e r   u p d a t e d _ 5 . S T E P             y         
2025-07-01 18:09:02,792 INFO  CommonSwOperations.cs: 242 - Successfully loaded component C:\Temp\swx736\IC~~\FRAME 3(ALL).STEP.SLDPRT
2025-07-01 18:09:02,792 INFO  CommonSwOperations.cs: 246 - Loading component with PID hB     ???vg r i p p e r   u p d a t e d _ 5 1 - 1 @ u p d a t e d   a s s e m / g r i p p e r   u p d a t e d _ 5 . S T E P - 1 @ g r i p p e r   u p d a t e d _ 5 1 / C L A W ( A L L ) . S T E P - 1 @ g r i p p e r   u p d a t e d _ 5 . S T E P             y         
2025-07-01 18:09:02,792 INFO  CommonSwOperations.cs: 242 - Successfully loaded component C:\Temp\swx736\IC~~\CLAW(ALL).STEP.SLDPRT
2025-07-01 18:09:02,793 INFO  CommonSwOperations.cs: 246 - Loading component with PID hB     ???{g r i p p e r   u p d a t e d _ 5 1 - 1 @ u p d a t e d   a s s e m / g r i p p e r   u p d a t e d _ 5 . S T E P - 1 @ g r i p p e r   u p d a t e d _ 5 1 / L E A D   8 M M   ( A L L ) . S T E P - 1 @ g r i p p e r   u p d a t e d _ 5 . S T E P             y         
2025-07-01 18:09:02,793 INFO  CommonSwOperations.cs: 242 - Successfully loaded component C:\Temp\swx736\IC~~\LEAD 8MM (ALL).STEP.SLDPRT
2025-07-01 18:09:02,793 INFO  CommonSwOperations.cs: 246 - Loading component with PID hB     ????g r i p p e r   u p d a t e d _ 5 1 - 1 @ u p d a t e d   a s s e m / g r i p p e r   u p d a t e d _ 5 . S T E P - 1 @ g r i p p e r   u p d a t e d _ 5 1 / G U I D E   R O D   8 m m   ( A L L ) . S T E P - 1 @ g r i p p e r   u p d a t e d _ 5 . S T E P             y         
2025-07-01 18:09:02,794 INFO  CommonSwOperations.cs: 242 - Successfully loaded component C:\Temp\swx736\IC~~\GUIDE ROD 8mm (ALL).STEP.SLDPRT
2025-07-01 18:09:02,794 INFO  CommonSwOperations.cs: 246 - Loading component with PID hB     ???vg r i p p e r   u p d a t e d _ 5 1 - 1 @ u p d a t e d   a s s e m / g r i p p e r   u p d a t e d _ 5 . S T E P - 1 @ g r i p p e r   u p d a t e d _ 5 1 / N U T   ( A L L ) . S T E P - 1 @ g r i p p e r   u p d a t e d _ 5 . S T E P             y      !   
2025-07-01 18:09:02,794 INFO  CommonSwOperations.cs: 242 - Successfully loaded component C:\Temp\swx736\IC~~\NUT (ALL).STEP.SLDPRT
2025-07-01 18:09:02,794 INFO  CommonSwOperations.cs: 246 - Loading component with PID hB     ????g r i p p e r   u p d a t e d _ 5 1 - 1 @ u p d a t e d   a s s e m / g r i p p e r   u p d a t e d _ 5 . S T E P - 1 @ g r i p p e r   u p d a t e d _ 5 1 / l i n e a r   a c t   s a m p l e   m o d e l ( A L L ) . S T E P - 1 @ g r i p p e r   u p d a t e d _ 5 . S T E P             y         
2025-07-01 18:09:02,795 INFO  CommonSwOperations.cs: 242 - Successfully loaded component C:\Temp\swx736\IC~~\linear act sample model(ALL).STEP.SLDPRT
2025-07-01 18:09:02,795 INFO  CommonSwOperations.cs: 246 - Loading component with PID hB     ????g r i p p e r   u p d a t e d _ 5 1 - 1 @ u p d a t e d   a s s e m / g r i p p e r   u p d a t e d _ 5 . S T E P - 1 @ g r i p p e r   u p d a t e d _ 5 1 / m o t o r   m o u n t   G R I P P E R   A L L . S T E P - 1 @ g r i p p e r   u p d a t e d _ 5 . S T E P             y          
2025-07-01 18:09:02,795 INFO  CommonSwOperations.cs: 242 - Successfully loaded component C:\Temp\swx736\IC~~\motor mount GRIPPER ALL.STEP.SLDPRT
2025-07-01 18:09:02,795 INFO  CommonSwOperations.cs: 246 - Loading component with PID hB     ???yg r i p p e r   u p d a t e d _ 5 1 - 1 @ u p d a t e d   a s s e m / g r i p p e r   u p d a t e d _ 5 . S T E P - 1 @ g r i p p e r   u p d a t e d _ 5 1 / l i m i t   s w i t c h . S T E P - 1 @ g r i p p e r   u p d a t e d _ 5 . S T E P             y      "   
2025-07-01 18:09:02,796 INFO  CommonSwOperations.cs: 242 - Successfully loaded component C:\Temp\swx736\IC~~\limit switch.STEP.SLDPRT
2025-07-01 18:09:02,796 INFO  CommonSwOperations.cs: 246 - Loading component with PID hB     ???~g r i p p e r   u p d a t e d _ 5 1 - 1 @ u p d a t e d   a s s e m / g r i p p e r   u p d a t e d _ 5 . S T E P - 1 @ g r i p p e r   u p d a t e d _ 5 1 / G R I P P E R   A L L   M O T O R . S T E P - 1 @ g r i p p e r   u p d a t e d _ 5 . S T E P             y         
2025-07-01 18:09:02,796 INFO  CommonSwOperations.cs: 242 - Successfully loaded component C:\Temp\swx736\IC~~\GRIPPER ALL MOTOR.STEP.SLDPRT
2025-07-01 18:09:02,803 INFO  CommonSwOperations.cs: 246 - Loading component with PID hB     ????g r i p p e r   u p d a t e d _ 5 1 - 1 @ u p d a t e d   a s s e m / g r i p p e r   u p d a t e d _ 5 . S T E P - 1 @ g r i p p e r   u p d a t e d _ 5 1 / B E A R I N G   1 6 X 8 X 5   ( A L L ) . S T E P - 1 @ g r i p p e r   u p d a t e d _ 5 . S T E P             y      #   
2025-07-01 18:09:02,845 INFO  CommonSwOperations.cs: 242 - Successfully loaded component C:\Temp\swx736\IC~~\BEARING 16X8X5 (ALL).STEP.SLDPRT
2025-07-01 18:09:02,846 INFO  CommonSwOperations.cs: 246 - Loading component with PID hB     ???xg r i p p e r   u p d a t e d _ 5 1 - 1 @ u p d a t e d   a s s e m / g r i p p e r   u p d a t e d _ 5 . S T E P - 1 @ g r i p p e r   u p d a t e d _ 5 1 / c o u p l e r   8 x 5 . S T E P - 1 @ g r i p p e r   u p d a t e d _ 5 . S T E P             y         
2025-07-01 18:09:02,846 INFO  CommonSwOperations.cs: 242 - Successfully loaded component C:\Temp\swx736\IC~~\coupler 8x5.STEP.SLDPRT
2025-07-01 18:09:02,847 INFO  CommonSwOperations.cs: 232 - Loaded 14 components for link dof4
2025-07-01 18:09:02,909 INFO  SwAddin.cs: 345 - Showing property manager
2025-07-01 18:09:20,712 INFO  ExportPropertyManager.cs: 423 - Configuration saved
2025-07-01 18:09:20,715 INFO  ConfigurationSerialization.cs: 278 - URDF Configuration found
<Link z:Id="i1" xmlns="http://schemas.datacontract.org/2004/07/SW2URDF" xmlns:i="http://www.w3.org/2001/XMLSchema-instance" xmlns:z="http://schemas.microsoft.com/2003/10/Serialization/"><Attributes><Attribute z:Id="i2"><AttributeType>name</AttributeType><IsRequired>true</IsRequired><Value i:type="a:string" xmlns:a="http://www.w3.org/2001/XMLSchema">base_link</Value></Attribute></Attributes><ChildElements><URDFElement z:Id="i3" i:type="Inertial"><Attributes/><ChildElements><URDFElement z:Id="i4" i:type="Origin"><Attributes><Attribute z:Id="i5"><AttributeType>xyz</AttributeType><IsRequired>true</IsRequired><Value i:type="a:ArrayOfdouble" xmlns:a="http://schemas.microsoft.com/2003/10/Serialization/Arrays"><a:double>0</a:double><a:double>0</a:double><a:double>0</a:double></Value></Attribute><Attribute z:Id="i6"><AttributeType>rpy</AttributeType><IsRequired>true</IsRequired><Value i:type="a:ArrayOfdouble" xmlns:a="http://schemas.microsoft.com/2003/10/Serialization/Arrays"><a:double>0</a:double><a:double>0</a:double><a:double>0</a:double></Value></Attribute></Attributes><ChildElements/><ElementName>origin</ElementName><required>false</required><RPYAttribute z:Ref="i6"/><XYZAttribute z:Ref="i5"/><isCustomized>false</isCustomized></URDFElement><URDFElement z:Id="i7" i:type="Mass"><Attributes><Attribute z:Id="i8"><AttributeType>value</AttributeType><IsRequired>true</IsRequired><Value i:type="a:double" xmlns:a="http://www.w3.org/2001/XMLSchema">0</Value></Attribute></Attributes><ChildElements/><ElementName>mass</ElementName><required>false</required><ValueAttribute z:Ref="i8"/></URDFElement><URDFElement z:Id="i9" i:type="Inertia"><Attributes><Attribute z:Id="i10"><AttributeType>ixx</AttributeType><IsRequired>true</IsRequired><Value i:type="a:double" xmlns:a="http://www.w3.org/2001/XMLSchema">0</Value></Attribute><Attribute z:Id="i11"><AttributeType>ixy</AttributeType><IsRequired>true</IsRequired><Value i:type="a:double" xmlns:a="http://www.w3.org/2001/XMLSchema">0</Value></Attribute><Attribute z:Id="i12"><AttributeType>ixz</AttributeType><IsRequired>true</IsRequired><Value i:type="a:double" xmlns:a="http://www.w3.org/2001/XMLSchema">0</Value></Attribute><Attribute z:Id="i13"><AttributeType>iyy</AttributeType><IsRequired>true</IsRequired><Value i:type="a:double" xmlns:a="http://www.w3.org/2001/XMLSchema">0</Value></Attribute><Attribute z:Id="i14"><AttributeType>iyz</AttributeType><IsRequired>true</IsRequired><Value i:type="a:double" xmlns:a="http://www.w3.org/2001/XMLSchema">0</Value></Attribute><Attribute z:Id="i15"><AttributeType>izz</AttributeType><IsRequired>true</IsRequired><Value i:type="a:double" xmlns:a="http://www.w3.org/2001/XMLSchema">0</Value></Attribute></Attributes><ChildElements/><ElementName>inertia</ElementName><required>false</required><IxxAttribute z:Ref="i10"/><IxyAttribute z:Ref="i11"/><IxzAttribute z:Ref="i12"/><IyyAttribute z:Ref="i13"/><IyzAttribute z:Ref="i14"/><IzzAttribute z:Ref="i15"/></URDFElement></ChildElements><ElementName>inertial</ElementName><required>false</required><Inertia z:Ref="i9"/><Mass z:Ref="i7"/><Origin z:Ref="i4"/></URDFElement><URDFElement z:Id="i16" i:type="Visual"><Attributes/><ChildElements><URDFElement z:Id="i17" i:type="Origin"><Attributes><Attribute z:Id="i18"><AttributeType>xyz</AttributeType><IsRequired>true</IsRequired><Value i:type="a:ArrayOfdouble" xmlns:a="http://schemas.microsoft.com/2003/10/Serialization/Arrays"><a:double>0</a:double><a:double>0</a:double><a:double>0</a:double></Value></Attribute><Attribute z:Id="i19"><AttributeType>rpy</AttributeType><IsRequired>true</IsRequired><Value i:type="a:ArrayOfdouble" xmlns:a="http://schemas.microsoft.com/2003/10/Serialization/Arrays"><a:double>0</a:double><a:double>0</a:double><a:double>0</a:double></Value></Attribute></Attributes><ChildElements/><ElementName>origin</ElementName><required>false</required><RPYAttribute z:Ref="i19"/><XYZAttribute z:Ref="i18"/><isCustomized>false</isCustomized></URDFElement><URDFElement z:Id="i20" i:type="Geometry"><Attributes/><ChildElements><URDFElement z:Id="i21" i:type="Mesh"><Attributes><Attribute z:Id="i22"><AttributeType>filename</AttributeType><IsRequired>true</IsRequired><Value i:nil="true"/></Attribute></Attributes><ChildElements/><ElementName>mesh</ElementName><required>false</required><FilenameAttribute z:Ref="i22"/></URDFElement></ChildElements><ElementName>geometry</ElementName><required>true</required><Mesh z:Ref="i21"/></URDFElement><URDFElement z:Id="i23" i:type="Material"><Attributes><Attribute z:Id="i24"><AttributeType>name</AttributeType><IsRequired>true</IsRequired><Value i:type="a:string" xmlns:a="http://www.w3.org/2001/XMLSchema"/></Attribute></Attributes><ChildElements><URDFElement z:Id="i25" i:type="Color"><Attributes><Attribute z:Id="i26"><AttributeType>rgba</AttributeType><IsRequired>true</IsRequired><Value i:type="a:ArrayOfdouble" xmlns:a="http://schemas.microsoft.com/2003/10/Serialization/Arrays"><a:double>1</a:double><a:double>1</a:double><a:double>1</a:double><a:double>1</a:double></Value></Attribute></Attributes><ChildElements/><ElementName>color</ElementName><required>false</required><RGBAAttribute z:Ref="i26"/></URDFElement><URDFElement z:Id="i27" i:type="Texture"><Attributes><Attribute z:Id="i28"><AttributeType>filename</AttributeType><IsRequired>true</IsRequired><Value i:nil="true"/></Attribute></Attributes><ChildElements/><ElementName>texture</ElementName><required>false</required><FilenameAttribute z:Ref="i28"/><wFilename/></URDFElement></ChildElements><ElementName>material</ElementName><required>false</required><Color z:Ref="i25"/><NameAttribute z:Ref="i24"/><Texture z:Ref="i27"/></URDFElement></ChildElements><ElementName>visual</ElementName><required>false</required><Geometry z:Ref="i20"/><Material z:Ref="i23"/><Origin z:Ref="i17"/></URDFElement><URDFElement z:Id="i29" i:type="Collision"><Attributes/><ChildElements><URDFElement z:Id="i30" i:type="Origin"><Attributes><Attribute z:Id="i31"><AttributeType>xyz</AttributeType><IsRequired>true</IsRequired><Value i:type="a:ArrayOfdouble" xmlns:a="http://schemas.microsoft.com/2003/10/Serialization/Arrays"><a:double>0</a:double><a:double>0</a:double><a:double>0</a:double></Value></Attribute><Attribute z:Id="i32"><AttributeType>rpy</AttributeType><IsRequired>true</IsRequired><Value i:type="a:ArrayOfdouble" xmlns:a="http://schemas.microsoft.com/2003/10/Serialization/Arrays"><a:double>0</a:double><a:double>0</a:double><a:double>0</a:double></Value></Attribute></Attributes><ChildElements/><ElementName>origin</ElementName><required>false</required><RPYAttribute z:Ref="i32"/><XYZAttribute z:Ref="i31"/><isCustomized>false</isCustomized></URDFElement><URDFElement z:Id="i33" i:type="Geometry"><Attributes/><ChildElements><URDFElement z:Id="i34" i:type="Mesh"><Attributes><Attribute z:Id="i35"><AttributeType>filename</AttributeType><IsRequired>true</IsRequired><Value i:nil="true"/></Attribute></Attributes><ChildElements/><ElementName>mesh</ElementName><required>false</required><FilenameAttribute z:Ref="i35"/></URDFElement></ChildElements><ElementName>geometry</ElementName><required>true</required><Mesh z:Ref="i34"/></URDFElement></ChildElements><ElementName>collision</ElementName><required>false</required><Geometry z:Ref="i33"/><Origin z:Ref="i30"/></URDFElement><URDFElement z:Id="i36" i:type="Joint"><Attributes><Attribute z:Id="i37"><AttributeType>name</AttributeType><IsRequired>true</IsRequired><Value i:type="a:string" xmlns:a="http://www.w3.org/2001/XMLSchema"/></Attribute><Attribute z:Id="i38"><AttributeType>type</AttributeType><IsRequired>true</IsRequired><Value i:type="a:string" xmlns:a="http://www.w3.org/2001/XMLSchema"/></Attribute></Attributes><ChildElements><URDFElement z:Id="i39" i:type="Origin"><Attributes><Attribute z:Id="i40"><AttributeType>xyz</AttributeType><IsRequired>true</IsRequired><Value i:type="a:ArrayOfdouble" xmlns:a="http://schemas.microsoft.com/2003/10/Serialization/Arrays"><a:double>0</a:double><a:double>0</a:double><a:double>0</a:double></Value></Attribute><Attribute z:Id="i41"><AttributeType>rpy</AttributeType><IsRequired>true</IsRequired><Value i:type="a:ArrayOfdouble" xmlns:a="http://schemas.microsoft.com/2003/10/Serialization/Arrays"><a:double>0</a:double><a:double>0</a:double><a:double>0</a:double></Value></Attribute></Attributes><ChildElements/><ElementName>origin</ElementName><required>false</required><RPYAttribute z:Ref="i41"/><XYZAttribute z:Ref="i40"/><isCustomized>false</isCustomized></URDFElement><URDFElement z:Id="i42" i:type="ParentLink"><Attributes><Attribute z:Id="i43"><AttributeType>link</AttributeType><IsRequired>true</IsRequired><Value i:type="a:string" xmlns:a="http://www.w3.org/2001/XMLSchema"/></Attribute></Attributes><ChildElements/><ElementName>parent</ElementName><required>true</required><NameAttribute z:Ref="i43"/></URDFElement><URDFElement z:Id="i44" i:type="ChildLink"><Attributes><Attribute z:Id="i45"><AttributeType>link</AttributeType><IsRequired>true</IsRequired><Value i:type="a:string" xmlns:a="http://www.w3.org/2001/XMLSchema"/></Attribute></Attributes><ChildElements/><ElementName>child</ElementName><required>true</required><NameAttribute z:Ref="i45"/></URDFElement><URDFElement z:Id="i46" i:type="Axis"><Attributes><Attribute z:Id="i47"><AttributeType>xyz</AttributeType><IsRequired>true</IsRequired><Value i:type="a:ArrayOfdouble" xmlns:a="http://schemas.microsoft.com/2003/10/Serialization/Arrays"><a:double>0</a:double><a:double>0</a:double><a:double>0</a:double></Value></Attribute></Attributes><ChildElements/><ElementName>axis</ElementName><required>false</required><XYZAttribute z:Ref="i47"/></URDFElement><URDFElement z:Id="i48" i:type="Limit"><Attributes><Attribute z:Id="i49"><AttributeType>lower</AttributeType><IsRequired>false</IsRequired><Value i:nil="true"/></Attribute><Attribute z:Id="i50"><AttributeType>upper</AttributeType><IsRequired>false</IsRequired><Value i:nil="true"/></Attribute><Attribute z:Id="i51"><AttributeType>effort</AttributeType><IsRequired>true</IsRequired><Value i:nil="true"/></Attribute><Attribute z:Id="i52"><AttributeType>velocity</AttributeType><IsRequired>true</IsRequired><Value i:nil="true"/></Attribute></Attributes><ChildElements/><ElementName>limit</ElementName><required>false</required><EffortAttribute z:Ref="i51"/><LowerAttribute z:Ref="i49"/><UpperAttribute z:Ref="i50"/><VelocityAttribute z:Ref="i52"/></URDFElement><URDFElement z:Id="i53" i:type="Calibration"><Attributes><Attribute z:Id="i54"><AttributeType>rising</AttributeType><IsRequired>false</IsRequired><Value i:nil="true"/></Attribute><Attribute z:Id="i55"><AttributeType>falling</AttributeType><IsRequired>false</IsRequired><Value i:nil="true"/></Attribute></Attributes><ChildElements/><ElementName>calibration</ElementName><required>false</required><FallingAttribute z:Ref="i55"/><RisingAttribute z:Ref="i54"/></URDFElement><URDFElement z:Id="i56" i:type="Dynamics"><Attributes><Attribute z:Id="i57"><AttributeType>damping</AttributeType><IsRequired>false</IsRequired><Value i:nil="true"/></Attribute><Attribute z:Id="i58"><AttributeType>friction</AttributeType><IsRequired>false</IsRequired><Value i:nil="true"/></Attribute></Attributes><ChildElements/><ElementName>dynamics</ElementName><required>false</required><DampingAttribute z:Ref="i57"/><FrictionAttribute z:Ref="i58"/></URDFElement><URDFElement z:Id="i59" i:type="SafetyController"><Attributes><Attribute z:Id="i60"><AttributeType>soft_upper_limit</AttributeType><IsRequired>false</IsRequired><Value i:nil="true"/></Attribute><Attribute z:Id="i61"><AttributeType>soft_lower_limit</AttributeType><IsRequired>false</IsRequired><Value i:nil="true"/></Attribute><Attribute z:Id="i62"><AttributeType>k_position</AttributeType><IsRequired>false</IsRequired><Value i:nil="true"/></Attribute><Attribute z:Id="i63"><AttributeType>k_velocity</AttributeType><IsRequired>true</IsRequired><Value i:nil="true"/></Attribute></Attributes><ChildElements/><ElementName>safety_controller</ElementName><required>false</required><KPositionAttribute z:Ref="i62"/><KVelocityAttribute z:Ref="i63"/><SoftLowerAttribute z:Ref="i61"/><SoftUpperAttribute z:Ref="i60"/></URDFElement><URDFElement z:Id="i64" i:type="Mimic"><Attributes><Attribute z:Id="i65"><AttributeType>joint</AttributeType><IsRequired>true</IsRequired><Value i:nil="true"/></Attribute><Attribute z:Id="i66"><AttributeType>multiplier</AttributeType><IsRequired>false</IsRequired><Value i:nil="true"/></Attribute><Attribute z:Id="i67"><AttributeType>offset</AttributeType><IsRequired>false</IsRequired><Value i:nil="true"/></Attribute></Attributes><ChildElements/><ElementName>mimic</ElementName><required>false</required><JointNameAttribute z:Ref="i65"/><MultiplierAttribute z:Ref="i66"/><OffsetAttribute z:Ref="i67"/></URDFElement></ChildElements><ElementName>joint</ElementName><required>false</required><Axis z:Ref="i46"/><AxisName/><Calibration z:Ref="i53"/><Child z:Ref="i44"/><CoordinateSystemName>Coordinate System1</CoordinateSystemName><Dynamics z:Ref="i56"/><Limit z:Ref="i48"/><Mimic z:Ref="i64"/><NameAttribute z:Ref="i37"/><Origin z:Ref="i39"/><Parent z:Ref="i42"/><Safety z:Ref="i59"/><TypeAttribute z:Ref="i38"/></URDFElement></ChildElements><ElementName>link</ElementName><required>true</required><Children><Link z:Id="i68"><Attributes><Attribute z:Id="i69"><AttributeType>name</AttributeType><IsRequired>true</IsRequired><Value i:type="a:string" xmlns:a="http://www.w3.org/2001/XMLSchema">dof1</Value></Attribute></Attributes><ChildElements><URDFElement z:Id="i70" i:type="Inertial"><Attributes/><ChildElements><URDFElement z:Id="i71" i:type="Origin"><Attributes><Attribute z:Id="i72"><AttributeType>xyz</AttributeType><IsRequired>true</IsRequired><Value i:type="a:ArrayOfdouble" xmlns:a="http://schemas.microsoft.com/2003/10/Serialization/Arrays"><a:double>0</a:double><a:double>0</a:double><a:double>0</a:double></Value></Attribute><Attribute z:Id="i73"><AttributeType>rpy</AttributeType><IsRequired>true</IsRequired><Value i:type="a:ArrayOfdouble" xmlns:a="http://schemas.microsoft.com/2003/10/Serialization/Arrays"><a:double>0</a:double><a:double>0</a:double><a:double>0</a:double></Value></Attribute></Attributes><ChildElements/><ElementName>origin</ElementName><required>false</required><RPYAttribute z:Ref="i73"/><XYZAttribute z:Ref="i72"/><isCustomized>false</isCustomized></URDFElement><URDFElement z:Id="i74" i:type="Mass"><Attributes><Attribute z:Id="i75"><AttributeType>value</AttributeType><IsRequired>true</IsRequired><Value i:type="a:double" xmlns:a="http://www.w3.org/2001/XMLSchema">0</Value></Attribute></Attributes><ChildElements/><ElementName>mass</ElementName><required>false</required><ValueAttribute z:Ref="i75"/></URDFElement><URDFElement z:Id="i76" i:type="Inertia"><Attributes><Attribute z:Id="i77"><AttributeType>ixx</AttributeType><IsRequired>true</IsRequired><Value i:type="a:double" xmlns:a="http://www.w3.org/2001/XMLSchema">0</Value></Attribute><Attribute z:Id="i78"><AttributeType>ixy</AttributeType><IsRequired>true</IsRequired><Value i:type="a:double" xmlns:a="http://www.w3.org/2001/XMLSchema">0</Value></Attribute><Attribute z:Id="i79"><AttributeType>ixz</AttributeType><IsRequired>true</IsRequired><Value i:type="a:double" xmlns:a="http://www.w3.org/2001/XMLSchema">0</Value></Attribute><Attribute z:Id="i80"><AttributeType>iyy</AttributeType><IsRequired>true</IsRequired><Value i:type="a:double" xmlns:a="http://www.w3.org/2001/XMLSchema">0</Value></Attribute><Attribute z:Id="i81"><AttributeType>iyz</AttributeType><IsRequired>true</IsRequired><Value i:type="a:double" xmlns:a="http://www.w3.org/2001/XMLSchema">0</Value></Attribute><Attribute z:Id="i82"><AttributeType>izz</AttributeType><IsRequired>true</IsRequired><Value i:type="a:double" xmlns:a="http://www.w3.org/2001/XMLSchema">0</Value></Attribute></Attributes><ChildElements/><ElementName>inertia</ElementName><required>false</required><IxxAttribute z:Ref="i77"/><IxyAttribute z:Ref="i78"/><IxzAttribute z:Ref="i79"/><IyyAttribute z:Ref="i80"/><IyzAttribute z:Ref="i81"/><IzzAttribute z:Ref="i82"/></URDFElement></ChildElements><ElementName>inertial</ElementName><required>false</required><Inertia z:Ref="i76"/><Mass z:Ref="i74"/><Origin z:Ref="i71"/></URDFElement><URDFElement z:Id="i83" i:type="Visual"><Attributes/><ChildElements><URDFElement z:Id="i84" i:type="Origin"><Attributes><Attribute z:Id="i85"><AttributeType>xyz</AttributeType><IsRequired>true</IsRequired><Value i:type="a:ArrayOfdouble" xmlns:a="http://schemas.microsoft.com/2003/10/Serialization/Arrays"><a:double>0</a:double><a:double>0</a:double><a:double>0</a:double></Value></Attribute><Attribute z:Id="i86"><AttributeType>rpy</AttributeType><IsRequired>true</IsRequired><Value i:type="a:ArrayOfdouble" xmlns:a="http://schemas.microsoft.com/2003/10/Serialization/Arrays"><a:double>0</a:double><a:double>0</a:double><a:double>0</a:double></Value></Attribute></Attributes><ChildElements/><ElementName>origin</ElementName><required>false</required><RPYAttribute z:Ref="i86"/><XYZAttribute z:Ref="i85"/><isCustomized>false</isCustomized></URDFElement><URDFElement z:Id="i87" i:type="Geometry"><Attributes/><ChildElements><URDFElement z:Id="i88" i:type="Mesh"><Attributes><Attribute z:Id="i89"><AttributeType>filename</AttributeType><IsRequired>true</IsRequired><Value i:nil="true"/></Attribute></Attributes><ChildElements/><ElementName>mesh</ElementName><required>false</required><FilenameAttribute z:Ref="i89"/></URDFElement></ChildElements><ElementName>geometry</ElementName><required>true</required><Mesh z:Ref="i88"/></URDFElement><URDFElement z:Id="i90" i:type="Material"><Attributes><Attribute z:Id="i91"><AttributeType>name</AttributeType><IsRequired>true</IsRequired><Value i:type="a:string" xmlns:a="http://www.w3.org/2001/XMLSchema"/></Attribute></Attributes><ChildElements><URDFElement z:Id="i92" i:type="Color"><Attributes><Attribute z:Id="i93"><AttributeType>rgba</AttributeType><IsRequired>true</IsRequired><Value i:type="a:ArrayOfdouble" xmlns:a="http://schemas.microsoft.com/2003/10/Serialization/Arrays"><a:double>1</a:double><a:double>1</a:double><a:double>1</a:double><a:double>1</a:double></Value></Attribute></Attributes><ChildElements/><ElementName>color</ElementName><required>false</required><RGBAAttribute z:Ref="i93"/></URDFElement><URDFElement z:Id="i94" i:type="Texture"><Attributes><Attribute z:Id="i95"><AttributeType>filename</AttributeType><IsRequired>true</IsRequired><Value i:nil="true"/></Attribute></Attributes><ChildElements/><ElementName>texture</ElementName><required>false</required><FilenameAttribute z:Ref="i95"/><wFilename/></URDFElement></ChildElements><ElementName>material</ElementName><required>false</required><Color z:Ref="i92"/><NameAttribute z:Ref="i91"/><Texture z:Ref="i94"/></URDFElement></ChildElements><ElementName>visual</ElementName><required>false</required><Geometry z:Ref="i87"/><Material z:Ref="i90"/><Origin z:Ref="i84"/></URDFElement><URDFElement z:Id="i96" i:type="Collision"><Attributes/><ChildElements><URDFElement z:Id="i97" i:type="Origin"><Attributes><Attribute z:Id="i98"><AttributeType>xyz</AttributeType><IsRequired>true</IsRequired><Value i:type="a:ArrayOfdouble" xmlns:a="http://schemas.microsoft.com/2003/10/Serialization/Arrays"><a:double>0</a:double><a:double>0</a:double><a:double>0</a:double></Value></Attribute><Attribute z:Id="i99"><AttributeType>rpy</AttributeType><IsRequired>true</IsRequired><Value i:type="a:ArrayOfdouble" xmlns:a="http://schemas.microsoft.com/2003/10/Serialization/Arrays"><a:double>0</a:double><a:double>0</a:double><a:double>0</a:double></Value></Attribute></Attributes><ChildElements/><ElementName>origin</ElementName><required>false</required><RPYAttribute z:Ref="i99"/><XYZAttribute z:Ref="i98"/><isCustomized>false</isCustomized></URDFElement><URDFElement z:Id="i100" i:type="Geometry"><Attributes/><ChildElements><URDFElement z:Id="i101" i:type="Mesh"><Attributes><Attribute z:Id="i102"><AttributeType>filename</AttributeType><IsRequired>true</IsRequired><Value i:nil="true"/></Attribute></Attributes><ChildElements/><ElementName>mesh</ElementName><required>false</required><FilenameAttribute z:Ref="i102"/></URDFElement></ChildElements><ElementName>geometry</ElementName><required>true</required><Mesh z:Ref="i101"/></URDFElement></ChildElements><ElementName>collision</ElementName><required>false</required><Geometry z:Ref="i100"/><Origin z:Ref="i97"/></URDFElement><URDFElement z:Id="i103" i:type="Joint"><Attributes><Attribute z:Id="i104"><AttributeType>name</AttributeType><IsRequired>true</IsRequired><Value i:type="a:string" xmlns:a="http://www.w3.org/2001/XMLSchema">dof1</Value></Attribute><Attribute z:Id="i105"><AttributeType>type</AttributeType><IsRequired>true</IsRequired><Value i:type="a:string" xmlns:a="http://www.w3.org/2001/XMLSchema">revolute</Value></Attribute></Attributes><ChildElements><URDFElement z:Id="i106" i:type="Origin"><Attributes><Attribute z:Id="i107"><AttributeType>xyz</AttributeType><IsRequired>true</IsRequired><Value i:type="a:ArrayOfdouble" xmlns:a="http://schemas.microsoft.com/2003/10/Serialization/Arrays"><a:double>0</a:double><a:double>0</a:double><a:double>0</a:double></Value></Attribute><Attribute z:Id="i108"><AttributeType>rpy</AttributeType><IsRequired>true</IsRequired><Value i:type="a:ArrayOfdouble" xmlns:a="http://schemas.microsoft.com/2003/10/Serialization/Arrays"><a:double>0</a:double><a:double>0</a:double><a:double>0</a:double></Value></Attribute></Attributes><ChildElements/><ElementName>origin</ElementName><required>false</required><RPYAttribute z:Ref="i108"/><XYZAttribute z:Ref="i107"/><isCustomized>false</isCustomized></URDFElement><URDFElement z:Id="i109" i:type="ParentLink"><Attributes><Attribute z:Id="i110"><AttributeType>link</AttributeType><IsRequired>true</IsRequired><Value i:type="a:string" xmlns:a="http://www.w3.org/2001/XMLSchema"/></Attribute></Attributes><ChildElements/><ElementName>parent</ElementName><required>true</required><NameAttribute z:Ref="i110"/></URDFElement><URDFElement z:Id="i111" i:type="ChildLink"><Attributes><Attribute z:Id="i112"><AttributeType>link</AttributeType><IsRequired>true</IsRequired><Value i:type="a:string" xmlns:a="http://www.w3.org/2001/XMLSchema"/></Attribute></Attributes><ChildElements/><ElementName>child</ElementName><required>true</required><NameAttribute z:Ref="i112"/></URDFElement><URDFElement z:Id="i113" i:type="Axis"><Attributes><Attribute z:Id="i114"><AttributeType>xyz</AttributeType><IsRequired>true</IsRequired><Value i:type="a:ArrayOfdouble" xmlns:a="http://schemas.microsoft.com/2003/10/Serialization/Arrays"><a:double>0</a:double><a:double>0</a:double><a:double>0</a:double></Value></Attribute></Attributes><ChildElements/><ElementName>axis</ElementName><required>false</required><XYZAttribute z:Ref="i114"/></URDFElement><URDFElement z:Id="i115" i:type="Limit"><Attributes><Attribute z:Id="i116"><AttributeType>lower</AttributeType><IsRequired>true</IsRequired><Value i:nil="true"/></Attribute><Attribute z:Id="i117"><AttributeType>upper</AttributeType><IsRequired>true</IsRequired><Value i:nil="true"/></Attribute><Attribute z:Id="i118"><AttributeType>effort</AttributeType><IsRequired>true</IsRequired><Value i:nil="true"/></Attribute><Attribute z:Id="i119"><AttributeType>velocity</AttributeType><IsRequired>true</IsRequired><Value i:nil="true"/></Attribute></Attributes><ChildElements/><ElementName>limit</ElementName><required>true</required><EffortAttribute z:Ref="i118"/><LowerAttribute z:Ref="i116"/><UpperAttribute z:Ref="i117"/><VelocityAttribute z:Ref="i119"/></URDFElement><URDFElement z:Id="i120" i:type="Calibration"><Attributes><Attribute z:Id="i121"><AttributeType>rising</AttributeType><IsRequired>false</IsRequired><Value i:nil="true"/></Attribute><Attribute z:Id="i122"><AttributeType>falling</AttributeType><IsRequired>false</IsRequired><Value i:nil="true"/></Attribute></Attributes><ChildElements/><ElementName>calibration</ElementName><required>false</required><FallingAttribute z:Ref="i122"/><RisingAttribute z:Ref="i121"/></URDFElement><URDFElement z:Id="i123" i:type="Dynamics"><Attributes><Attribute z:Id="i124"><AttributeType>damping</AttributeType><IsRequired>false</IsRequired><Value i:nil="true"/></Attribute><Attribute z:Id="i125"><AttributeType>friction</AttributeType><IsRequired>false</IsRequired><Value i:nil="true"/></Attribute></Attributes><ChildElements/><ElementName>dynamics</ElementName><required>false</required><DampingAttribute z:Ref="i124"/><FrictionAttribute z:Ref="i125"/></URDFElement><URDFElement z:Id="i126" i:type="SafetyController"><Attributes><Attribute z:Id="i127"><AttributeType>soft_upper_limit</AttributeType><IsRequired>false</IsRequired><Value i:nil="true"/></Attribute><Attribute z:Id="i128"><AttributeType>soft_lower_limit</AttributeType><IsRequired>false</IsRequired><Value i:nil="true"/></Attribute><Attribute z:Id="i129"><AttributeType>k_position</AttributeType><IsRequired>false</IsRequired><Value i:nil="true"/></Attribute><Attribute z:Id="i130"><AttributeType>k_velocity</AttributeType><IsRequired>true</IsRequired><Value i:nil="true"/></Attribute></Attributes><ChildElements/><ElementName>safety_controller</ElementName><required>false</required><KPositionAttribute z:Ref="i129"/><KVelocityAttribute z:Ref="i130"/><SoftLowerAttribute z:Ref="i128"/><SoftUpperAttribute z:Ref="i127"/></URDFElement><URDFElement z:Id="i131" i:type="Mimic"><Attributes><Attribute z:Id="i132"><AttributeType>joint</AttributeType><IsRequired>true</IsRequired><Value i:nil="true"/></Attribute><Attribute z:Id="i133"><AttributeType>multiplier</AttributeType><IsRequired>false</IsRequired><Value i:nil="true"/></Attribute><Attribute z:Id="i134"><AttributeType>offset</AttributeType><IsRequired>false</IsRequired><Value i:nil="true"/></Attribute></Attributes><ChildElements/><ElementName>mimic</ElementName><required>false</required><JointNameAttribute z:Ref="i132"/><MultiplierAttribute z:Ref="i133"/><OffsetAttribute z:Ref="i134"/></URDFElement></ChildElements><ElementName>joint</ElementName><required>false</required><Axis z:Ref="i113"/><AxisName>Axis1</AxisName><Calibration z:Ref="i120"/><Child z:Ref="i111"/><CoordinateSystemName>Automatically Generate</CoordinateSystemName><Dynamics z:Ref="i123"/><Limit z:Ref="i115"/><Mimic z:Ref="i131"/><NameAttribute z:Ref="i104"/><Origin z:Ref="i106"/><Parent z:Ref="i109"/><Safety z:Ref="i126"/><TypeAttribute z:Ref="i105"/></URDFElement></ChildElements><ElementName>link</ElementName><required>true</required><Children><Link z:Id="i135"><Attributes><Attribute z:Id="i136"><AttributeType>name</AttributeType><IsRequired>true</IsRequired><Value i:type="a:string" xmlns:a="http://www.w3.org/2001/XMLSchema">dof2</Value></Attribute></Attributes><ChildElements><URDFElement z:Id="i137" i:type="Inertial"><Attributes/><ChildElements><URDFElement z:Id="i138" i:type="Origin"><Attributes><Attribute z:Id="i139"><AttributeType>xyz</AttributeType><IsRequired>true</IsRequired><Value i:type="a:ArrayOfdouble" xmlns:a="http://schemas.microsoft.com/2003/10/Serialization/Arrays"><a:double>0</a:double><a:double>0</a:double><a:double>0</a:double></Value></Attribute><Attribute z:Id="i140"><AttributeType>rpy</AttributeType><IsRequired>true</IsRequired><Value i:type="a:ArrayOfdouble" xmlns:a="http://schemas.microsoft.com/2003/10/Serialization/Arrays"><a:double>0</a:double><a:double>0</a:double><a:double>0</a:double></Value></Attribute></Attributes><ChildElements/><ElementName>origin</ElementName><required>false</required><RPYAttribute z:Ref="i140"/><XYZAttribute z:Ref="i139"/><isCustomized>false</isCustomized></URDFElement><URDFElement z:Id="i141" i:type="Mass"><Attributes><Attribute z:Id="i142"><AttributeType>value</AttributeType><IsRequired>true</IsRequired><Value i:type="a:double" xmlns:a="http://www.w3.org/2001/XMLSchema">0</Value></Attribute></Attributes><ChildElements/><ElementName>mass</ElementName><required>false</required><ValueAttribute z:Ref="i142"/></URDFElement><URDFElement z:Id="i143" i:type="Inertia"><Attributes><Attribute z:Id="i144"><AttributeType>ixx</AttributeType><IsRequired>true</IsRequired><Value i:type="a:double" xmlns:a="http://www.w3.org/2001/XMLSchema">0</Value></Attribute><Attribute z:Id="i145"><AttributeType>ixy</AttributeType><IsRequired>true</IsRequired><Value i:type="a:double" xmlns:a="http://www.w3.org/2001/XMLSchema">0</Value></Attribute><Attribute z:Id="i146"><AttributeType>ixz</AttributeType><IsRequired>true</IsRequired><Value i:type="a:double" xmlns:a="http://www.w3.org/2001/XMLSchema">0</Value></Attribute><Attribute z:Id="i147"><AttributeType>iyy</AttributeType><IsRequired>true</IsRequired><Value i:type="a:double" xmlns:a="http://www.w3.org/2001/XMLSchema">0</Value></Attribute><Attribute z:Id="i148"><AttributeType>iyz</AttributeType><IsRequired>true</IsRequired><Value i:type="a:double" xmlns:a="http://www.w3.org/2001/XMLSchema">0</Value></Attribute><Attribute z:Id="i149"><AttributeType>izz</AttributeType><IsRequired>true</IsRequired><Value i:type="a:double" xmlns:a="http://www.w3.org/2001/XMLSchema">0</Value></Attribute></Attributes><ChildElements/><ElementName>inertia</ElementName><required>false</required><IxxAttribute z:Ref="i144"/><IxyAttribute z:Ref="i145"/><IxzAttribute z:Ref="i146"/><IyyAttribute z:Ref="i147"/><IyzAttribute z:Ref="i148"/><IzzAttribute z:Ref="i149"/></URDFElement></ChildElements><ElementName>inertial</ElementName><required>false</required><Inertia z:Ref="i143"/><Mass z:Ref="i141"/><Origin z:Ref="i138"/></URDFElement><URDFElement z:Id="i150" i:type="Visual"><Attributes/><ChildElements><URDFElement z:Id="i151" i:type="Origin"><Attributes><Attribute z:Id="i152"><AttributeType>xyz</AttributeType><IsRequired>true</IsRequired><Value i:type="a:ArrayOfdouble" xmlns:a="http://schemas.microsoft.com/2003/10/Serialization/Arrays"><a:double>0</a:double><a:double>0</a:double><a:double>0</a:double></Value></Attribute><Attribute z:Id="i153"><AttributeType>rpy</AttributeType><IsRequired>true</IsRequired><Value i:type="a:ArrayOfdouble" xmlns:a="http://schemas.microsoft.com/2003/10/Serialization/Arrays"><a:double>0</a:double><a:double>0</a:double><a:double>0</a:double></Value></Attribute></Attributes><ChildElements/><ElementName>origin</ElementName><required>false</required><RPYAttribute z:Ref="i153"/><XYZAttribute z:Ref="i152"/><isCustomized>false</isCustomized></URDFElement><URDFElement z:Id="i154" i:type="Geometry"><Attributes/><ChildElements><URDFElement z:Id="i155" i:type="Mesh"><Attributes><Attribute z:Id="i156"><AttributeType>filename</AttributeType><IsRequired>true</IsRequired><Value i:nil="true"/></Attribute></Attributes><ChildElements/><ElementName>mesh</ElementName><required>false</required><FilenameAttribute z:Ref="i156"/></URDFElement></ChildElements><ElementName>geometry</ElementName><required>true</required><Mesh z:Ref="i155"/></URDFElement><URDFElement z:Id="i157" i:type="Material"><Attributes><Attribute z:Id="i158"><AttributeType>name</AttributeType><IsRequired>true</IsRequired><Value i:type="a:string" xmlns:a="http://www.w3.org/2001/XMLSchema"/></Attribute></Attributes><ChildElements><URDFElement z:Id="i159" i:type="Color"><Attributes><Attribute z:Id="i160"><AttributeType>rgba</AttributeType><IsRequired>true</IsRequired><Value i:type="a:ArrayOfdouble" xmlns:a="http://schemas.microsoft.com/2003/10/Serialization/Arrays"><a:double>1</a:double><a:double>1</a:double><a:double>1</a:double><a:double>1</a:double></Value></Attribute></Attributes><ChildElements/><ElementName>color</ElementName><required>false</required><RGBAAttribute z:Ref="i160"/></URDFElement><URDFElement z:Id="i161" i:type="Texture"><Attributes><Attribute z:Id="i162"><AttributeType>filename</AttributeType><IsRequired>true</IsRequired><Value i:nil="true"/></Attribute></Attributes><ChildElements/><ElementName>texture</ElementName><required>false</required><FilenameAttribute z:Ref="i162"/><wFilename/></URDFElement></ChildElements><ElementName>material</ElementName><required>false</required><Color z:Ref="i159"/><NameAttribute z:Ref="i158"/><Texture z:Ref="i161"/></URDFElement></ChildElements><ElementName>visual</ElementName><required>false</required><Geometry z:Ref="i154"/><Material z:Ref="i157"/><Origin z:Ref="i151"/></URDFElement><URDFElement z:Id="i163" i:type="Collision"><Attributes/><ChildElements><URDFElement z:Id="i164" i:type="Origin"><Attributes><Attribute z:Id="i165"><AttributeType>xyz</AttributeType><IsRequired>true</IsRequired><Value i:type="a:ArrayOfdouble" xmlns:a="http://schemas.microsoft.com/2003/10/Serialization/Arrays"><a:double>0</a:double><a:double>0</a:double><a:double>0</a:double></Value></Attribute><Attribute z:Id="i166"><AttributeType>rpy</AttributeType><IsRequired>true</IsRequired><Value i:type="a:ArrayOfdouble" xmlns:a="http://schemas.microsoft.com/2003/10/Serialization/Arrays"><a:double>0</a:double><a:double>0</a:double><a:double>0</a:double></Value></Attribute></Attributes><ChildElements/><ElementName>origin</ElementName><required>false</required><RPYAttribute z:Ref="i166"/><XYZAttribute z:Ref="i165"/><isCustomized>false</isCustomized></URDFElement><URDFElement z:Id="i167" i:type="Geometry"><Attributes/><ChildElements><URDFElement z:Id="i168" i:type="Mesh"><Attributes><Attribute z:Id="i169"><AttributeType>filename</AttributeType><IsRequired>true</IsRequired><Value i:nil="true"/></Attribute></Attributes><ChildElements/><ElementName>mesh</ElementName><required>false</required><FilenameAttribute z:Ref="i169"/></URDFElement></ChildElements><ElementName>geometry</ElementName><required>true</required><Mesh z:Ref="i168"/></URDFElement></ChildElements><ElementName>collision</ElementName><required>false</required><Geometry z:Ref="i167"/><Origin z:Ref="i164"/></URDFElement><URDFElement z:Id="i170" i:type="Joint"><Attributes><Attribute z:Id="i171"><AttributeType>name</AttributeType><IsRequired>true</IsRequired><Value i:type="a:string" xmlns:a="http://www.w3.org/2001/XMLSchema">dof2</Value></Attribute><Attribute z:Id="i172"><AttributeType>type</AttributeType><IsRequired>true</IsRequired><Value i:type="a:string" xmlns:a="http://www.w3.org/2001/XMLSchema">revolute</Value></Attribute></Attributes><ChildElements><URDFElement z:Id="i173" i:type="Origin"><Attributes><Attribute z:Id="i174"><AttributeType>xyz</AttributeType><IsRequired>true</IsRequired><Value i:type="a:ArrayOfdouble" xmlns:a="http://schemas.microsoft.com/2003/10/Serialization/Arrays"><a:double>0</a:double><a:double>0</a:double><a:double>0</a:double></Value></Attribute><Attribute z:Id="i175"><AttributeType>rpy</AttributeType><IsRequired>true</IsRequired><Value i:type="a:ArrayOfdouble" xmlns:a="http://schemas.microsoft.com/2003/10/Serialization/Arrays"><a:double>0</a:double><a:double>0</a:double><a:double>0</a:double></Value></Attribute></Attributes><ChildElements/><ElementName>origin</ElementName><required>false</required><RPYAttribute z:Ref="i175"/><XYZAttribute z:Ref="i174"/><isCustomized>false</isCustomized></URDFElement><URDFElement z:Id="i176" i:type="ParentLink"><Attributes><Attribute z:Id="i177"><AttributeType>link</AttributeType><IsRequired>true</IsRequired><Value i:type="a:string" xmlns:a="http://www.w3.org/2001/XMLSchema"/></Attribute></Attributes><ChildElements/><ElementName>parent</ElementName><required>true</required><NameAttribute z:Ref="i177"/></URDFElement><URDFElement z:Id="i178" i:type="ChildLink"><Attributes><Attribute z:Id="i179"><AttributeType>link</AttributeType><IsRequired>true</IsRequired><Value i:type="a:string" xmlns:a="http://www.w3.org/2001/XMLSchema"/></Attribute></Attributes><ChildElements/><ElementName>child</ElementName><required>true</required><NameAttribute z:Ref="i179"/></URDFElement><URDFElement z:Id="i180" i:type="Axis"><Attributes><Attribute z:Id="i181"><AttributeType>xyz</AttributeType><IsRequired>true</IsRequired><Value i:type="a:ArrayOfdouble" xmlns:a="http://schemas.microsoft.com/2003/10/Serialization/Arrays"><a:double>0</a:double><a:double>0</a:double><a:double>0</a:double></Value></Attribute></Attributes><ChildElements/><ElementName>axis</ElementName><required>false</required><XYZAttribute z:Ref="i181"/></URDFElement><URDFElement z:Id="i182" i:type="Limit"><Attributes><Attribute z:Id="i183"><AttributeType>lower</AttributeType><IsRequired>false</IsRequired><Value i:nil="true"/></Attribute><Attribute z:Id="i184"><AttributeType>upper</AttributeType><IsRequired>false</IsRequired><Value i:nil="true"/></Attribute><Attribute z:Id="i185"><AttributeType>effort</AttributeType><IsRequired>true</IsRequired><Value i:nil="true"/></Attribute><Attribute z:Id="i186"><AttributeType>velocity</AttributeType><IsRequired>true</IsRequired><Value i:nil="true"/></Attribute></Attributes><ChildElements/><ElementName>limit</ElementName><required>false</required><EffortAttribute z:Ref="i185"/><LowerAttribute z:Ref="i183"/><UpperAttribute z:Ref="i184"/><VelocityAttribute z:Ref="i186"/></URDFElement><URDFElement z:Id="i187" i:type="Calibration"><Attributes><Attribute z:Id="i188"><AttributeType>rising</AttributeType><IsRequired>false</IsRequired><Value i:nil="true"/></Attribute><Attribute z:Id="i189"><AttributeType>falling</AttributeType><IsRequired>false</IsRequired><Value i:nil="true"/></Attribute></Attributes><ChildElements/><ElementName>calibration</ElementName><required>false</required><FallingAttribute z:Ref="i189"/><RisingAttribute z:Ref="i188"/></URDFElement><URDFElement z:Id="i190" i:type="Dynamics"><Attributes><Attribute z:Id="i191"><AttributeType>damping</AttributeType><IsRequired>false</IsRequired><Value i:nil="true"/></Attribute><Attribute z:Id="i192"><AttributeType>friction</AttributeType><IsRequired>false</IsRequired><Value i:nil="true"/></Attribute></Attributes><ChildElements/><ElementName>dynamics</ElementName><required>false</required><DampingAttribute z:Ref="i191"/><FrictionAttribute z:Ref="i192"/></URDFElement><URDFElement z:Id="i193" i:type="SafetyController"><Attributes><Attribute z:Id="i194"><AttributeType>soft_upper_limit</AttributeType><IsRequired>false</IsRequired><Value i:nil="true"/></Attribute><Attribute z:Id="i195"><AttributeType>soft_lower_limit</AttributeType><IsRequired>false</IsRequired><Value i:nil="true"/></Attribute><Attribute z:Id="i196"><AttributeType>k_position</AttributeType><IsRequired>false</IsRequired><Value i:nil="true"/></Attribute><Attribute z:Id="i197"><AttributeType>k_velocity</AttributeType><IsRequired>true</IsRequired><Value i:nil="true"/></Attribute></Attributes><ChildElements/><ElementName>safety_controller</ElementName><required>false</required><KPositionAttribute z:Ref="i196"/><KVelocityAttribute z:Ref="i197"/><SoftLowerAttribute z:Ref="i195"/><SoftUpperAttribute z:Ref="i194"/></URDFElement><URDFElement z:Id="i198" i:type="Mimic"><Attributes><Attribute z:Id="i199"><AttributeType>joint</AttributeType><IsRequired>true</IsRequired><Value i:nil="true"/></Attribute><Attribute z:Id="i200"><AttributeType>multiplier</AttributeType><IsRequired>false</IsRequired><Value i:nil="true"/></Attribute><Attribute z:Id="i201"><AttributeType>offset</AttributeType><IsRequired>false</IsRequired><Value i:nil="true"/></Attribute></Attributes><ChildElements/><ElementName>mimic</ElementName><required>false</required><JointNameAttribute z:Ref="i199"/><MultiplierAttribute z:Ref="i200"/><OffsetAttribute z:Ref="i201"/></URDFElement></ChildElements><ElementName>joint</ElementName><required>false</required><Axis z:Ref="i180"/><AxisName>Axis2</AxisName><Calibration z:Ref="i187"/><Child z:Ref="i178"/><CoordinateSystemName>Automatically Generate</CoordinateSystemName><Dynamics z:Ref="i190"/><Limit z:Ref="i182"/><Mimic z:Ref="i198"/><NameAttribute z:Ref="i171"/><Origin z:Ref="i173"/><Parent z:Ref="i176"/><Safety z:Ref="i193"/><TypeAttribute z:Ref="i172"/></URDFElement></ChildElements><ElementName>link</ElementName><required>true</required><Children><Link z:Id="i202"><Attributes><Attribute z:Id="i203"><AttributeType>name</AttributeType><IsRequired>true</IsRequired><Value i:type="a:string" xmlns:a="http://www.w3.org/2001/XMLSchema">dof3</Value></Attribute></Attributes><ChildElements><URDFElement z:Id="i204" i:type="Inertial"><Attributes/><ChildElements><URDFElement z:Id="i205" i:type="Origin"><Attributes><Attribute z:Id="i206"><AttributeType>xyz</AttributeType><IsRequired>true</IsRequired><Value i:type="a:ArrayOfdouble" xmlns:a="http://schemas.microsoft.com/2003/10/Serialization/Arrays"><a:double>0</a:double><a:double>0</a:double><a:double>0</a:double></Value></Attribute><Attribute z:Id="i207"><AttributeType>rpy</AttributeType><IsRequired>true</IsRequired><Value i:type="a:ArrayOfdouble" xmlns:a="http://schemas.microsoft.com/2003/10/Serialization/Arrays"><a:double>0</a:double><a:double>0</a:double><a:double>0</a:double></Value></Attribute></Attributes><ChildElements/><ElementName>origin</ElementName><required>false</required><RPYAttribute z:Ref="i207"/><XYZAttribute z:Ref="i206"/><isCustomized>false</isCustomized></URDFElement><URDFElement z:Id="i208" i:type="Mass"><Attributes><Attribute z:Id="i209"><AttributeType>value</AttributeType><IsRequired>true</IsRequired><Value i:type="a:double" xmlns:a="http://www.w3.org/2001/XMLSchema">0</Value></Attribute></Attributes><ChildElements/><ElementName>mass</ElementName><required>false</required><ValueAttribute z:Ref="i209"/></URDFElement><URDFElement z:Id="i210" i:type="Inertia"><Attributes><Attribute z:Id="i211"><AttributeType>ixx</AttributeType><IsRequired>true</IsRequired><Value i:type="a:double" xmlns:a="http://www.w3.org/2001/XMLSchema">0</Value></Attribute><Attribute z:Id="i212"><AttributeType>ixy</AttributeType><IsRequired>true</IsRequired><Value i:type="a:double" xmlns:a="http://www.w3.org/2001/XMLSchema">0</Value></Attribute><Attribute z:Id="i213"><AttributeType>ixz</AttributeType><IsRequired>true</IsRequired><Value i:type="a:double" xmlns:a="http://www.w3.org/2001/XMLSchema">0</Value></Attribute><Attribute z:Id="i214"><AttributeType>iyy</AttributeType><IsRequired>true</IsRequired><Value i:type="a:double" xmlns:a="http://www.w3.org/2001/XMLSchema">0</Value></Attribute><Attribute z:Id="i215"><AttributeType>iyz</AttributeType><IsRequired>true</IsRequired><Value i:type="a:double" xmlns:a="http://www.w3.org/2001/XMLSchema">0</Value></Attribute><Attribute z:Id="i216"><AttributeType>izz</AttributeType><IsRequired>true</IsRequired><Value i:type="a:double" xmlns:a="http://www.w3.org/2001/XMLSchema">0</Value></Attribute></Attributes><ChildElements/><ElementName>inertia</ElementName><required>false</required><IxxAttribute z:Ref="i211"/><IxyAttribute z:Ref="i212"/><IxzAttribute z:Ref="i213"/><IyyAttribute z:Ref="i214"/><IyzAttribute z:Ref="i215"/><IzzAttribute z:Ref="i216"/></URDFElement></ChildElements><ElementName>inertial</ElementName><required>false</required><Inertia z:Ref="i210"/><Mass z:Ref="i208"/><Origin z:Ref="i205"/></URDFElement><URDFElement z:Id="i217" i:type="Visual"><Attributes/><ChildElements><URDFElement z:Id="i218" i:type="Origin"><Attributes><Attribute z:Id="i219"><AttributeType>xyz</AttributeType><IsRequired>true</IsRequired><Value i:type="a:ArrayOfdouble" xmlns:a="http://schemas.microsoft.com/2003/10/Serialization/Arrays"><a:double>0</a:double><a:double>0</a:double><a:double>0</a:double></Value></Attribute><Attribute z:Id="i220"><AttributeType>rpy</AttributeType><IsRequired>true</IsRequired><Value i:type="a:ArrayOfdouble" xmlns:a="http://schemas.microsoft.com/2003/10/Serialization/Arrays"><a:double>0</a:double><a:double>0</a:double><a:double>0</a:double></Value></Attribute></Attributes><ChildElements/><ElementName>origin</ElementName><required>false</required><RPYAttribute z:Ref="i220"/><XYZAttribute z:Ref="i219"/><isCustomized>false</isCustomized></URDFElement><URDFElement z:Id="i221" i:type="Geometry"><Attributes/><ChildElements><URDFElement z:Id="i222" i:type="Mesh"><Attributes><Attribute z:Id="i223"><AttributeType>filename</AttributeType><IsRequired>true</IsRequired><Value i:nil="true"/></Attribute></Attributes><ChildElements/><ElementName>mesh</ElementName><required>false</required><FilenameAttribute z:Ref="i223"/></URDFElement></ChildElements><ElementName>geometry</ElementName><required>true</required><Mesh z:Ref="i222"/></URDFElement><URDFElement z:Id="i224" i:type="Material"><Attributes><Attribute z:Id="i225"><AttributeType>name</AttributeType><IsRequired>true</IsRequired><Value i:type="a:string" xmlns:a="http://www.w3.org/2001/XMLSchema"/></Attribute></Attributes><ChildElements><URDFElement z:Id="i226" i:type="Color"><Attributes><Attribute z:Id="i227"><AttributeType>rgba</AttributeType><IsRequired>true</IsRequired><Value i:type="a:ArrayOfdouble" xmlns:a="http://schemas.microsoft.com/2003/10/Serialization/Arrays"><a:double>1</a:double><a:double>1</a:double><a:double>1</a:double><a:double>1</a:double></Value></Attribute></Attributes><ChildElements/><ElementName>color</ElementName><required>false</required><RGBAAttribute z:Ref="i227"/></URDFElement><URDFElement z:Id="i228" i:type="Texture"><Attributes><Attribute z:Id="i229"><AttributeType>filename</AttributeType><IsRequired>true</IsRequired><Value i:nil="true"/></Attribute></Attributes><ChildElements/><ElementName>texture</ElementName><required>false</required><FilenameAttribute z:Ref="i229"/><wFilename/></URDFElement></ChildElements><ElementName>material</ElementName><required>false</required><Color z:Ref="i226"/><NameAttribute z:Ref="i225"/><Texture z:Ref="i228"/></URDFElement></ChildElements><ElementName>visual</ElementName><required>false</required><Geometry z:Ref="i221"/><Material z:Ref="i224"/><Origin z:Ref="i218"/></URDFElement><URDFElement z:Id="i230" i:type="Collision"><Attributes/><ChildElements><URDFElement z:Id="i231" i:type="Origin"><Attributes><Attribute z:Id="i232"><AttributeType>xyz</AttributeType><IsRequired>true</IsRequired><Value i:type="a:ArrayOfdouble" xmlns:a="http://schemas.microsoft.com/2003/10/Serialization/Arrays"><a:double>0</a:double><a:double>0</a:double><a:double>0</a:double></Value></Attribute><Attribute z:Id="i233"><AttributeType>rpy</AttributeType><IsRequired>true</IsRequired><Value i:type="a:ArrayOfdouble" xmlns:a="http://schemas.microsoft.com/2003/10/Serialization/Arrays"><a:double>0</a:double><a:double>0</a:double><a:double>0</a:double></Value></Attribute></Attributes><ChildElements/><ElementName>origin</ElementName><required>false</required><RPYAttribute z:Ref="i233"/><XYZAttribute z:Ref="i232"/><isCustomized>false</isCustomized></URDFElement><URDFElement z:Id="i234" i:type="Geometry"><Attributes/><ChildElements><URDFElement z:Id="i235" i:type="Mesh"><Attributes><Attribute z:Id="i236"><AttributeType>filename</AttributeType><IsRequired>true</IsRequired><Value i:nil="true"/></Attribute></Attributes><ChildElements/><ElementName>mesh</ElementName><required>false</required><FilenameAttribute z:Ref="i236"/></URDFElement></ChildElements><ElementName>geometry</ElementName><required>true</required><Mesh z:Ref="i235"/></URDFElement></ChildElements><ElementName>collision</ElementName><required>false</required><Geometry z:Ref="i234"/><Origin z:Ref="i231"/></URDFElement><URDFElement z:Id="i237" i:type="Joint"><Attributes><Attribute z:Id="i238"><AttributeType>name</AttributeType><IsRequired>true</IsRequired><Value i:type="a:string" xmlns:a="http://www.w3.org/2001/XMLSchema">dof3</Value></Attribute><Attribute z:Id="i239"><AttributeType>type</AttributeType><IsRequired>true</IsRequired><Value i:type="a:string" xmlns:a="http://www.w3.org/2001/XMLSchema">revolute</Value></Attribute></Attributes><ChildElements><URDFElement z:Id="i240" i:type="Origin"><Attributes><Attribute z:Id="i241"><AttributeType>xyz</AttributeType><IsRequired>true</IsRequired><Value i:type="a:ArrayOfdouble" xmlns:a="http://schemas.microsoft.com/2003/10/Serialization/Arrays"><a:double>0</a:double><a:double>0</a:double><a:double>0</a:double></Value></Attribute><Attribute z:Id="i242"><AttributeType>rpy</AttributeType><IsRequired>true</IsRequired><Value i:type="a:ArrayOfdouble" xmlns:a="http://schemas.microsoft.com/2003/10/Serialization/Arrays"><a:double>0</a:double><a:double>0</a:double><a:double>0</a:double></Value></Attribute></Attributes><ChildElements/><ElementName>origin</ElementName><required>false</required><RPYAttribute z:Ref="i242"/><XYZAttribute z:Ref="i241"/><isCustomized>false</isCustomized></URDFElement><URDFElement z:Id="i243" i:type="ParentLink"><Attributes><Attribute z:Id="i244"><AttributeType>link</AttributeType><IsRequired>true</IsRequired><Value i:type="a:string" xmlns:a="http://www.w3.org/2001/XMLSchema"/></Attribute></Attributes><ChildElements/><ElementName>parent</ElementName><required>true</required><NameAttribute z:Ref="i244"/></URDFElement><URDFElement z:Id="i245" i:type="ChildLink"><Attributes><Attribute z:Id="i246"><AttributeType>link</AttributeType><IsRequired>true</IsRequired><Value i:type="a:string" xmlns:a="http://www.w3.org/2001/XMLSchema"/></Attribute></Attributes><ChildElements/><ElementName>child</ElementName><required>true</required><NameAttribute z:Ref="i246"/></URDFElement><URDFElement z:Id="i247" i:type="Axis"><Attributes><Attribute z:Id="i248"><AttributeType>xyz</AttributeType><IsRequired>true</IsRequired><Value i:type="a:ArrayOfdouble" xmlns:a="http://schemas.microsoft.com/2003/10/Serialization/Arrays"><a:double>0</a:double><a:double>0</a:double><a:double>0</a:double></Value></Attribute></Attributes><ChildElements/><ElementName>axis</ElementName><required>false</required><XYZAttribute z:Ref="i248"/></URDFElement><URDFElement z:Id="i249" i:type="Limit"><Attributes><Attribute z:Id="i250"><AttributeType>lower</AttributeType><IsRequired>false</IsRequired><Value i:nil="true"/></Attribute><Attribute z:Id="i251"><AttributeType>upper</AttributeType><IsRequired>false</IsRequired><Value i:nil="true"/></Attribute><Attribute z:Id="i252"><AttributeType>effort</AttributeType><IsRequired>true</IsRequired><Value i:nil="true"/></Attribute><Attribute z:Id="i253"><AttributeType>velocity</AttributeType><IsRequired>true</IsRequired><Value i:nil="true"/></Attribute></Attributes><ChildElements/><ElementName>limit</ElementName><required>false</required><EffortAttribute z:Ref="i252"/><LowerAttribute z:Ref="i250"/><UpperAttribute z:Ref="i251"/><VelocityAttribute z:Ref="i253"/></URDFElement><URDFElement z:Id="i254" i:type="Calibration"><Attributes><Attribute z:Id="i255"><AttributeType>rising</AttributeType><IsRequired>false</IsRequired><Value i:nil="true"/></Attribute><Attribute z:Id="i256"><AttributeType>falling</AttributeType><IsRequired>false</IsRequired><Value i:nil="true"/></Attribute></Attributes><ChildElements/><ElementName>calibration</ElementName><required>false</required><FallingAttribute z:Ref="i256"/><RisingAttribute z:Ref="i255"/></URDFElement><URDFElement z:Id="i257" i:type="Dynamics"><Attributes><Attribute z:Id="i258"><AttributeType>damping</AttributeType><IsRequired>false</IsRequired><Value i:nil="true"/></Attribute><Attribute z:Id="i259"><AttributeType>friction</AttributeType><IsRequired>false</IsRequired><Value i:nil="true"/></Attribute></Attributes><ChildElements/><ElementName>dynamics</ElementName><required>false</required><DampingAttribute z:Ref="i258"/><FrictionAttribute z:Ref="i259"/></URDFElement><URDFElement z:Id="i260" i:type="SafetyController"><Attributes><Attribute z:Id="i261"><AttributeType>soft_upper_limit</AttributeType><IsRequired>false</IsRequired><Value i:nil="true"/></Attribute><Attribute z:Id="i262"><AttributeType>soft_lower_limit</AttributeType><IsRequired>false</IsRequired><Value i:nil="true"/></Attribute><Attribute z:Id="i263"><AttributeType>k_position</AttributeType><IsRequired>false</IsRequired><Value i:nil="true"/></Attribute><Attribute z:Id="i264"><AttributeType>k_velocity</AttributeType><IsRequired>true</IsRequired><Value i:nil="true"/></Attribute></Attributes><ChildElements/><ElementName>safety_controller</ElementName><required>false</required><KPositionAttribute z:Ref="i263"/><KVelocityAttribute z:Ref="i264"/><SoftLowerAttribute z:Ref="i262"/><SoftUpperAttribute z:Ref="i261"/></URDFElement><URDFElement z:Id="i265" i:type="Mimic"><Attributes><Attribute z:Id="i266"><AttributeType>joint</AttributeType><IsRequired>true</IsRequired><Value i:nil="true"/></Attribute><Attribute z:Id="i267"><AttributeType>multiplier</AttributeType><IsRequired>false</IsRequired><Value i:nil="true"/></Attribute><Attribute z:Id="i268"><AttributeType>offset</AttributeType><IsRequired>false</IsRequired><Value i:nil="true"/></Attribute></Attributes><ChildElements/><ElementName>mimic</ElementName><required>false</required><JointNameAttribute z:Ref="i266"/><MultiplierAttribute z:Ref="i267"/><OffsetAttribute z:Ref="i268"/></URDFElement></ChildElements><ElementName>joint</ElementName><required>false</required><Axis z:Ref="i247"/><AxisName>Axis3</AxisName><Calibration z:Ref="i254"/><Child z:Ref="i245"/><CoordinateSystemName>Automatically Generate</CoordinateSystemName><Dynamics z:Ref="i257"/><Limit z:Ref="i249"/><Mimic z:Ref="i265"/><NameAttribute z:Ref="i238"/><Origin z:Ref="i240"/><Parent z:Ref="i243"/><Safety z:Ref="i260"/><TypeAttribute z:Ref="i239"/></URDFElement></ChildElements><ElementName>link</ElementName><required>true</required><Children><Link z:Id="i269"><Attributes><Attribute z:Id="i270"><AttributeType>name</AttributeType><IsRequired>true</IsRequired><Value i:type="a:string" xmlns:a="http://www.w3.org/2001/XMLSchema">dof4</Value></Attribute></Attributes><ChildElements><URDFElement z:Id="i271" i:type="Inertial"><Attributes/><ChildElements><URDFElement z:Id="i272" i:type="Origin"><Attributes><Attribute z:Id="i273"><AttributeType>xyz</AttributeType><IsRequired>true</IsRequired><Value i:type="a:ArrayOfdouble" xmlns:a="http://schemas.microsoft.com/2003/10/Serialization/Arrays"><a:double>0</a:double><a:double>0</a:double><a:double>0</a:double></Value></Attribute><Attribute z:Id="i274"><AttributeType>rpy</AttributeType><IsRequired>true</IsRequired><Value i:type="a:ArrayOfdouble" xmlns:a="http://schemas.microsoft.com/2003/10/Serialization/Arrays"><a:double>0</a:double><a:double>0</a:double><a:double>0</a:double></Value></Attribute></Attributes><ChildElements/><ElementName>origin</ElementName><required>false</required><RPYAttribute z:Ref="i274"/><XYZAttribute z:Ref="i273"/><isCustomized>false</isCustomized></URDFElement><URDFElement z:Id="i275" i:type="Mass"><Attributes><Attribute z:Id="i276"><AttributeType>value</AttributeType><IsRequired>true</IsRequired><Value i:type="a:double" xmlns:a="http://www.w3.org/2001/XMLSchema">0</Value></Attribute></Attributes><ChildElements/><ElementName>mass</ElementName><required>false</required><ValueAttribute z:Ref="i276"/></URDFElement><URDFElement z:Id="i277" i:type="Inertia"><Attributes><Attribute z:Id="i278"><AttributeType>ixx</AttributeType><IsRequired>true</IsRequired><Value i:type="a:double" xmlns:a="http://www.w3.org/2001/XMLSchema">0</Value></Attribute><Attribute z:Id="i279"><AttributeType>ixy</AttributeType><IsRequired>true</IsRequired><Value i:type="a:double" xmlns:a="http://www.w3.org/2001/XMLSchema">0</Value></Attribute><Attribute z:Id="i280"><AttributeType>ixz</AttributeType><IsRequired>true</IsRequired><Value i:type="a:double" xmlns:a="http://www.w3.org/2001/XMLSchema">0</Value></Attribute><Attribute z:Id="i281"><AttributeType>iyy</AttributeType><IsRequired>true</IsRequired><Value i:type="a:double" xmlns:a="http://www.w3.org/2001/XMLSchema">0</Value></Attribute><Attribute z:Id="i282"><AttributeType>iyz</AttributeType><IsRequired>true</IsRequired><Value i:type="a:double" xmlns:a="http://www.w3.org/2001/XMLSchema">0</Value></Attribute><Attribute z:Id="i283"><AttributeType>izz</AttributeType><IsRequired>true</IsRequired><Value i:type="a:double" xmlns:a="http://www.w3.org/2001/XMLSchema">0</Value></Attribute></Attributes><ChildElements/><ElementName>inertia</ElementName><required>false</required><IxxAttribute z:Ref="i278"/><IxyAttribute z:Ref="i279"/><IxzAttribute z:Ref="i280"/><IyyAttribute z:Ref="i281"/><IyzAttribute z:Ref="i282"/><IzzAttribute z:Ref="i283"/></URDFElement></ChildElements><ElementName>inertial</ElementName><required>false</required><Inertia z:Ref="i277"/><Mass z:Ref="i275"/><Origin z:Ref="i272"/></URDFElement><URDFElement z:Id="i284" i:type="Visual"><Attributes/><ChildElements><URDFElement z:Id="i285" i:type="Origin"><Attributes><Attribute z:Id="i286"><AttributeType>xyz</AttributeType><IsRequired>true</IsRequired><Value i:type="a:ArrayOfdouble" xmlns:a="http://schemas.microsoft.com/2003/10/Serialization/Arrays"><a:double>0</a:double><a:double>0</a:double><a:double>0</a:double></Value></Attribute><Attribute z:Id="i287"><AttributeType>rpy</AttributeType><IsRequired>true</IsRequired><Value i:type="a:ArrayOfdouble" xmlns:a="http://schemas.microsoft.com/2003/10/Serialization/Arrays"><a:double>0</a:double><a:double>0</a:double><a:double>0</a:double></Value></Attribute></Attributes><ChildElements/><ElementName>origin</ElementName><required>false</required><RPYAttribute z:Ref="i287"/><XYZAttribute z:Ref="i286"/><isCustomized>false</isCustomized></URDFElement><URDFElement z:Id="i288" i:type="Geometry"><Attributes/><ChildElements><URDFElement z:Id="i289" i:type="Mesh"><Attributes><Attribute z:Id="i290"><AttributeType>filename</AttributeType><IsRequired>true</IsRequired><Value i:nil="true"/></Attribute></Attributes><ChildElements/><ElementName>mesh</ElementName><required>false</required><FilenameAttribute z:Ref="i290"/></URDFElement></ChildElements><ElementName>geometry</ElementName><required>true</required><Mesh z:Ref="i289"/></URDFElement><URDFElement z:Id="i291" i:type="Material"><Attributes><Attribute z:Id="i292"><AttributeType>name</AttributeType><IsRequired>true</IsRequired><Value i:type="a:string" xmlns:a="http://www.w3.org/2001/XMLSchema"/></Attribute></Attributes><ChildElements><URDFElement z:Id="i293" i:type="Color"><Attributes><Attribute z:Id="i294"><AttributeType>rgba</AttributeType><IsRequired>true</IsRequired><Value i:type="a:ArrayOfdouble" xmlns:a="http://schemas.microsoft.com/2003/10/Serialization/Arrays"><a:double>1</a:double><a:double>1</a:double><a:double>1</a:double><a:double>1</a:double></Value></Attribute></Attributes><ChildElements/><ElementName>color</ElementName><required>false</required><RGBAAttribute z:Ref="i294"/></URDFElement><URDFElement z:Id="i295" i:type="Texture"><Attributes><Attribute z:Id="i296"><AttributeType>filename</AttributeType><IsRequired>true</IsRequired><Value i:nil="true"/></Attribute></Attributes><ChildElements/><ElementName>texture</ElementName><required>false</required><FilenameAttribute z:Ref="i296"/><wFilename/></URDFElement></ChildElements><ElementName>material</ElementName><required>false</required><Color z:Ref="i293"/><NameAttribute z:Ref="i292"/><Texture z:Ref="i295"/></URDFElement></ChildElements><ElementName>visual</ElementName><required>false</required><Geometry z:Ref="i288"/><Material z:Ref="i291"/><Origin z:Ref="i285"/></URDFElement><URDFElement z:Id="i297" i:type="Collision"><Attributes/><ChildElements><URDFElement z:Id="i298" i:type="Origin"><Attributes><Attribute z:Id="i299"><AttributeType>xyz</AttributeType><IsRequired>true</IsRequired><Value i:type="a:ArrayOfdouble" xmlns:a="http://schemas.microsoft.com/2003/10/Serialization/Arrays"><a:double>0</a:double><a:double>0</a:double><a:double>0</a:double></Value></Attribute><Attribute z:Id="i300"><AttributeType>rpy</AttributeType><IsRequired>true</IsRequired><Value i:type="a:ArrayOfdouble" xmlns:a="http://schemas.microsoft.com/2003/10/Serialization/Arrays"><a:double>0</a:double><a:double>0</a:double><a:double>0</a:double></Value></Attribute></Attributes><ChildElements/><ElementName>origin</ElementName><required>false</required><RPYAttribute z:Ref="i300"/><XYZAttribute z:Ref="i299"/><isCustomized>false</isCustomized></URDFElement><URDFElement z:Id="i301" i:type="Geometry"><Attributes/><ChildElements><URDFElement z:Id="i302" i:type="Mesh"><Attributes><Attribute z:Id="i303"><AttributeType>filename</AttributeType><IsRequired>true</IsRequired><Value i:nil="true"/></Attribute></Attributes><ChildElements/><ElementName>mesh</ElementName><required>false</required><FilenameAttribute z:Ref="i303"/></URDFElement></ChildElements><ElementName>geometry</ElementName><required>true</required><Mesh z:Ref="i302"/></URDFElement></ChildElements><ElementName>collision</ElementName><required>false</required><Geometry z:Ref="i301"/><Origin z:Ref="i298"/></URDFElement><URDFElement z:Id="i304" i:type="Joint"><Attributes><Attribute z:Id="i305"><AttributeType>name</AttributeType><IsRequired>true</IsRequired><Value i:type="a:string" xmlns:a="http://www.w3.org/2001/XMLSchema">dof4</Value></Attribute><Attribute z:Id="i306"><AttributeType>type</AttributeType><IsRequired>true</IsRequired><Value i:type="a:string" xmlns:a="http://www.w3.org/2001/XMLSchema">revolute</Value></Attribute></Attributes><ChildElements><URDFElement z:Id="i307" i:type="Origin"><Attributes><Attribute z:Id="i308"><AttributeType>xyz</AttributeType><IsRequired>true</IsRequired><Value i:type="a:ArrayOfdouble" xmlns:a="http://schemas.microsoft.com/2003/10/Serialization/Arrays"><a:double>0</a:double><a:double>0</a:double><a:double>0</a:double></Value></Attribute><Attribute z:Id="i309"><AttributeType>rpy</AttributeType><IsRequired>true</IsRequired><Value i:type="a:ArrayOfdouble" xmlns:a="http://schemas.microsoft.com/2003/10/Serialization/Arrays"><a:double>0</a:double><a:double>0</a:double><a:double>0</a:double></Value></Attribute></Attributes><ChildElements/><ElementName>origin</ElementName><required>false</required><RPYAttribute z:Ref="i309"/><XYZAttribute z:Ref="i308"/><isCustomized>false</isCustomized></URDFElement><URDFElement z:Id="i310" i:type="ParentLink"><Attributes><Attribute z:Id="i311"><AttributeType>link</AttributeType><IsRequired>true</IsRequired><Value i:type="a:string" xmlns:a="http://www.w3.org/2001/XMLSchema"/></Attribute></Attributes><ChildElements/><ElementName>parent</ElementName><required>true</required><NameAttribute z:Ref="i311"/></URDFElement><URDFElement z:Id="i312" i:type="ChildLink"><Attributes><Attribute z:Id="i313"><AttributeType>link</AttributeType><IsRequired>true</IsRequired><Value i:type="a:string" xmlns:a="http://www.w3.org/2001/XMLSchema"/></Attribute></Attributes><ChildElements/><ElementName>child</ElementName><required>true</required><NameAttribute z:Ref="i313"/></URDFElement><URDFElement z:Id="i314" i:type="Axis"><Attributes><Attribute z:Id="i315"><AttributeType>xyz</AttributeType><IsRequired>true</IsRequired><Value i:type="a:ArrayOfdouble" xmlns:a="http://schemas.microsoft.com/2003/10/Serialization/Arrays"><a:double>0</a:double><a:double>0</a:double><a:double>0</a:double></Value></Attribute></Attributes><ChildElements/><ElementName>axis</ElementName><required>false</required><XYZAttribute z:Ref="i315"/></URDFElement><URDFElement z:Id="i316" i:type="Limit"><Attributes><Attribute z:Id="i317"><AttributeType>lower</AttributeType><IsRequired>false</IsRequired><Value i:nil="true"/></Attribute><Attribute z:Id="i318"><AttributeType>upper</AttributeType><IsRequired>false</IsRequired><Value i:nil="true"/></Attribute><Attribute z:Id="i319"><AttributeType>effort</AttributeType><IsRequired>true</IsRequired><Value i:nil="true"/></Attribute><Attribute z:Id="i320"><AttributeType>velocity</AttributeType><IsRequired>true</IsRequired><Value i:nil="true"/></Attribute></Attributes><ChildElements/><ElementName>limit</ElementName><required>false</required><EffortAttribute z:Ref="i319"/><LowerAttribute z:Ref="i317"/><UpperAttribute z:Ref="i318"/><VelocityAttribute z:Ref="i320"/></URDFElement><URDFElement z:Id="i321" i:type="Calibration"><Attributes><Attribute z:Id="i322"><AttributeType>rising</AttributeType><IsRequired>false</IsRequired><Value i:nil="true"/></Attribute><Attribute z:Id="i323"><AttributeType>falling</AttributeType><IsRequired>false</IsRequired><Value i:nil="true"/></Attribute></Attributes><ChildElements/><ElementName>calibration</ElementName><required>false</required><FallingAttribute z:Ref="i323"/><RisingAttribute z:Ref="i322"/></URDFElement><URDFElement z:Id="i324" i:type="Dynamics"><Attributes><Attribute z:Id="i325"><AttributeType>damping</AttributeType><IsRequired>false</IsRequired><Value i:nil="true"/></Attribute><Attribute z:Id="i326"><AttributeType>friction</AttributeType><IsRequired>false</IsRequired><Value i:nil="true"/></Attribute></Attributes><ChildElements/><ElementName>dynamics</ElementName><required>false</required><DampingAttribute z:Ref="i325"/><FrictionAttribute z:Ref="i326"/></URDFElement><URDFElement z:Id="i327" i:type="SafetyController"><Attributes><Attribute z:Id="i328"><AttributeType>soft_upper_limit</AttributeType><IsRequired>false</IsRequired><Value i:nil="true"/></Attribute><Attribute z:Id="i329"><AttributeType>soft_lower_limit</AttributeType><IsRequired>false</IsRequired><Value i:nil="true"/></Attribute><Attribute z:Id="i330"><AttributeType>k_position</AttributeType><IsRequired>false</IsRequired><Value i:nil="true"/></Attribute><Attribute z:Id="i331"><AttributeType>k_velocity</AttributeType><IsRequired>true</IsRequired><Value i:nil="true"/></Attribute></Attributes><ChildElements/><ElementName>safety_controller</ElementName><required>false</required><KPositionAttribute z:Ref="i330"/><KVelocityAttribute z:Ref="i331"/><SoftLowerAttribute z:Ref="i329"/><SoftUpperAttribute z:Ref="i328"/></URDFElement><URDFElement z:Id="i332" i:type="Mimic"><Attributes><Attribute z:Id="i333"><AttributeType>joint</AttributeType><IsRequired>true</IsRequired><Value i:nil="true"/></Attribute><Attribute z:Id="i334"><AttributeType>multiplier</AttributeType><IsRequired>false</IsRequired><Value i:nil="true"/></Attribute><Attribute z:Id="i335"><AttributeType>offset</AttributeType><IsRequired>false</IsRequired><Value i:nil="true"/></Attribute></Attributes><ChildElements/><ElementName>mimic</ElementName><required>false</required><JointNameAttribute z:Ref="i333"/><MultiplierAttribute z:Ref="i334"/><OffsetAttribute z:Ref="i335"/></URDFElement></ChildElements><ElementName>joint</ElementName><required>false</required><Axis z:Ref="i314"/><AxisName>Axis4</AxisName><Calibration z:Ref="i321"/><Child z:Ref="i312"/><CoordinateSystemName>Automatically Generate</CoordinateSystemName><Dynamics z:Ref="i324"/><Limit z:Ref="i316"/><Mimic z:Ref="i332"/><NameAttribute z:Ref="i305"/><Origin z:Ref="i307"/><Parent z:Ref="i310"/><Safety z:Ref="i327"/><TypeAttribute z:Ref="i306"/></URDFElement></ChildElements><ElementName>link</ElementName><required>true</required><Children/><Collision z:Ref="i297"/><Inertial z:Ref="i271"/><Joint z:Ref="i304"/><NameAttribute z:Ref="i270"/><Parent z:Ref="i202"/><STLQualityFine>false</STLQualityFine><SWComponentPIDs xmlns:a="http://schemas.microsoft.com/2003/10/Serialization/Arrays"><a:base64Binary>aEIAAAUAAAD//v8mRwByAGkAcABwAGUAcgAgAFkAUABSACAAQwBvAG4AbgBlAGMAdABpAG8AbgAtADEAQAB1AHAAZABhAHQAZQBkACAAYQBzAHMAZQBtAAQAAAAQAAAAAQAAAAEAAAB7AAAA</a:base64Binary><a:base64Binary>aEIAAAUAAAD//v95ZwByAGkAcABwAGUAcgAgAHUAcABkAGEAdABlAGQAXwA1ADEALQAxAEAAdQBwAGQAYQB0AGUAZAAgAGEAcwBzAGUAbQAvAGcAcgBpAHAAcABlAHIAIAB1AHAAZABhAHQAZQBkAF8ANQAuAFMAVABFAFAALQAxAEAAZwByAGkAcABwAGUAcgAgAHUAcABkAGEAdABlAGQAXwA1ADEALwBmAHIAYQBtAGUAIABnAHIAaQBwAGUAcgAuAFMAVABFAFAALQAxAEAAZwByAGkAcABwAGUAcgAgAHUAcABkAGEAdABlAGQAXwA1AC4AUwBUAEUAUAAEAAAAEAAAAAEAAAADAAAAeQAAABgAAAAYAAAA</a:base64Binary><a:base64Binary>aEIAAAUAAAD//v8fZABpAGYAZgAgAHQAbwAgAGcAcgBpAHAAcABlAHIALQAyAEAAdQBwAGQAYQB0AGUAZAAgAGEAcwBzAGUAbQAEAAAAEAAAAAEAAAABAAAAfAAAAA==</a:base64Binary><a:base64Binary>aEIAAAUAAAD//v95ZwByAGkAcABwAGUAcgAgAHUAcABkAGEAdABlAGQAXwA1ADEALQAxAEAAdQBwAGQAYQB0AGUAZAAgAGEAcwBzAGUAbQAvAGcAcgBpAHAAcABlAHIAIAB1AHAAZABhAHQAZQBkAF8ANQAuAFMAVABFAFAALQAxAEAAZwByAGkAcABwAGUAcgAgAHUAcABkAGEAdABlAGQAXwA1ADEALwBGAFIAQQBNAEUAIAAzACgAQQBMAEwAKQAuAFMAVABFAFAALQAxAEAAZwByAGkAcABwAGUAcgAgAHUAcABkAGEAdABlAGQAXwA1AC4AUwBUAEUAUAAEAAAAEAAAAAEAAAADAAAAeQAAABgAAAAcAAAA</a:base64Binary><a:base64Binary>aEIAAAUAAAD//v92ZwByAGkAcABwAGUAcgAgAHUAcABkAGEAdABlAGQAXwA1ADEALQAxAEAAdQBwAGQAYQB0AGUAZAAgAGEAcwBzAGUAbQAvAGcAcgBpAHAAcABlAHIAIAB1AHAAZABhAHQAZQBkAF8ANQAuAFMAVABFAFAALQAxAEAAZwByAGkAcABwAGUAcgAgAHUAcABkAGEAdABlAGQAXwA1ADEALwBDAEwAQQBXACgAQQBMAEwAKQAuAFMAVABFAFAALQAxAEAAZwByAGkAcABwAGUAcgAgAHUAcABkAGEAdABlAGQAXwA1AC4AUwBUAEUAUAAEAAAAEAAAAAEAAAADAAAAeQAAABgAAAAaAAAA</a:base64Binary><a:base64Binary>aEIAAAUAAAD//v97ZwByAGkAcABwAGUAcgAgAHUAcABkAGEAdABlAGQAXwA1ADEALQAxAEAAdQBwAGQAYQB0AGUAZAAgAGEAcwBzAGUAbQAvAGcAcgBpAHAAcABlAHIAIAB1AHAAZABhAHQAZQBkAF8ANQAuAFMAVABFAFAALQAxAEAAZwByAGkAcABwAGUAcgAgAHUAcABkAGEAdABlAGQAXwA1ADEALwBMAEUAQQBEACAAOABNAE0AIAAoAEEATABMACkALgBTAFQARQBQAC0AMQBAAGcAcgBpAHAAcABlAHIAIAB1AHAAZABhAHQAZQBkAF8ANQAuAFMAVABFAFAABAAAABAAAAABAAAAAwAAAHkAAAAYAAAAHwAAAA==</a:base64Binary><a:base64Binary>aEIAAAUAAAD//v+AZwByAGkAcABwAGUAcgAgAHUAcABkAGEAdABlAGQAXwA1ADEALQAxAEAAdQBwAGQAYQB0AGUAZAAgAGEAcwBzAGUAbQAvAGcAcgBpAHAAcABlAHIAIAB1AHAAZABhAHQAZQBkAF8ANQAuAFMAVABFAFAALQAxAEAAZwByAGkAcABwAGUAcgAgAHUAcABkAGEAdABlAGQAXwA1ADEALwBHAFUASQBEAEUAIABSAE8ARAAgADgAbQBtACAAKABBAEwATAApAC4AUwBUAEUAUAAtADEAQABnAHIAaQBwAHAAZQByACAAdQBwAGQAYQB0AGUAZABfADUALgBTAFQARQBQAAQAAAAQAAAAAQAAAAMAAAB5AAAAGAAAAB4AAAA=</a:base64Binary><a:base64Binary>aEIAAAUAAAD//v92ZwByAGkAcABwAGUAcgAgAHUAcABkAGEAdABlAGQAXwA1ADEALQAxAEAAdQBwAGQAYQB0AGUAZAAgAGEAcwBzAGUAbQAvAGcAcgBpAHAAcABlAHIAIAB1AHAAZABhAHQAZQBkAF8ANQAuAFMAVABFAFAALQAxAEAAZwByAGkAcABwAGUAcgAgAHUAcABkAGEAdABlAGQAXwA1ADEALwBOAFUAVAAgACgAQQBMAEwAKQAuAFMAVABFAFAALQAxAEAAZwByAGkAcABwAGUAcgAgAHUAcABkAGEAdABlAGQAXwA1AC4AUwBUAEUAUAAEAAAAEAAAAAEAAAADAAAAeQAAABgAAAAhAAAA</a:base64Binary><a:base64Binary>aEIAAAUAAAD//v+JZwByAGkAcABwAGUAcgAgAHUAcABkAGEAdABlAGQAXwA1ADEALQAxAEAAdQBwAGQAYQB0AGUAZAAgAGEAcwBzAGUAbQAvAGcAcgBpAHAAcABlAHIAIAB1AHAAZABhAHQAZQBkAF8ANQAuAFMAVABFAFAALQAxAEAAZwByAGkAcABwAGUAcgAgAHUAcABkAGEAdABlAGQAXwA1ADEALwBsAGkAbgBlAGEAcgAgAGEAYwB0ACAAcwBhAG0AcABsAGUAIABtAG8AZABlAGwAKABBAEwATAApAC4AUwBUAEUAUAAtADEAQABnAHIAaQBwAHAAZQByACAAdQBwAGQAYQB0AGUAZABfADUALgBTAFQARQBQAAQAAAAQAAAAAQAAAAMAAAB5AAAAGAAAABkAAAA=</a:base64Binary><a:base64Binary>aEIAAAUAAAD//v+EZwByAGkAcABwAGUAcgAgAHUAcABkAGEAdABlAGQAXwA1ADEALQAxAEAAdQBwAGQAYQB0AGUAZAAgAGEAcwBzAGUAbQAvAGcAcgBpAHAAcABlAHIAIAB1AHAAZABhAHQAZQBkAF8ANQAuAFMAVABFAFAALQAxAEAAZwByAGkAcABwAGUAcgAgAHUAcABkAGEAdABlAGQAXwA1ADEALwBtAG8AdABvAHIAIABtAG8AdQBuAHQAIABHAFIASQBQAFAARQBSACAAQQBMAEwALgBTAFQARQBQAC0AMQBAAGcAcgBpAHAAcABlAHIAIAB1AHAAZABhAHQAZQBkAF8ANQAuAFMAVABFAFAABAAAABAAAAABAAAAAwAAAHkAAAAYAAAAIAAAAA==</a:base64Binary><a:base64Binary>aEIAAAUAAAD//v95ZwByAGkAcABwAGUAcgAgAHUAcABkAGEAdABlAGQAXwA1ADEALQAxAEAAdQBwAGQAYQB0AGUAZAAgAGEAcwBzAGUAbQAvAGcAcgBpAHAAcABlAHIAIAB1AHAAZABhAHQAZQBkAF8ANQAuAFMAVABFAFAALQAxAEAAZwByAGkAcABwAGUAcgAgAHUAcABkAGEAdABlAGQAXwA1ADEALwBsAGkAbQBpAHQAIABzAHcAaQB0AGMAaAAuAFMAVABFAFAALQAxAEAAZwByAGkAcABwAGUAcgAgAHUAcABkAGEAdABlAGQAXwA1AC4AUwBUAEUAUAAEAAAAEAAAAAEAAAADAAAAeQAAABgAAAAiAAAA</a:base64Binary><a:base64Binary>aEIAAAUAAAD//v9+ZwByAGkAcABwAGUAcgAgAHUAcABkAGEAdABlAGQAXwA1ADEALQAxAEAAdQBwAGQAYQB0AGUAZAAgAGEAcwBzAGUAbQAvAGcAcgBpAHAAcABlAHIAIAB1AHAAZABhAHQAZQBkAF8ANQAuAFMAVABFAFAALQAxAEAAZwByAGkAcABwAGUAcgAgAHUAcABkAGEAdABlAGQAXwA1ADEALwBHAFIASQBQAFAARQBSACAAQQBMAEwAIABNAE8AVABPAFIALgBTAFQARQBQAC0AMQBAAGcAcgBpAHAAcABlAHIAIAB1AHAAZABhAHQAZQBkAF8ANQAuAFMAVABFAFAABAAAABAAAAABAAAAAwAAAHkAAAAYAAAAHQAAAA==</a:base64Binary><a:base64Binary>aEIAAAUAAAD//v+BZwByAGkAcABwAGUAcgAgAHUAcABkAGEAdABlAGQAXwA1ADEALQAxAEAAdQBwAGQAYQB0AGUAZAAgAGEAcwBzAGUAbQAvAGcAcgBpAHAAcABlAHIAIAB1AHAAZABhAHQAZQBkAF8ANQAuAFMAVABFAFAALQAxAEAAZwByAGkAcABwAGUAcgAgAHUAcABkAGEAdABlAGQAXwA1ADEALwBCAEUAQQBSAEkATgBHACAAMQA2AFgAOABYADUAIAAoAEEATABMACkALgBTAFQARQBQAC0AMQBAAGcAcgBpAHAAcABlAHIAIAB1AHAAZABhAHQAZQBkAF8ANQAuAFMAVABFAFAABAAAABAAAAABAAAAAwAAAHkAAAAYAAAAIwAAAA==</a:base64Binary><a:base64Binary>aEIAAAUAAAD//v94ZwByAGkAcABwAGUAcgAgAHUAcABkAGEAdABlAGQAXwA1ADEALQAxAEAAdQBwAGQAYQB0AGUAZAAgAGEAcwBzAGUAbQAvAGcAcgBpAHAAcABlAHIAIAB1AHAAZABhAHQAZQBkAF8ANQAuAFMAVABFAFAALQAxAEAAZwByAGkAcABwAGUAcgAgAHUAcABkAGEAdABlAGQAXwA1ADEALwBjAG8AdQBwAGwAZQByACAAOAB4ADUALgBTAFQARQBQAC0AMQBAAGcAcgBpAHAAcABlAHIAIAB1AHAAZABhAHQAZQBkAF8ANQAuAFMAVABFAFAABAAAABAAAAABAAAAAwAAAHkAAAAYAAAAGwAAAA==</a:base64Binary></SWComponentPIDs><SWMainComponentPID i:nil="true"/><Visual z:Ref="i284"/><isFixedFrame>false</isFixedFrame><isIncomplete>false</isIncomplete></Link></Children><Collision z:Ref="i230"/><Inertial z:Ref="i204"/><Joint z:Ref="i237"/><NameAttribute z:Ref="i203"/><Parent z:Ref="i135"/><STLQualityFine>false</STLQualityFine><SWComponentPIDs xmlns:a="http://schemas.microsoft.com/2003/10/Serialization/Arrays"><a:base64Binary>aEIAAAUAAAD//v8eZABpAGYAZgAgAEMAIABzAGUAYwB0AGkAbwBuAC0AMgBAAHUAcABkAGEAdABlAGQAIABhAHMAcwBlAG0ABAAAABAAAAABAAAAAQAAAGQAAAA=</a:base64Binary><a:base64Binary>aEIAAAUAAAD//v8eZABpAGYAZgAgAEMAIABzAGUAYwB0AGkAbwBuAC0AMQBAAHUAcABkAGEAdABlAGQAIABhAHMAcwBlAG0ABAAAABAAAAABAAAAAQAAAFIAAAA=</a:base64Binary><a:base64Binary>aEIAAAUAAAD//v8lZABpAGYAZgAgAEMAIABzAGUAYwB0AGkAbwBuACAASQAgAHAAYQByAHQALQAyAEAAdQBwAGQAYQB0AGUAZAAgAGEAcwBzAGUAbQAEAAAAEAAAAAEAAAABAAAAZQAAAA==</a:base64Binary><a:base64Binary>aEIAAAUAAAD//v8lZABpAGYAZgAgAEMAIABzAGUAYwB0AGkAbwBuACAASQAgAHAAYQByAHQALQAxAEAAdQBwAGQAYQB0AGUAZAAgAGEAcwBzAGUAbQAEAAAAEAAAAAEAAAABAAAAUQAAAA==</a:base64Binary><a:base64Binary>aEIAAAUAAAD//v8mMQA1AC0AMwAyAC0AOQAgAGIAZQBhAHIAaQBuAGcAIABoAG8AbABkAGUAcgAtADEAQAB1AHAAZABhAHQAZQBkACAAYQBzAHMAZQBtAAQAAAAQAAAAAQAAAAEAAAB6AAAA</a:base64Binary></SWComponentPIDs><SWMainComponentPID i:nil="true"/><Visual z:Ref="i217"/><isFixedFrame>false</isFixedFrame><isIncomplete>false</isIncomplete></Link></Children><Collision z:Ref="i163"/><Inertial z:Ref="i137"/><Joint z:Ref="i170"/><NameAttribute z:Ref="i136"/><Parent z:Ref="i68"/><STLQualityFine>false</STLQualityFine><SWComponentPIDs xmlns:a="http://schemas.microsoft.com/2003/10/Serialization/Arrays"><a:base64Binary>aEIAAAUAAAD//v8WQwBhAHMAaQBuAGcALQAyAEAAdQBwAGQAYQB0AGUAZAAgAGEAcwBzAGUAbQAEAAAAEAAAAAEAAAABAAAAQQAAAA==</a:base64Binary><a:base64Binary>aEIAAAUAAAD//v8sYwBhAHMAaQBuAGcAIABtAGkAcgByAG8AcgAgAG0AaQByAG8AcgByACAAbQBpAHIAcgByAHIAcgAtADIAQAB1AHAAZABhAHQAZQBkACAAYQBzAHMAZQBtAAQAAAAQAAAAAQAAAAEAAABAAAAA</a:base64Binary><a:base64Binary>aEIAAAUAAAD//v8TMAA0AG0ALQAxAEAAdQBwAGQAYQB0AGUAZAAgAGEAcwBzAGUAbQAEAAAAEAAAAAEAAAABAAAAMgAAAA==</a:base64Binary><a:base64Binary>aEIAAAUAAAD//v8kbQBvAHQAbwByACAAbQBvAHUAbgB0ACAAYQBuAGQAIABsAGkAbgBrAC0AMQBAAHUAcABkAGEAdABlAGQAIABhAHMAcwBlAG0ABAAAABAAAAABAAAAAQAAAEwAAAA=</a:base64Binary><a:base64Binary>aEIAAAUAAAD//v8mbQBvAHQAbwByACAAbQBvAHUAbgB0ACAAYQBuAGQAIABsAGkAbgBrACAATAAtADIAQAB1AHAAZABhAHQAZQBkACAAYQBzAHMAZQBtAAQAAAAQAAAAAQAAAAEAAABbAAAA</a:base64Binary><a:base64Binary>aEIAAAUAAAD//v8mbQBvAHQAbwByACAAbQBvAHUAbgB0ACAAYQBuAGQAIABsAGkAbgBrACAATAAtADEAQAB1AHAAZABhAHQAZQBkACAAYQBzAHMAZQBtAAQAAAAQAAAAAQAAAAEAAABUAAAA</a:base64Binary><a:base64Binary>aEIAAAUAAAD//v8gbABpAG4AawAgAGYAbwByACAAcwB1AHAAcABvAHIAdAAtADEAQAB1AHAAZABhAHQAZQBkACAAYQBzAHMAZQBtAAQAAAAQAAAAAQAAAAEAAABTAAAA</a:base64Binary></SWComponentPIDs><SWMainComponentPID i:nil="true"/><Visual z:Ref="i150"/><isFixedFrame>false</isFixedFrame><isIncomplete>false</isIncomplete></Link></Children><Collision z:Ref="i96"/><Inertial z:Ref="i70"/><Joint z:Ref="i103"/><NameAttribute z:Ref="i69"/><Parent z:Ref="i1"/><STLQualityFine>false</STLQualityFine><SWComponentPIDs xmlns:a="http://schemas.microsoft.com/2003/10/Serialization/Arrays"><a:base64Binary>aEIAAAUAAAD//v8fYwBhAHMAaQBuAGcAIABtAGkAcgByAG8AcgBlAGQALQAxAEAAdQBwAGQAYQB0AGUAZAAgAGEAcwBzAGUAbQAEAAAAEAAAAAEAAAABAAAAJAAAAA==</a:base64Binary><a:base64Binary>aEIAAAUAAAD//v8fQwBhAHMAaQBuAGcAIABuAG8AIABlAHIAcgBvAHIALQAxAEAAdQBwAGQAYQB0AGUAZAAgAGEAcwBzAGUAbQAEAAAAEAAAAAEAAAABAAAAIwAAAA==</a:base64Binary><a:base64Binary>aEIAAAUAAAD//v8UMAAuADYAbQAtADEAQAB1AHAAZABhAHQAZQBkACAAYQBzAHMAZQBtAAQAAAAQAAAAAQAAAAEAAAAxAAAA</a:base64Binary><a:base64Binary>aEIAAAUAAAD//v8kbQBvAHUAbgB0ACAAZwBvAG8AZgBlAGQAIABtAHUAaQByAHIAbwByAC0AMQBAAHUAcABkAGEAdABlAGQAIABhAHMAcwBlAG0ABAAAABAAAAABAAAAAQAAADYAAAA=</a:base64Binary><a:base64Binary>aEIAAAUAAAD//v8kTQBvAHUAbgB0ACAAZgBvAHIAIABnAG8AbwBmAHkAdABoAGkAbgBnAC0AMQBAAHUAcABkAGEAdABlAGQAIABhAHMAcwBlAG0ABAAAABAAAAABAAAAAQAAADUAAAA=</a:base64Binary></SWComponentPIDs><SWMainComponentPID i:nil="true"/><Visual z:Ref="i83"/><isFixedFrame>false</isFixedFrame><isIncomplete>false</isIncomplete></Link></Children><Collision z:Ref="i29"/><Inertial z:Ref="i3"/><Joint z:Ref="i36"/><NameAttribute z:Ref="i2"/><Parent i:nil="true"/><STLQualityFine>false</STLQualityFine><SWComponentPIDs xmlns:a="http://schemas.microsoft.com/2003/10/Serialization/Arrays"><a:base64Binary>aEIAAAUAAAD//v8rTQBvAHUAbgB0AC0ARQB4AHQAcgB1AGQAZQAgAFQAbwBwACAAQwB5AGMAbABvAGkAZABhAGwALQAyAEAAdQBwAGQAYQB0AGUAZAAgAGEAcwBzAGUAbQAEAAAAEAAAAAEAAAABAAAAIgAAAA==</a:base64Binary><a:base64Binary>aEIAAAUAAAD//v8rTQBvAHUAbgB0AC0ARQB4AHQAcgB1AGQAZQAgAFQAbwBwACAAQwB5AGMAbABvAGkAZABhAGwALQAxAEAAdQBwAGQAYQB0AGUAZAAgAGEAcwBzAGUAbQAEAAAAEAAAAAEAAAABAAAAGAAAAA==</a:base64Binary></SWComponentPIDs><SWMainComponentPID i:nil="true"/><Visual z:Ref="i16"/><isFixedFrame>false</isFixedFrame><isIncomplete>false</isIncomplete></Link>
2025-07-01 18:09:20,842 INFO  ExportHelperExtension.cs: 348 - Creating joint dof1
2025-07-01 18:09:20,951 INFO  ExportHelperExtension.cs: 1397 - Fixing components for base_link
2025-07-01 18:09:20,952 INFO  ExportHelperExtension.cs: 1403 - Fixing 34
2025-07-01 18:09:20,953 INFO  ExportHelperExtension.cs: 1403 - Fixing 24
2025-07-01 18:09:21,336 INFO  ExportHelperExtension.cs: 835 - R1: 0, 0
2025-07-01 18:09:21,336 INFO  ExportHelperExtension.cs: 843 - R2: 0, 0
2025-07-01 18:09:21,336 INFO  ExportHelperExtension.cs: 851 - L1: 0
2025-07-01 18:09:21,337 INFO  ExportHelperExtension.cs: 863 - L2: 0
2025-07-01 18:09:21,356 INFO  ExportHelperExtension.cs: 1350 - Unfixing component 34
2025-07-01 18:09:21,356 INFO  ExportHelperExtension.cs: 1350 - Unfixing component 24
2025-07-01 18:09:23,089 WARN  ExportHelperExtension.cs: 357 - Creating joint from parent base_link to child dof1 failed
2025-07-01 18:09:23,124 INFO  ExportHelperExtension.cs: 348 - Creating joint dof2
2025-07-01 18:09:23,125 INFO  ExportHelperExtension.cs: 1397 - Fixing components for dof1
2025-07-01 18:09:23,125 INFO  ExportHelperExtension.cs: 1403 - Fixing 36
2025-07-01 18:09:23,126 INFO  ExportHelperExtension.cs: 1403 - Fixing 35
2025-07-01 18:09:23,126 INFO  ExportHelperExtension.cs: 1403 - Fixing 49
2025-07-01 18:09:23,126 INFO  ExportHelperExtension.cs: 1403 - Fixing 54
2025-07-01 18:09:23,127 INFO  ExportHelperExtension.cs: 1403 - Fixing 53
2025-07-01 18:09:23,127 INFO  ExportHelperExtension.cs: 1403 - Fixing 34
2025-07-01 18:09:23,127 INFO  ExportHelperExtension.cs: 1403 - Fixing 24
2025-07-01 18:09:23,438 INFO  : 0 - R1: 1, System.__ComObject, 1, System.Double[]
2025-07-01 18:09:23,440 INFO  ExportHelperExtension.cs: 843 - R2: 0, 0
2025-07-01 18:09:23,441 INFO  ExportHelperExtension.cs: 851 - L1: 0
2025-07-01 18:09:23,441 INFO  ExportHelperExtension.cs: 863 - L2: 0
2025-07-01 18:09:23,447 INFO  ExportHelperExtension.cs: 1350 - Unfixing component 36
2025-07-01 18:09:23,448 INFO  ExportHelperExtension.cs: 1350 - Unfixing component 35
2025-07-01 18:09:23,449 INFO  ExportHelperExtension.cs: 1350 - Unfixing component 49
2025-07-01 18:09:23,449 INFO  ExportHelperExtension.cs: 1350 - Unfixing component 54
2025-07-01 18:09:23,449 INFO  ExportHelperExtension.cs: 1350 - Unfixing component 53
2025-07-01 18:09:23,449 INFO  ExportHelperExtension.cs: 1350 - Unfixing component 34
2025-07-01 18:09:23,450 INFO  ExportHelperExtension.cs: 1350 - Unfixing component 24
2025-07-01 18:09:25,226 WARN  ExportHelperExtension.cs: 357 - Creating joint from parent dof1 to child dof2 failed
2025-07-01 18:09:25,356 INFO  ExportHelperExtension.cs: 348 - Creating joint dof3
2025-07-01 18:09:25,357 INFO  ExportHelperExtension.cs: 1397 - Fixing components for dof2
2025-07-01 18:09:25,357 INFO  ExportHelperExtension.cs: 1403 - Fixing 65
2025-07-01 18:09:25,358 INFO  ExportHelperExtension.cs: 1403 - Fixing 64
2025-07-01 18:09:25,358 INFO  ExportHelperExtension.cs: 1403 - Fixing 50
2025-07-01 18:09:25,358 INFO  ExportHelperExtension.cs: 1403 - Fixing 76
2025-07-01 18:09:25,358 INFO  ExportHelperExtension.cs: 1403 - Fixing 91
2025-07-01 18:09:25,359 INFO  ExportHelperExtension.cs: 1403 - Fixing 84
2025-07-01 18:09:25,359 INFO  ExportHelperExtension.cs: 1403 - Fixing 83
2025-07-01 18:09:25,359 INFO  ExportHelperExtension.cs: 1403 - Fixing 36
2025-07-01 18:09:25,359 INFO  ExportHelperExtension.cs: 1403 - Fixing 35
2025-07-01 18:09:25,360 INFO  ExportHelperExtension.cs: 1403 - Fixing 49
2025-07-01 18:09:25,360 INFO  ExportHelperExtension.cs: 1403 - Fixing 54
2025-07-01 18:09:25,360 INFO  ExportHelperExtension.cs: 1403 - Fixing 53
2025-07-01 18:09:25,361 INFO  ExportHelperExtension.cs: 1403 - Fixing 34
2025-07-01 18:09:25,361 INFO  ExportHelperExtension.cs: 1403 - Fixing 24
2025-07-01 18:09:25,798 INFO  ExportHelperExtension.cs: 828 - R1: 1, System.__ComObject, 1, System.Double[]
2025-07-01 18:09:25,799 INFO  ExportHelperExtension.cs: 843 - R2: 0, 0
2025-07-01 18:09:25,799 INFO  ExportHelperExtension.cs: 851 - L1: 0
2025-07-01 18:09:25,799 INFO  ExportHelperExtension.cs: 863 - L2: 0
2025-07-01 18:09:25,799 INFO  ExportHelperExtension.cs: 1350 - Unfixing component 65
2025-07-01 18:09:25,801 INFO  ExportHelperExtension.cs: 1350 - Unfixing component 64
2025-07-01 18:09:25,801 INFO  ExportHelperExtension.cs: 1350 - Unfixing component 50
2025-07-01 18:09:25,801 INFO  ExportHelperExtension.cs: 1350 - Unfixing component 76
2025-07-01 18:09:25,801 INFO  ExportHelperExtension.cs: 1350 - Unfixing component 91
2025-07-01 18:09:25,802 INFO  ExportHelperExtension.cs: 1350 - Unfixing component 84
2025-07-01 18:09:25,802 INFO  ExportHelperExtension.cs: 1350 - Unfixing component 83
2025-07-01 18:09:25,802 INFO  ExportHelperExtension.cs: 1350 - Unfixing component 36
2025-07-01 18:09:25,803 INFO  ExportHelperExtension.cs: 1350 - Unfixing component 35
2025-07-01 18:09:25,803 INFO  ExportHelperExtension.cs: 1350 - Unfixing component 49
2025-07-01 18:09:25,803 INFO  ExportHelperExtension.cs: 1350 - Unfixing component 54
2025-07-01 18:09:25,803 INFO  ExportHelperExtension.cs: 1350 - Unfixing component 53
2025-07-01 18:09:25,804 INFO  ExportHelperExtension.cs: 1350 - Unfixing component 34
2025-07-01 18:09:25,804 INFO  ExportHelperExtension.cs: 1350 - Unfixing component 24
2025-07-01 18:09:27,639 WARN  ExportHelperExtension.cs: 357 - Creating joint from parent dof2 to child dof3 failed
2025-07-01 18:09:27,660 INFO  ExportHelperExtension.cs: 348 - Creating joint dof4
2025-07-01 18:09:27,661 INFO  ExportHelperExtension.cs: 1397 - Fixing components for dof3
2025-07-01 18:09:27,661 INFO  ExportHelperExtension.cs: 1403 - Fixing 100
2025-07-01 18:09:27,661 INFO  ExportHelperExtension.cs: 1403 - Fixing 82
2025-07-01 18:09:27,662 INFO  ExportHelperExtension.cs: 1403 - Fixing 101
2025-07-01 18:09:27,662 INFO  ExportHelperExtension.cs: 1403 - Fixing 81
2025-07-01 18:09:27,662 INFO  ExportHelperExtension.cs: 1403 - Fixing 122
2025-07-01 18:09:27,663 INFO  ExportHelperExtension.cs: 1403 - Fixing 65
2025-07-01 18:09:27,663 INFO  ExportHelperExtension.cs: 1403 - Fixing 64
2025-07-01 18:09:27,663 INFO  ExportHelperExtension.cs: 1403 - Fixing 50
2025-07-01 18:09:27,663 INFO  ExportHelperExtension.cs: 1403 - Fixing 76
2025-07-01 18:09:27,664 INFO  ExportHelperExtension.cs: 1403 - Fixing 91
2025-07-01 18:09:27,664 INFO  ExportHelperExtension.cs: 1403 - Fixing 84
2025-07-01 18:09:27,664 INFO  ExportHelperExtension.cs: 1403 - Fixing 83
2025-07-01 18:09:27,665 INFO  ExportHelperExtension.cs: 1403 - Fixing 36
2025-07-01 18:09:27,665 INFO  ExportHelperExtension.cs: 1403 - Fixing 35
2025-07-01 18:09:27,665 INFO  ExportHelperExtension.cs: 1403 - Fixing 49
2025-07-01 18:09:27,665 INFO  ExportHelperExtension.cs: 1403 - Fixing 54
2025-07-01 18:09:27,666 INFO  ExportHelperExtension.cs: 1403 - Fixing 53
2025-07-01 18:09:27,666 INFO  ExportHelperExtension.cs: 1403 - Fixing 34
2025-07-01 18:09:27,666 INFO  ExportHelperExtension.cs: 1403 - Fixing 24
2025-07-01 18:09:28,201 INFO  ExportHelperExtension.cs: 828 - R1: 1, System.__ComObject, 1, System.Double[]
2025-07-01 18:09:28,202 INFO  ExportHelperExtension.cs: 843 - R2: 0, 0
2025-07-01 18:09:28,202 INFO  ExportHelperExtension.cs: 851 - L1: 0
2025-07-01 18:09:28,205 INFO  ExportHelperExtension.cs: 863 - L2: 0
2025-07-01 18:09:28,274 INFO  ExportHelperExtension.cs: 1350 - Unfixing component 100
2025-07-01 18:09:28,275 INFO  ExportHelperExtension.cs: 1350 - Unfixing component 82
2025-07-01 18:09:28,275 INFO  ExportHelperExtension.cs: 1350 - Unfixing component 101
2025-07-01 18:09:28,276 INFO  ExportHelperExtension.cs: 1350 - Unfixing component 81
2025-07-01 18:09:28,276 INFO  ExportHelperExtension.cs: 1350 - Unfixing component 122
2025-07-01 18:09:28,276 INFO  ExportHelperExtension.cs: 1350 - Unfixing component 65
2025-07-01 18:09:28,276 INFO  ExportHelperExtension.cs: 1350 - Unfixing component 64
2025-07-01 18:09:28,277 INFO  ExportHelperExtension.cs: 1350 - Unfixing component 50
2025-07-01 18:09:28,277 INFO  ExportHelperExtension.cs: 1350 - Unfixing component 76
2025-07-01 18:09:28,277 INFO  ExportHelperExtension.cs: 1350 - Unfixing component 91
2025-07-01 18:09:28,277 INFO  ExportHelperExtension.cs: 1350 - Unfixing component 84
2025-07-01 18:09:28,277 INFO  ExportHelperExtension.cs: 1350 - Unfixing component 83
2025-07-01 18:09:28,277 INFO  ExportHelperExtension.cs: 1350 - Unfixing component 36
2025-07-01 18:09:28,279 INFO  ExportHelperExtension.cs: 1350 - Unfixing component 35
2025-07-01 18:09:28,279 INFO  ExportHelperExtension.cs: 1350 - Unfixing component 49
2025-07-01 18:09:28,279 INFO  ExportHelperExtension.cs: 1350 - Unfixing component 54
2025-07-01 18:09:28,279 INFO  ExportHelperExtension.cs: 1350 - Unfixing component 53
2025-07-01 18:09:28,280 INFO  ExportHelperExtension.cs: 1350 - Unfixing component 34
2025-07-01 18:09:28,280 INFO  ExportHelperExtension.cs: 1350 - Unfixing component 24
2025-07-01 18:09:30,116 WARN  ExportHelperExtension.cs: 357 - Creating joint from parent dof3 to child dof4 failed
2025-07-01 18:09:30,311 INFO  ExportHelperExtension.cs: 1127 - Retrieving features of type [CoordSys] from updated assem
2025-07-01 18:09:30,314 INFO  ExportHelperExtension.cs: 1137 - Found 123 in updated assem
2025-07-01 18:09:30,314 INFO  ExportHelperExtension.cs: 1146 - Found 8 features of type [CoordSys] in updated assem
2025-07-01 18:09:30,315 INFO  ExportHelperExtension.cs: 1149 - Proceeding through assembly components
2025-07-01 18:09:30,315 INFO  ExportHelperExtension.cs: 1161 - 22 components to check
2025-07-01 18:09:30,315 INFO  ExportHelperExtension.cs: 1127 - Retrieving features of type [CoordSys] from Casing no error-1
2025-07-01 18:09:30,316 INFO  ExportHelperExtension.cs: 1137 - Found 50 in Casing no error-1
2025-07-01 18:09:30,316 INFO  ExportHelperExtension.cs: 1146 - Found 0 features of type [CoordSys] in Casing no error-1
2025-07-01 18:09:30,316 INFO  ExportHelperExtension.cs: 1127 - Retrieving features of type [CoordSys] from casing mirrored-1
2025-07-01 18:09:30,317 INFO  ExportHelperExtension.cs: 1137 - Found 53 in casing mirrored-1
2025-07-01 18:09:30,317 INFO  ExportHelperExtension.cs: 1146 - Found 0 features of type [CoordSys] in casing mirrored-1
2025-07-01 18:09:30,317 INFO  ExportHelperExtension.cs: 1127 - Retrieving features of type [CoordSys] from 0.6m-1
2025-07-01 18:09:30,318 INFO  ExportHelperExtension.cs: 1137 - Found 25 in 0.6m-1
2025-07-01 18:09:30,318 INFO  ExportHelperExtension.cs: 1146 - Found 0 features of type [CoordSys] in 0.6m-1
2025-07-01 18:09:30,318 INFO  ExportHelperExtension.cs: 1127 - Retrieving features of type [CoordSys] from casing mirror mirorr mirrrrr-2
2025-07-01 18:09:30,318 INFO  ExportHelperExtension.cs: 1137 - Found 34 in casing mirror mirorr mirrrrr-2
2025-07-01 18:09:30,319 INFO  ExportHelperExtension.cs: 1146 - Found 0 features of type [CoordSys] in casing mirror mirorr mirrrrr-2
2025-07-01 18:09:30,319 INFO  ExportHelperExtension.cs: 1127 - Retrieving features of type [CoordSys] from Casing-2
2025-07-01 18:09:30,319 INFO  ExportHelperExtension.cs: 1137 - Found 44 in Casing-2
2025-07-01 18:09:30,320 INFO  ExportHelperExtension.cs: 1146 - Found 0 features of type [CoordSys] in Casing-2
2025-07-01 18:09:30,320 INFO  ExportHelperExtension.cs: 1127 - Retrieving features of type [CoordSys] from motor mount and link-1
2025-07-01 18:09:30,320 INFO  ExportHelperExtension.cs: 1137 - Found 46 in motor mount and link-1
2025-07-01 18:09:30,321 INFO  ExportHelperExtension.cs: 1146 - Found 0 features of type [CoordSys] in motor mount and link-1
2025-07-01 18:09:30,321 INFO  ExportHelperExtension.cs: 1127 - Retrieving features of type [CoordSys] from Mount for goofything-1
2025-07-01 18:09:30,321 INFO  ExportHelperExtension.cs: 1137 - Found 39 in Mount for goofything-1
2025-07-01 18:09:30,322 INFO  ExportHelperExtension.cs: 1146 - Found 0 features of type [CoordSys] in Mount for goofything-1
2025-07-01 18:09:30,322 INFO  ExportHelperExtension.cs: 1127 - Retrieving features of type [CoordSys] from diff C section-1
2025-07-01 18:09:30,322 INFO  ExportHelperExtension.cs: 1137 - Found 43 in diff C section-1
2025-07-01 18:09:30,323 INFO  ExportHelperExtension.cs: 1146 - Found 0 features of type [CoordSys] in diff C section-1
2025-07-01 18:09:30,323 INFO  ExportHelperExtension.cs: 1127 - Retrieving features of type [CoordSys] from link for support-1
2025-07-01 18:09:30,323 INFO  ExportHelperExtension.cs: 1137 - Found 46 in link for support-1
2025-07-01 18:09:30,324 INFO  ExportHelperExtension.cs: 1146 - Found 0 features of type [CoordSys] in link for support-1
2025-07-01 18:09:30,324 INFO  ExportHelperExtension.cs: 1127 - Retrieving features of type [CoordSys] from Mount-Extrude Top Cycloidal-1
2025-07-01 18:09:30,324 INFO  ExportHelperExtension.cs: 1137 - Found 69 in Mount-Extrude Top Cycloidal-1
2025-07-01 18:09:30,325 INFO  ExportHelperExtension.cs: 1146 - Found 0 features of type [CoordSys] in Mount-Extrude Top Cycloidal-1
2025-07-01 18:09:30,325 INFO  ExportHelperExtension.cs: 1127 - Retrieving features of type [CoordSys] from 04m-1
2025-07-01 18:09:30,325 INFO  ExportHelperExtension.cs: 1137 - Found 25 in 04m-1
2025-07-01 18:09:30,326 INFO  ExportHelperExtension.cs: 1146 - Found 0 features of type [CoordSys] in 04m-1
2025-07-01 18:09:30,326 INFO  ExportHelperExtension.cs: 1127 - Retrieving features of type [CoordSys] from diff C section I part-1
2025-07-01 18:09:30,326 INFO  ExportHelperExtension.cs: 1137 - Found 43 in diff C section I part-1
2025-07-01 18:09:30,327 INFO  ExportHelperExtension.cs: 1146 - Found 0 features of type [CoordSys] in diff C section I part-1
2025-07-01 18:09:30,327 INFO  ExportHelperExtension.cs: 1127 - Retrieving features of type [CoordSys] from mount goofed muirror-1
2025-07-01 18:09:30,327 INFO  ExportHelperExtension.cs: 1137 - Found 34 in mount goofed muirror-1
2025-07-01 18:09:30,328 INFO  ExportHelperExtension.cs: 1146 - Found 0 features of type [CoordSys] in mount goofed muirror-1
2025-07-01 18:09:30,328 INFO  ExportHelperExtension.cs: 1127 - Retrieving features of type [CoordSys] from Mount-Extrude Top Cycloidal-2
2025-07-01 18:09:30,328 INFO  ExportHelperExtension.cs: 1137 - Found 69 in Mount-Extrude Top Cycloidal-2
2025-07-01 18:09:30,328 INFO  ExportHelperExtension.cs: 1146 - Found 0 features of type [CoordSys] in Mount-Extrude Top Cycloidal-2
2025-07-01 18:09:30,329 INFO  ExportHelperExtension.cs: 1127 - Retrieving features of type [CoordSys] from 15-32-9 bearing holder-1
2025-07-01 18:09:30,329 INFO  ExportHelperExtension.cs: 1137 - Found 27 in 15-32-9 bearing holder-1
2025-07-01 18:09:30,329 INFO  ExportHelperExtension.cs: 1146 - Found 0 features of type [CoordSys] in 15-32-9 bearing holder-1
2025-07-01 18:09:30,330 INFO  ExportHelperExtension.cs: 1127 - Retrieving features of type [CoordSys] from motor mount and link L-2
2025-07-01 18:09:30,330 INFO  ExportHelperExtension.cs: 1137 - Found 68 in motor mount and link L-2
2025-07-01 18:09:30,331 INFO  ExportHelperExtension.cs: 1146 - Found 0 features of type [CoordSys] in motor mount and link L-2
2025-07-01 18:09:30,331 INFO  ExportHelperExtension.cs: 1127 - Retrieving features of type [CoordSys] from diff C section I part-2
2025-07-01 18:09:30,331 INFO  ExportHelperExtension.cs: 1137 - Found 43 in diff C section I part-2
2025-07-01 18:09:30,332 INFO  ExportHelperExtension.cs: 1146 - Found 0 features of type [CoordSys] in diff C section I part-2
2025-07-01 18:09:30,332 INFO  ExportHelperExtension.cs: 1127 - Retrieving features of type [CoordSys] from motor mount and link L-1
2025-07-01 18:09:30,332 INFO  ExportHelperExtension.cs: 1137 - Found 68 in motor mount and link L-1
2025-07-01 18:09:30,332 INFO  ExportHelperExtension.cs: 1146 - Found 0 features of type [CoordSys] in motor mount and link L-1
2025-07-01 18:09:30,333 INFO  ExportHelperExtension.cs: 1127 - Retrieving features of type [CoordSys] from diff C section-2
2025-07-01 18:09:30,333 INFO  ExportHelperExtension.cs: 1137 - Found 43 in diff C section-2
2025-07-01 18:09:30,333 INFO  ExportHelperExtension.cs: 1146 - Found 0 features of type [CoordSys] in diff C section-2
2025-07-01 18:09:30,333 INFO  ExportHelperExtension.cs: 1127 - Retrieving features of type [CoordSys] from Gripper YPR Connection-1
2025-07-01 18:09:30,333 INFO  ExportHelperExtension.cs: 1137 - Found 31 in Gripper YPR Connection-1
2025-07-01 18:09:30,335 INFO  ExportHelperExtension.cs: 1146 - Found 0 features of type [CoordSys] in Gripper YPR Connection-1
2025-07-01 18:09:30,335 INFO  ExportHelperExtension.cs: 1127 - Retrieving features of type [CoordSys] from gripper updated_51-1
2025-07-01 18:09:30,335 INFO  ExportHelperExtension.cs: 1137 - Found 23 in gripper updated_51-1
2025-07-01 18:09:30,336 INFO  ExportHelperExtension.cs: 1146 - Found 0 features of type [CoordSys] in gripper updated_51-1
2025-07-01 18:09:30,336 INFO  ExportHelperExtension.cs: 1127 - Retrieving features of type [CoordSys] from diff to gripper-2
2025-07-01 18:09:30,336 INFO  ExportHelperExtension.cs: 1137 - Found 29 in diff to gripper-2
2025-07-01 18:09:30,337 INFO  ExportHelperExtension.cs: 1146 - Found 0 features of type [CoordSys] in diff to gripper-2
2025-07-01 18:09:30,337 INFO  ExportHelperExtension.cs: 1127 - Retrieving features of type [RefAxis] from updated assem
2025-07-01 18:09:30,337 INFO  ExportHelperExtension.cs: 1137 - Found 123 in updated assem
2025-07-01 18:09:30,338 INFO  ExportHelperExtension.cs: 1146 - Found 4 features of type [RefAxis] in updated assem
2025-07-01 18:09:30,338 INFO  ExportHelperExtension.cs: 1149 - Proceeding through assembly components
2025-07-01 18:09:30,338 INFO  ExportHelperExtension.cs: 1161 - 22 components to check
2025-07-01 18:09:30,338 INFO  ExportHelperExtension.cs: 1127 - Retrieving features of type [RefAxis] from Casing no error-1
2025-07-01 18:09:30,339 INFO  ExportHelperExtension.cs: 1137 - Found 50 in Casing no error-1
2025-07-01 18:09:30,339 INFO  ExportHelperExtension.cs: 1146 - Found 0 features of type [RefAxis] in Casing no error-1
2025-07-01 18:09:30,339 INFO  ExportHelperExtension.cs: 1127 - Retrieving features of type [RefAxis] from casing mirrored-1
2025-07-01 18:09:30,340 INFO  ExportHelperExtension.cs: 1137 - Found 53 in casing mirrored-1
2025-07-01 18:09:30,340 INFO  ExportHelperExtension.cs: 1146 - Found 0 features of type [RefAxis] in casing mirrored-1
2025-07-01 18:09:30,340 INFO  ExportHelperExtension.cs: 1127 - Retrieving features of type [RefAxis] from 0.6m-1
2025-07-01 18:09:30,341 INFO  ExportHelperExtension.cs: 1137 - Found 25 in 0.6m-1
2025-07-01 18:09:30,341 INFO  ExportHelperExtension.cs: 1146 - Found 0 features of type [RefAxis] in 0.6m-1
2025-07-01 18:09:30,341 INFO  ExportHelperExtension.cs: 1127 - Retrieving features of type [RefAxis] from casing mirror mirorr mirrrrr-2
2025-07-01 18:09:30,342 INFO  ExportHelperExtension.cs: 1137 - Found 34 in casing mirror mirorr mirrrrr-2
2025-07-01 18:09:30,345 INFO  ExportHelperExtension.cs: 1146 - Found 0 features of type [RefAxis] in casing mirror mirorr mirrrrr-2
2025-07-01 18:09:30,345 INFO  ExportHelperExtension.cs: 1127 - Retrieving features of type [RefAxis] from Casing-2
2025-07-01 18:09:30,367 INFO  ExportHelperExtension.cs: 1137 - Found 44 in Casing-2
2025-07-01 18:09:30,368 INFO  ExportHelperExtension.cs: 1146 - Found 0 features of type [RefAxis] in Casing-2
2025-07-01 18:09:30,368 INFO  ExportHelperExtension.cs: 1127 - Retrieving features of type [RefAxis] from motor mount and link-1
2025-07-01 18:09:30,368 INFO  ExportHelperExtension.cs: 1137 - Found 46 in motor mount and link-1
2025-07-01 18:09:30,369 INFO  ExportHelperExtension.cs: 1146 - Found 0 features of type [RefAxis] in motor mount and link-1
2025-07-01 18:09:30,369 INFO  ExportHelperExtension.cs: 1127 - Retrieving features of type [RefAxis] from Mount for goofything-1
2025-07-01 18:09:30,369 INFO  ExportHelperExtension.cs: 1137 - Found 39 in Mount for goofything-1
2025-07-01 18:09:30,369 INFO  ExportHelperExtension.cs: 1146 - Found 0 features of type [RefAxis] in Mount for goofything-1
2025-07-01 18:09:30,370 INFO  ExportHelperExtension.cs: 1127 - Retrieving features of type [RefAxis] from diff C section-1
2025-07-01 18:09:30,370 INFO  ExportHelperExtension.cs: 1137 - Found 43 in diff C section-1
2025-07-01 18:09:30,370 INFO  ExportHelperExtension.cs: 1146 - Found 0 features of type [RefAxis] in diff C section-1
2025-07-01 18:09:30,371 INFO  ExportHelperExtension.cs: 1127 - Retrieving features of type [RefAxis] from link for support-1
2025-07-01 18:09:30,371 INFO  ExportHelperExtension.cs: 1137 - Found 46 in link for support-1
2025-07-01 18:09:30,371 INFO  ExportHelperExtension.cs: 1146 - Found 0 features of type [RefAxis] in link for support-1
2025-07-01 18:09:30,372 INFO  ExportHelperExtension.cs: 1127 - Retrieving features of type [RefAxis] from Mount-Extrude Top Cycloidal-1
2025-07-01 18:09:30,372 INFO  ExportHelperExtension.cs: 1137 - Found 69 in Mount-Extrude Top Cycloidal-1
2025-07-01 18:09:30,373 INFO  ExportHelperExtension.cs: 1146 - Found 0 features of type [RefAxis] in Mount-Extrude Top Cycloidal-1
2025-07-01 18:09:30,373 INFO  ExportHelperExtension.cs: 1127 - Retrieving features of type [RefAxis] from 04m-1
2025-07-01 18:09:30,373 INFO  ExportHelperExtension.cs: 1137 - Found 25 in 04m-1
2025-07-01 18:09:30,374 INFO  ExportHelperExtension.cs: 1146 - Found 0 features of type [RefAxis] in 04m-1
2025-07-01 18:09:30,374 INFO  ExportHelperExtension.cs: 1127 - Retrieving features of type [RefAxis] from diff C section I part-1
2025-07-01 18:09:30,374 INFO  ExportHelperExtension.cs: 1137 - Found 43 in diff C section I part-1
2025-07-01 18:09:30,375 INFO  ExportHelperExtension.cs: 1146 - Found 0 features of type [RefAxis] in diff C section I part-1
2025-07-01 18:09:30,375 INFO  ExportHelperExtension.cs: 1127 - Retrieving features of type [RefAxis] from mount goofed muirror-1
2025-07-01 18:09:30,375 INFO  ExportHelperExtension.cs: 1137 - Found 34 in mount goofed muirror-1
2025-07-01 18:09:30,375 INFO  ExportHelperExtension.cs: 1146 - Found 0 features of type [RefAxis] in mount goofed muirror-1
2025-07-01 18:09:30,376 INFO  ExportHelperExtension.cs: 1127 - Retrieving features of type [RefAxis] from Mount-Extrude Top Cycloidal-2
2025-07-01 18:09:30,376 INFO  ExportHelperExtension.cs: 1137 - Found 69 in Mount-Extrude Top Cycloidal-2
2025-07-01 18:09:30,376 INFO  ExportHelperExtension.cs: 1146 - Found 0 features of type [RefAxis] in Mount-Extrude Top Cycloidal-2
2025-07-01 18:09:30,377 INFO  ExportHelperExtension.cs: 1127 - Retrieving features of type [RefAxis] from 15-32-9 bearing holder-1
2025-07-01 18:09:30,377 INFO  ExportHelperExtension.cs: 1137 - Found 27 in 15-32-9 bearing holder-1
2025-07-01 18:09:30,377 INFO  ExportHelperExtension.cs: 1146 - Found 0 features of type [RefAxis] in 15-32-9 bearing holder-1
2025-07-01 18:09:30,377 INFO  ExportHelperExtension.cs: 1127 - Retrieving features of type [RefAxis] from motor mount and link L-2
2025-07-01 18:09:30,378 INFO  ExportHelperExtension.cs: 1137 - Found 68 in motor mount and link L-2
2025-07-01 18:09:30,378 INFO  ExportHelperExtension.cs: 1146 - Found 0 features of type [RefAxis] in motor mount and link L-2
2025-07-01 18:09:30,379 INFO  ExportHelperExtension.cs: 1127 - Retrieving features of type [RefAxis] from diff C section I part-2
2025-07-01 18:09:30,379 INFO  ExportHelperExtension.cs: 1137 - Found 43 in diff C section I part-2
2025-07-01 18:09:30,379 INFO  ExportHelperExtension.cs: 1146 - Found 0 features of type [RefAxis] in diff C section I part-2
2025-07-01 18:09:30,379 INFO  ExportHelperExtension.cs: 1127 - Retrieving features of type [RefAxis] from motor mount and link L-1
2025-07-01 18:09:30,380 INFO  ExportHelperExtension.cs: 1137 - Found 68 in motor mount and link L-1
2025-07-01 18:09:30,380 INFO  ExportHelperExtension.cs: 1146 - Found 0 features of type [RefAxis] in motor mount and link L-1
2025-07-01 18:09:30,380 INFO  ExportHelperExtension.cs: 1127 - Retrieving features of type [RefAxis] from diff C section-2
2025-07-01 18:09:30,381 INFO  ExportHelperExtension.cs: 1137 - Found 43 in diff C section-2
2025-07-01 18:09:30,381 INFO  ExportHelperExtension.cs: 1146 - Found 0 features of type [RefAxis] in diff C section-2
2025-07-01 18:09:30,381 INFO  ExportHelperExtension.cs: 1127 - Retrieving features of type [RefAxis] from Gripper YPR Connection-1
2025-07-01 18:09:30,381 INFO  ExportHelperExtension.cs: 1137 - Found 31 in Gripper YPR Connection-1
2025-07-01 18:09:30,381 INFO  ExportHelperExtension.cs: 1146 - Found 0 features of type [RefAxis] in Gripper YPR Connection-1
2025-07-01 18:09:30,382 INFO  ExportHelperExtension.cs: 1127 - Retrieving features of type [RefAxis] from gripper updated_51-1
2025-07-01 18:09:30,382 INFO  ExportHelperExtension.cs: 1137 - Found 23 in gripper updated_51-1
2025-07-01 18:09:30,382 INFO  ExportHelperExtension.cs: 1146 - Found 0 features of type [RefAxis] in gripper updated_51-1
2025-07-01 18:09:30,384 INFO  ExportHelperExtension.cs: 1127 - Retrieving features of type [RefAxis] from diff to gripper-2
2025-07-01 18:09:30,384 INFO  ExportHelperExtension.cs: 1137 - Found 29 in diff to gripper-2
2025-07-01 18:09:30,384 INFO  ExportHelperExtension.cs: 1146 - Found 0 features of type [RefAxis] in diff to gripper-2
2025-07-01 18:09:30,438 INFO  ?: ? - AfterClose called. This method no longer throws an Exception. It just silently does nothing. Ok, except for this logging message
2025-07-01 18:09:37,931 INFO  ConfigurationSerialization.cs: 278 - URDF Configuration found
<Link z:Id="i1" xmlns="http://schemas.datacontract.org/2004/07/SW2URDF" xmlns:i="http://www.w3.org/2001/XMLSchema-instance" xmlns:z="http://schemas.microsoft.com/2003/10/Serialization/"><Attributes><Attribute z:Id="i2"><AttributeType>name</AttributeType><IsRequired>true</IsRequired><Value i:type="a:string" xmlns:a="http://www.w3.org/2001/XMLSchema">base_link</Value></Attribute></Attributes><ChildElements><URDFElement z:Id="i3" i:type="Inertial"><Attributes/><ChildElements><URDFElement z:Id="i4" i:type="Origin"><Attributes><Attribute z:Id="i5"><AttributeType>xyz</AttributeType><IsRequired>true</IsRequired><Value i:type="a:ArrayOfdouble" xmlns:a="http://schemas.microsoft.com/2003/10/Serialization/Arrays"><a:double>0</a:double><a:double>0</a:double><a:double>0</a:double></Value></Attribute><Attribute z:Id="i6"><AttributeType>rpy</AttributeType><IsRequired>true</IsRequired><Value i:type="a:ArrayOfdouble" xmlns:a="http://schemas.microsoft.com/2003/10/Serialization/Arrays"><a:double>0</a:double><a:double>0</a:double><a:double>0</a:double></Value></Attribute></Attributes><ChildElements/><ElementName>origin</ElementName><required>false</required><RPYAttribute z:Ref="i6"/><XYZAttribute z:Ref="i5"/><isCustomized>false</isCustomized></URDFElement><URDFElement z:Id="i7" i:type="Mass"><Attributes><Attribute z:Id="i8"><AttributeType>value</AttributeType><IsRequired>true</IsRequired><Value i:type="a:double" xmlns:a="http://www.w3.org/2001/XMLSchema">0</Value></Attribute></Attributes><ChildElements/><ElementName>mass</ElementName><required>false</required><ValueAttribute z:Ref="i8"/></URDFElement><URDFElement z:Id="i9" i:type="Inertia"><Attributes><Attribute z:Id="i10"><AttributeType>ixx</AttributeType><IsRequired>true</IsRequired><Value i:type="a:double" xmlns:a="http://www.w3.org/2001/XMLSchema">0</Value></Attribute><Attribute z:Id="i11"><AttributeType>ixy</AttributeType><IsRequired>true</IsRequired><Value i:type="a:double" xmlns:a="http://www.w3.org/2001/XMLSchema">0</Value></Attribute><Attribute z:Id="i12"><AttributeType>ixz</AttributeType><IsRequired>true</IsRequired><Value i:type="a:double" xmlns:a="http://www.w3.org/2001/XMLSchema">0</Value></Attribute><Attribute z:Id="i13"><AttributeType>iyy</AttributeType><IsRequired>true</IsRequired><Value i:type="a:double" xmlns:a="http://www.w3.org/2001/XMLSchema">0</Value></Attribute><Attribute z:Id="i14"><AttributeType>iyz</AttributeType><IsRequired>true</IsRequired><Value i:type="a:double" xmlns:a="http://www.w3.org/2001/XMLSchema">0</Value></Attribute><Attribute z:Id="i15"><AttributeType>izz</AttributeType><IsRequired>true</IsRequired><Value i:type="a:double" xmlns:a="http://www.w3.org/2001/XMLSchema">0</Value></Attribute></Attributes><ChildElements/><ElementName>inertia</ElementName><required>false</required><IxxAttribute z:Ref="i10"/><IxyAttribute z:Ref="i11"/><IxzAttribute z:Ref="i12"/><IyyAttribute z:Ref="i13"/><IyzAttribute z:Ref="i14"/><IzzAttribute z:Ref="i15"/></URDFElement></ChildElements><ElementName>inertial</ElementName><required>false</required><Inertia z:Ref="i9"/><Mass z:Ref="i7"/><Origin z:Ref="i4"/></URDFElement><URDFElement z:Id="i16" i:type="Visual"><Attributes/><ChildElements><URDFElement z:Id="i17" i:type="Origin"><Attributes><Attribute z:Id="i18"><AttributeType>xyz</AttributeType><IsRequired>true</IsRequired><Value i:type="a:ArrayOfdouble" xmlns:a="http://schemas.microsoft.com/2003/10/Serialization/Arrays"><a:double>0</a:double><a:double>0</a:double><a:double>0</a:double></Value></Attribute><Attribute z:Id="i19"><AttributeType>rpy</AttributeType><IsRequired>true</IsRequired><Value i:type="a:ArrayOfdouble" xmlns:a="http://schemas.microsoft.com/2003/10/Serialization/Arrays"><a:double>0</a:double><a:double>0</a:double><a:double>0</a:double></Value></Attribute></Attributes><ChildElements/><ElementName>origin</ElementName><required>false</required><RPYAttribute z:Ref="i19"/><XYZAttribute z:Ref="i18"/><isCustomized>false</isCustomized></URDFElement><URDFElement z:Id="i20" i:type="Geometry"><Attributes/><ChildElements><URDFElement z:Id="i21" i:type="Mesh"><Attributes><Attribute z:Id="i22"><AttributeType>filename</AttributeType><IsRequired>true</IsRequired><Value i:nil="true"/></Attribute></Attributes><ChildElements/><ElementName>mesh</ElementName><required>false</required><FilenameAttribute z:Ref="i22"/></URDFElement></ChildElements><ElementName>geometry</ElementName><required>true</required><Mesh z:Ref="i21"/></URDFElement><URDFElement z:Id="i23" i:type="Material"><Attributes><Attribute z:Id="i24"><AttributeType>name</AttributeType><IsRequired>true</IsRequired><Value i:type="a:string" xmlns:a="http://www.w3.org/2001/XMLSchema"/></Attribute></Attributes><ChildElements><URDFElement z:Id="i25" i:type="Color"><Attributes><Attribute z:Id="i26"><AttributeType>rgba</AttributeType><IsRequired>true</IsRequired><Value i:type="a:ArrayOfdouble" xmlns:a="http://schemas.microsoft.com/2003/10/Serialization/Arrays"><a:double>1</a:double><a:double>1</a:double><a:double>1</a:double><a:double>1</a:double></Value></Attribute></Attributes><ChildElements/><ElementName>color</ElementName><required>false</required><RGBAAttribute z:Ref="i26"/></URDFElement><URDFElement z:Id="i27" i:type="Texture"><Attributes><Attribute z:Id="i28"><AttributeType>filename</AttributeType><IsRequired>true</IsRequired><Value i:nil="true"/></Attribute></Attributes><ChildElements/><ElementName>texture</ElementName><required>false</required><FilenameAttribute z:Ref="i28"/><wFilename/></URDFElement></ChildElements><ElementName>material</ElementName><required>false</required><Color z:Ref="i25"/><NameAttribute z:Ref="i24"/><Texture z:Ref="i27"/></URDFElement></ChildElements><ElementName>visual</ElementName><required>false</required><Geometry z:Ref="i20"/><Material z:Ref="i23"/><Origin z:Ref="i17"/></URDFElement><URDFElement z:Id="i29" i:type="Collision"><Attributes/><ChildElements><URDFElement z:Id="i30" i:type="Origin"><Attributes><Attribute z:Id="i31"><AttributeType>xyz</AttributeType><IsRequired>true</IsRequired><Value i:type="a:ArrayOfdouble" xmlns:a="http://schemas.microsoft.com/2003/10/Serialization/Arrays"><a:double>0</a:double><a:double>0</a:double><a:double>0</a:double></Value></Attribute><Attribute z:Id="i32"><AttributeType>rpy</AttributeType><IsRequired>true</IsRequired><Value i:type="a:ArrayOfdouble" xmlns:a="http://schemas.microsoft.com/2003/10/Serialization/Arrays"><a:double>0</a:double><a:double>0</a:double><a:double>0</a:double></Value></Attribute></Attributes><ChildElements/><ElementName>origin</ElementName><required>false</required><RPYAttribute z:Ref="i32"/><XYZAttribute z:Ref="i31"/><isCustomized>false</isCustomized></URDFElement><URDFElement z:Id="i33" i:type="Geometry"><Attributes/><ChildElements><URDFElement z:Id="i34" i:type="Mesh"><Attributes><Attribute z:Id="i35"><AttributeType>filename</AttributeType><IsRequired>true</IsRequired><Value i:nil="true"/></Attribute></Attributes><ChildElements/><ElementName>mesh</ElementName><required>false</required><FilenameAttribute z:Ref="i35"/></URDFElement></ChildElements><ElementName>geometry</ElementName><required>true</required><Mesh z:Ref="i34"/></URDFElement></ChildElements><ElementName>collision</ElementName><required>false</required><Geometry z:Ref="i33"/><Origin z:Ref="i30"/></URDFElement><URDFElement z:Id="i36" i:type="Joint"><Attributes><Attribute z:Id="i37"><AttributeType>name</AttributeType><IsRequired>true</IsRequired><Value i:type="a:string" xmlns:a="http://www.w3.org/2001/XMLSchema"/></Attribute><Attribute z:Id="i38"><AttributeType>type</AttributeType><IsRequired>true</IsRequired><Value i:type="a:string" xmlns:a="http://www.w3.org/2001/XMLSchema"/></Attribute></Attributes><ChildElements><URDFElement z:Id="i39" i:type="Origin"><Attributes><Attribute z:Id="i40"><AttributeType>xyz</AttributeType><IsRequired>true</IsRequired><Value i:type="a:ArrayOfdouble" xmlns:a="http://schemas.microsoft.com/2003/10/Serialization/Arrays"><a:double>0</a:double><a:double>0</a:double><a:double>0</a:double></Value></Attribute><Attribute z:Id="i41"><AttributeType>rpy</AttributeType><IsRequired>true</IsRequired><Value i:type="a:ArrayOfdouble" xmlns:a="http://schemas.microsoft.com/2003/10/Serialization/Arrays"><a:double>0</a:double><a:double>0</a:double><a:double>0</a:double></Value></Attribute></Attributes><ChildElements/><ElementName>origin</ElementName><required>false</required><RPYAttribute z:Ref="i41"/><XYZAttribute z:Ref="i40"/><isCustomized>false</isCustomized></URDFElement><URDFElement z:Id="i42" i:type="ParentLink"><Attributes><Attribute z:Id="i43"><AttributeType>link</AttributeType><IsRequired>true</IsRequired><Value i:type="a:string" xmlns:a="http://www.w3.org/2001/XMLSchema"/></Attribute></Attributes><ChildElements/><ElementName>parent</ElementName><required>true</required><NameAttribute z:Ref="i43"/></URDFElement><URDFElement z:Id="i44" i:type="ChildLink"><Attributes><Attribute z:Id="i45"><AttributeType>link</AttributeType><IsRequired>true</IsRequired><Value i:type="a:string" xmlns:a="http://www.w3.org/2001/XMLSchema"/></Attribute></Attributes><ChildElements/><ElementName>child</ElementName><required>true</required><NameAttribute z:Ref="i45"/></URDFElement><URDFElement z:Id="i46" i:type="Axis"><Attributes><Attribute z:Id="i47"><AttributeType>xyz</AttributeType><IsRequired>true</IsRequired><Value i:type="a:ArrayOfdouble" xmlns:a="http://schemas.microsoft.com/2003/10/Serialization/Arrays"><a:double>0</a:double><a:double>0</a:double><a:double>0</a:double></Value></Attribute></Attributes><ChildElements/><ElementName>axis</ElementName><required>false</required><XYZAttribute z:Ref="i47"/></URDFElement><URDFElement z:Id="i48" i:type="Limit"><Attributes><Attribute z:Id="i49"><AttributeType>lower</AttributeType><IsRequired>false</IsRequired><Value i:nil="true"/></Attribute><Attribute z:Id="i50"><AttributeType>upper</AttributeType><IsRequired>false</IsRequired><Value i:nil="true"/></Attribute><Attribute z:Id="i51"><AttributeType>effort</AttributeType><IsRequired>true</IsRequired><Value i:nil="true"/></Attribute><Attribute z:Id="i52"><AttributeType>velocity</AttributeType><IsRequired>true</IsRequired><Value i:nil="true"/></Attribute></Attributes><ChildElements/><ElementName>limit</ElementName><required>false</required><EffortAttribute z:Ref="i51"/><LowerAttribute z:Ref="i49"/><UpperAttribute z:Ref="i50"/><VelocityAttribute z:Ref="i52"/></URDFElement><URDFElement z:Id="i53" i:type="Calibration"><Attributes><Attribute z:Id="i54"><AttributeType>rising</AttributeType><IsRequired>false</IsRequired><Value i:nil="true"/></Attribute><Attribute z:Id="i55"><AttributeType>falling</AttributeType><IsRequired>false</IsRequired><Value i:nil="true"/></Attribute></Attributes><ChildElements/><ElementName>calibration</ElementName><required>false</required><FallingAttribute z:Ref="i55"/><RisingAttribute z:Ref="i54"/></URDFElement><URDFElement z:Id="i56" i:type="Dynamics"><Attributes><Attribute z:Id="i57"><AttributeType>damping</AttributeType><IsRequired>false</IsRequired><Value i:nil="true"/></Attribute><Attribute z:Id="i58"><AttributeType>friction</AttributeType><IsRequired>false</IsRequired><Value i:nil="true"/></Attribute></Attributes><ChildElements/><ElementName>dynamics</ElementName><required>false</required><DampingAttribute z:Ref="i57"/><FrictionAttribute z:Ref="i58"/></URDFElement><URDFElement z:Id="i59" i:type="SafetyController"><Attributes><Attribute z:Id="i60"><AttributeType>soft_upper_limit</AttributeType><IsRequired>false</IsRequired><Value i:nil="true"/></Attribute><Attribute z:Id="i61"><AttributeType>soft_lower_limit</AttributeType><IsRequired>false</IsRequired><Value i:nil="true"/></Attribute><Attribute z:Id="i62"><AttributeType>k_position</AttributeType><IsRequired>false</IsRequired><Value i:nil="true"/></Attribute><Attribute z:Id="i63"><AttributeType>k_velocity</AttributeType><IsRequired>true</IsRequired><Value i:nil="true"/></Attribute></Attributes><ChildElements/><ElementName>safety_controller</ElementName><required>false</required><KPositionAttribute z:Ref="i62"/><KVelocityAttribute z:Ref="i63"/><SoftLowerAttribute z:Ref="i61"/><SoftUpperAttribute z:Ref="i60"/></URDFElement><URDFElement z:Id="i64" i:type="Mimic"><Attributes><Attribute z:Id="i65"><AttributeType>joint</AttributeType><IsRequired>true</IsRequired><Value i:nil="true"/></Attribute><Attribute z:Id="i66"><AttributeType>multiplier</AttributeType><IsRequired>false</IsRequired><Value i:nil="true"/></Attribute><Attribute z:Id="i67"><AttributeType>offset</AttributeType><IsRequired>false</IsRequired><Value i:nil="true"/></Attribute></Attributes><ChildElements/><ElementName>mimic</ElementName><required>false</required><JointNameAttribute z:Ref="i65"/><MultiplierAttribute z:Ref="i66"/><OffsetAttribute z:Ref="i67"/></URDFElement></ChildElements><ElementName>joint</ElementName><required>false</required><Axis z:Ref="i46"/><AxisName/><Calibration z:Ref="i53"/><Child z:Ref="i44"/><CoordinateSystemName>Coordinate System1</CoordinateSystemName><Dynamics z:Ref="i56"/><Limit z:Ref="i48"/><Mimic z:Ref="i64"/><NameAttribute z:Ref="i37"/><Origin z:Ref="i39"/><Parent z:Ref="i42"/><Safety z:Ref="i59"/><TypeAttribute z:Ref="i38"/></URDFElement></ChildElements><ElementName>link</ElementName><required>true</required><Children><Link z:Id="i68"><Attributes><Attribute z:Id="i69"><AttributeType>name</AttributeType><IsRequired>true</IsRequired><Value i:type="a:string" xmlns:a="http://www.w3.org/2001/XMLSchema">dof1</Value></Attribute></Attributes><ChildElements><URDFElement z:Id="i70" i:type="Inertial"><Attributes/><ChildElements><URDFElement z:Id="i71" i:type="Origin"><Attributes><Attribute z:Id="i72"><AttributeType>xyz</AttributeType><IsRequired>true</IsRequired><Value i:type="a:ArrayOfdouble" xmlns:a="http://schemas.microsoft.com/2003/10/Serialization/Arrays"><a:double>0</a:double><a:double>0</a:double><a:double>0</a:double></Value></Attribute><Attribute z:Id="i73"><AttributeType>rpy</AttributeType><IsRequired>true</IsRequired><Value i:type="a:ArrayOfdouble" xmlns:a="http://schemas.microsoft.com/2003/10/Serialization/Arrays"><a:double>0</a:double><a:double>0</a:double><a:double>0</a:double></Value></Attribute></Attributes><ChildElements/><ElementName>origin</ElementName><required>false</required><RPYAttribute z:Ref="i73"/><XYZAttribute z:Ref="i72"/><isCustomized>false</isCustomized></URDFElement><URDFElement z:Id="i74" i:type="Mass"><Attributes><Attribute z:Id="i75"><AttributeType>value</AttributeType><IsRequired>true</IsRequired><Value i:type="a:double" xmlns:a="http://www.w3.org/2001/XMLSchema">0</Value></Attribute></Attributes><ChildElements/><ElementName>mass</ElementName><required>false</required><ValueAttribute z:Ref="i75"/></URDFElement><URDFElement z:Id="i76" i:type="Inertia"><Attributes><Attribute z:Id="i77"><AttributeType>ixx</AttributeType><IsRequired>true</IsRequired><Value i:type="a:double" xmlns:a="http://www.w3.org/2001/XMLSchema">0</Value></Attribute><Attribute z:Id="i78"><AttributeType>ixy</AttributeType><IsRequired>true</IsRequired><Value i:type="a:double" xmlns:a="http://www.w3.org/2001/XMLSchema">0</Value></Attribute><Attribute z:Id="i79"><AttributeType>ixz</AttributeType><IsRequired>true</IsRequired><Value i:type="a:double" xmlns:a="http://www.w3.org/2001/XMLSchema">0</Value></Attribute><Attribute z:Id="i80"><AttributeType>iyy</AttributeType><IsRequired>true</IsRequired><Value i:type="a:double" xmlns:a="http://www.w3.org/2001/XMLSchema">0</Value></Attribute><Attribute z:Id="i81"><AttributeType>iyz</AttributeType><IsRequired>true</IsRequired><Value i:type="a:double" xmlns:a="http://www.w3.org/2001/XMLSchema">0</Value></Attribute><Attribute z:Id="i82"><AttributeType>izz</AttributeType><IsRequired>true</IsRequired><Value i:type="a:double" xmlns:a="http://www.w3.org/2001/XMLSchema">0</Value></Attribute></Attributes><ChildElements/><ElementName>inertia</ElementName><required>false</required><IxxAttribute z:Ref="i77"/><IxyAttribute z:Ref="i78"/><IxzAttribute z:Ref="i79"/><IyyAttribute z:Ref="i80"/><IyzAttribute z:Ref="i81"/><IzzAttribute z:Ref="i82"/></URDFElement></ChildElements><ElementName>inertial</ElementName><required>false</required><Inertia z:Ref="i76"/><Mass z:Ref="i74"/><Origin z:Ref="i71"/></URDFElement><URDFElement z:Id="i83" i:type="Visual"><Attributes/><ChildElements><URDFElement z:Id="i84" i:type="Origin"><Attributes><Attribute z:Id="i85"><AttributeType>xyz</AttributeType><IsRequired>true</IsRequired><Value i:type="a:ArrayOfdouble" xmlns:a="http://schemas.microsoft.com/2003/10/Serialization/Arrays"><a:double>0</a:double><a:double>0</a:double><a:double>0</a:double></Value></Attribute><Attribute z:Id="i86"><AttributeType>rpy</AttributeType><IsRequired>true</IsRequired><Value i:type="a:ArrayOfdouble" xmlns:a="http://schemas.microsoft.com/2003/10/Serialization/Arrays"><a:double>0</a:double><a:double>0</a:double><a:double>0</a:double></Value></Attribute></Attributes><ChildElements/><ElementName>origin</ElementName><required>false</required><RPYAttribute z:Ref="i86"/><XYZAttribute z:Ref="i85"/><isCustomized>false</isCustomized></URDFElement><URDFElement z:Id="i87" i:type="Geometry"><Attributes/><ChildElements><URDFElement z:Id="i88" i:type="Mesh"><Attributes><Attribute z:Id="i89"><AttributeType>filename</AttributeType><IsRequired>true</IsRequired><Value i:nil="true"/></Attribute></Attributes><ChildElements/><ElementName>mesh</ElementName><required>false</required><FilenameAttribute z:Ref="i89"/></URDFElement></ChildElements><ElementName>geometry</ElementName><required>true</required><Mesh z:Ref="i88"/></URDFElement><URDFElement z:Id="i90" i:type="Material"><Attributes><Attribute z:Id="i91"><AttributeType>name</AttributeType><IsRequired>true</IsRequired><Value i:type="a:string" xmlns:a="http://www.w3.org/2001/XMLSchema"/></Attribute></Attributes><ChildElements><URDFElement z:Id="i92" i:type="Color"><Attributes><Attribute z:Id="i93"><AttributeType>rgba</AttributeType><IsRequired>true</IsRequired><Value i:type="a:ArrayOfdouble" xmlns:a="http://schemas.microsoft.com/2003/10/Serialization/Arrays"><a:double>1</a:double><a:double>1</a:double><a:double>1</a:double><a:double>1</a:double></Value></Attribute></Attributes><ChildElements/><ElementName>color</ElementName><required>false</required><RGBAAttribute z:Ref="i93"/></URDFElement><URDFElement z:Id="i94" i:type="Texture"><Attributes><Attribute z:Id="i95"><AttributeType>filename</AttributeType><IsRequired>true</IsRequired><Value i:nil="true"/></Attribute></Attributes><ChildElements/><ElementName>texture</ElementName><required>false</required><FilenameAttribute z:Ref="i95"/><wFilename/></URDFElement></ChildElements><ElementName>material</ElementName><required>false</required><Color z:Ref="i92"/><NameAttribute z:Ref="i91"/><Texture z:Ref="i94"/></URDFElement></ChildElements><ElementName>visual</ElementName><required>false</required><Geometry z:Ref="i87"/><Material z:Ref="i90"/><Origin z:Ref="i84"/></URDFElement><URDFElement z:Id="i96" i:type="Collision"><Attributes/><ChildElements><URDFElement z:Id="i97" i:type="Origin"><Attributes><Attribute z:Id="i98"><AttributeType>xyz</AttributeType><IsRequired>true</IsRequired><Value i:type="a:ArrayOfdouble" xmlns:a="http://schemas.microsoft.com/2003/10/Serialization/Arrays"><a:double>0</a:double><a:double>0</a:double><a:double>0</a:double></Value></Attribute><Attribute z:Id="i99"><AttributeType>rpy</AttributeType><IsRequired>true</IsRequired><Value i:type="a:ArrayOfdouble" xmlns:a="http://schemas.microsoft.com/2003/10/Serialization/Arrays"><a:double>0</a:double><a:double>0</a:double><a:double>0</a:double></Value></Attribute></Attributes><ChildElements/><ElementName>origin</ElementName><required>false</required><RPYAttribute z:Ref="i99"/><XYZAttribute z:Ref="i98"/><isCustomized>false</isCustomized></URDFElement><URDFElement z:Id="i100" i:type="Geometry"><Attributes/><ChildElements><URDFElement z:Id="i101" i:type="Mesh"><Attributes><Attribute z:Id="i102"><AttributeType>filename</AttributeType><IsRequired>true</IsRequired><Value i:nil="true"/></Attribute></Attributes><ChildElements/><ElementName>mesh</ElementName><required>false</required><FilenameAttribute z:Ref="i102"/></URDFElement></ChildElements><ElementName>geometry</ElementName><required>true</required><Mesh z:Ref="i101"/></URDFElement></ChildElements><ElementName>collision</ElementName><required>false</required><Geometry z:Ref="i100"/><Origin z:Ref="i97"/></URDFElement><URDFElement z:Id="i103" i:type="Joint"><Attributes><Attribute z:Id="i104"><AttributeType>name</AttributeType><IsRequired>true</IsRequired><Value i:type="a:string" xmlns:a="http://www.w3.org/2001/XMLSchema">dof1</Value></Attribute><Attribute z:Id="i105"><AttributeType>type</AttributeType><IsRequired>true</IsRequired><Value i:type="a:string" xmlns:a="http://www.w3.org/2001/XMLSchema">revolute</Value></Attribute></Attributes><ChildElements><URDFElement z:Id="i106" i:type="Origin"><Attributes><Attribute z:Id="i107"><AttributeType>xyz</AttributeType><IsRequired>true</IsRequired><Value i:type="a:ArrayOfdouble" xmlns:a="http://schemas.microsoft.com/2003/10/Serialization/Arrays"><a:double>0</a:double><a:double>0</a:double><a:double>0</a:double></Value></Attribute><Attribute z:Id="i108"><AttributeType>rpy</AttributeType><IsRequired>true</IsRequired><Value i:type="a:ArrayOfdouble" xmlns:a="http://schemas.microsoft.com/2003/10/Serialization/Arrays"><a:double>0</a:double><a:double>0</a:double><a:double>0</a:double></Value></Attribute></Attributes><ChildElements/><ElementName>origin</ElementName><required>false</required><RPYAttribute z:Ref="i108"/><XYZAttribute z:Ref="i107"/><isCustomized>false</isCustomized></URDFElement><URDFElement z:Id="i109" i:type="ParentLink"><Attributes><Attribute z:Id="i110"><AttributeType>link</AttributeType><IsRequired>true</IsRequired><Value i:type="a:string" xmlns:a="http://www.w3.org/2001/XMLSchema"/></Attribute></Attributes><ChildElements/><ElementName>parent</ElementName><required>true</required><NameAttribute z:Ref="i110"/></URDFElement><URDFElement z:Id="i111" i:type="ChildLink"><Attributes><Attribute z:Id="i112"><AttributeType>link</AttributeType><IsRequired>true</IsRequired><Value i:type="a:string" xmlns:a="http://www.w3.org/2001/XMLSchema"/></Attribute></Attributes><ChildElements/><ElementName>child</ElementName><required>true</required><NameAttribute z:Ref="i112"/></URDFElement><URDFElement z:Id="i113" i:type="Axis"><Attributes><Attribute z:Id="i114"><AttributeType>xyz</AttributeType><IsRequired>true</IsRequired><Value i:type="a:ArrayOfdouble" xmlns:a="http://schemas.microsoft.com/2003/10/Serialization/Arrays"><a:double>0</a:double><a:double>0</a:double><a:double>0</a:double></Value></Attribute></Attributes><ChildElements/><ElementName>axis</ElementName><required>false</required><XYZAttribute z:Ref="i114"/></URDFElement><URDFElement z:Id="i115" i:type="Limit"><Attributes><Attribute z:Id="i116"><AttributeType>lower</AttributeType><IsRequired>true</IsRequired><Value i:nil="true"/></Attribute><Attribute z:Id="i117"><AttributeType>upper</AttributeType><IsRequired>true</IsRequired><Value i:nil="true"/></Attribute><Attribute z:Id="i118"><AttributeType>effort</AttributeType><IsRequired>true</IsRequired><Value i:nil="true"/></Attribute><Attribute z:Id="i119"><AttributeType>velocity</AttributeType><IsRequired>true</IsRequired><Value i:nil="true"/></Attribute></Attributes><ChildElements/><ElementName>limit</ElementName><required>true</required><EffortAttribute z:Ref="i118"/><LowerAttribute z:Ref="i116"/><UpperAttribute z:Ref="i117"/><VelocityAttribute z:Ref="i119"/></URDFElement><URDFElement z:Id="i120" i:type="Calibration"><Attributes><Attribute z:Id="i121"><AttributeType>rising</AttributeType><IsRequired>false</IsRequired><Value i:nil="true"/></Attribute><Attribute z:Id="i122"><AttributeType>falling</AttributeType><IsRequired>false</IsRequired><Value i:nil="true"/></Attribute></Attributes><ChildElements/><ElementName>calibration</ElementName><required>false</required><FallingAttribute z:Ref="i122"/><RisingAttribute z:Ref="i121"/></URDFElement><URDFElement z:Id="i123" i:type="Dynamics"><Attributes><Attribute z:Id="i124"><AttributeType>damping</AttributeType><IsRequired>false</IsRequired><Value i:nil="true"/></Attribute><Attribute z:Id="i125"><AttributeType>friction</AttributeType><IsRequired>false</IsRequired><Value i:nil="true"/></Attribute></Attributes><ChildElements/><ElementName>dynamics</ElementName><required>false</required><DampingAttribute z:Ref="i124"/><FrictionAttribute z:Ref="i125"/></URDFElement><URDFElement z:Id="i126" i:type="SafetyController"><Attributes><Attribute z:Id="i127"><AttributeType>soft_upper_limit</AttributeType><IsRequired>false</IsRequired><Value i:nil="true"/></Attribute><Attribute z:Id="i128"><AttributeType>soft_lower_limit</AttributeType><IsRequired>false</IsRequired><Value i:nil="true"/></Attribute><Attribute z:Id="i129"><AttributeType>k_position</AttributeType><IsRequired>false</IsRequired><Value i:nil="true"/></Attribute><Attribute z:Id="i130"><AttributeType>k_velocity</AttributeType><IsRequired>true</IsRequired><Value i:nil="true"/></Attribute></Attributes><ChildElements/><ElementName>safety_controller</ElementName><required>false</required><KPositionAttribute z:Ref="i129"/><KVelocityAttribute z:Ref="i130"/><SoftLowerAttribute z:Ref="i128"/><SoftUpperAttribute z:Ref="i127"/></URDFElement><URDFElement z:Id="i131" i:type="Mimic"><Attributes><Attribute z:Id="i132"><AttributeType>joint</AttributeType><IsRequired>true</IsRequired><Value i:nil="true"/></Attribute><Attribute z:Id="i133"><AttributeType>multiplier</AttributeType><IsRequired>false</IsRequired><Value i:nil="true"/></Attribute><Attribute z:Id="i134"><AttributeType>offset</AttributeType><IsRequired>false</IsRequired><Value i:nil="true"/></Attribute></Attributes><ChildElements/><ElementName>mimic</ElementName><required>false</required><JointNameAttribute z:Ref="i132"/><MultiplierAttribute z:Ref="i133"/><OffsetAttribute z:Ref="i134"/></URDFElement></ChildElements><ElementName>joint</ElementName><required>false</required><Axis z:Ref="i113"/><AxisName>Axis1</AxisName><Calibration z:Ref="i120"/><Child z:Ref="i111"/><CoordinateSystemName>Automatically Generate</CoordinateSystemName><Dynamics z:Ref="i123"/><Limit z:Ref="i115"/><Mimic z:Ref="i131"/><NameAttribute z:Ref="i104"/><Origin z:Ref="i106"/><Parent z:Ref="i109"/><Safety z:Ref="i126"/><TypeAttribute z:Ref="i105"/></URDFElement></ChildElements><ElementName>link</ElementName><required>true</required><Children><Link z:Id="i135"><Attributes><Attribute z:Id="i136"><AttributeType>name</AttributeType><IsRequired>true</IsRequired><Value i:type="a:string" xmlns:a="http://www.w3.org/2001/XMLSchema">dof2</Value></Attribute></Attributes><ChildElements><URDFElement z:Id="i137" i:type="Inertial"><Attributes/><ChildElements><URDFElement z:Id="i138" i:type="Origin"><Attributes><Attribute z:Id="i139"><AttributeType>xyz</AttributeType><IsRequired>true</IsRequired><Value i:type="a:ArrayOfdouble" xmlns:a="http://schemas.microsoft.com/2003/10/Serialization/Arrays"><a:double>0</a:double><a:double>0</a:double><a:double>0</a:double></Value></Attribute><Attribute z:Id="i140"><AttributeType>rpy</AttributeType><IsRequired>true</IsRequired><Value i:type="a:ArrayOfdouble" xmlns:a="http://schemas.microsoft.com/2003/10/Serialization/Arrays"><a:double>0</a:double><a:double>0</a:double><a:double>0</a:double></Value></Attribute></Attributes><ChildElements/><ElementName>origin</ElementName><required>false</required><RPYAttribute z:Ref="i140"/><XYZAttribute z:Ref="i139"/><isCustomized>false</isCustomized></URDFElement><URDFElement z:Id="i141" i:type="Mass"><Attributes><Attribute z:Id="i142"><AttributeType>value</AttributeType><IsRequired>true</IsRequired><Value i:type="a:double" xmlns:a="http://www.w3.org/2001/XMLSchema">0</Value></Attribute></Attributes><ChildElements/><ElementName>mass</ElementName><required>false</required><ValueAttribute z:Ref="i142"/></URDFElement><URDFElement z:Id="i143" i:type="Inertia"><Attributes><Attribute z:Id="i144"><AttributeType>ixx</AttributeType><IsRequired>true</IsRequired><Value i:type="a:double" xmlns:a="http://www.w3.org/2001/XMLSchema">0</Value></Attribute><Attribute z:Id="i145"><AttributeType>ixy</AttributeType><IsRequired>true</IsRequired><Value i:type="a:double" xmlns:a="http://www.w3.org/2001/XMLSchema">0</Value></Attribute><Attribute z:Id="i146"><AttributeType>ixz</AttributeType><IsRequired>true</IsRequired><Value i:type="a:double" xmlns:a="http://www.w3.org/2001/XMLSchema">0</Value></Attribute><Attribute z:Id="i147"><AttributeType>iyy</AttributeType><IsRequired>true</IsRequired><Value i:type="a:double" xmlns:a="http://www.w3.org/2001/XMLSchema">0</Value></Attribute><Attribute z:Id="i148"><AttributeType>iyz</AttributeType><IsRequired>true</IsRequired><Value i:type="a:double" xmlns:a="http://www.w3.org/2001/XMLSchema">0</Value></Attribute><Attribute z:Id="i149"><AttributeType>izz</AttributeType><IsRequired>true</IsRequired><Value i:type="a:double" xmlns:a="http://www.w3.org/2001/XMLSchema">0</Value></Attribute></Attributes><ChildElements/><ElementName>inertia</ElementName><required>false</required><IxxAttribute z:Ref="i144"/><IxyAttribute z:Ref="i145"/><IxzAttribute z:Ref="i146"/><IyyAttribute z:Ref="i147"/><IyzAttribute z:Ref="i148"/><IzzAttribute z:Ref="i149"/></URDFElement></ChildElements><ElementName>inertial</ElementName><required>false</required><Inertia z:Ref="i143"/><Mass z:Ref="i141"/><Origin z:Ref="i138"/></URDFElement><URDFElement z:Id="i150" i:type="Visual"><Attributes/><ChildElements><URDFElement z:Id="i151" i:type="Origin"><Attributes><Attribute z:Id="i152"><AttributeType>xyz</AttributeType><IsRequired>true</IsRequired><Value i:type="a:ArrayOfdouble" xmlns:a="http://schemas.microsoft.com/2003/10/Serialization/Arrays"><a:double>0</a:double><a:double>0</a:double><a:double>0</a:double></Value></Attribute><Attribute z:Id="i153"><AttributeType>rpy</AttributeType><IsRequired>true</IsRequired><Value i:type="a:ArrayOfdouble" xmlns:a="http://schemas.microsoft.com/2003/10/Serialization/Arrays"><a:double>0</a:double><a:double>0</a:double><a:double>0</a:double></Value></Attribute></Attributes><ChildElements/><ElementName>origin</ElementName><required>false</required><RPYAttribute z:Ref="i153"/><XYZAttribute z:Ref="i152"/><isCustomized>false</isCustomized></URDFElement><URDFElement z:Id="i154" i:type="Geometry"><Attributes/><ChildElements><URDFElement z:Id="i155" i:type="Mesh"><Attributes><Attribute z:Id="i156"><AttributeType>filename</AttributeType><IsRequired>true</IsRequired><Value i:nil="true"/></Attribute></Attributes><ChildElements/><ElementName>mesh</ElementName><required>false</required><FilenameAttribute z:Ref="i156"/></URDFElement></ChildElements><ElementName>geometry</ElementName><required>true</required><Mesh z:Ref="i155"/></URDFElement><URDFElement z:Id="i157" i:type="Material"><Attributes><Attribute z:Id="i158"><AttributeType>name</AttributeType><IsRequired>true</IsRequired><Value i:type="a:string" xmlns:a="http://www.w3.org/2001/XMLSchema"/></Attribute></Attributes><ChildElements><URDFElement z:Id="i159" i:type="Color"><Attributes><Attribute z:Id="i160"><AttributeType>rgba</AttributeType><IsRequired>true</IsRequired><Value i:type="a:ArrayOfdouble" xmlns:a="http://schemas.microsoft.com/2003/10/Serialization/Arrays"><a:double>1</a:double><a:double>1</a:double><a:double>1</a:double><a:double>1</a:double></Value></Attribute></Attributes><ChildElements/><ElementName>color</ElementName><required>false</required><RGBAAttribute z:Ref="i160"/></URDFElement><URDFElement z:Id="i161" i:type="Texture"><Attributes><Attribute z:Id="i162"><AttributeType>filename</AttributeType><IsRequired>true</IsRequired><Value i:nil="true"/></Attribute></Attributes><ChildElements/><ElementName>texture</ElementName><required>false</required><FilenameAttribute z:Ref="i162"/><wFilename/></URDFElement></ChildElements><ElementName>material</ElementName><required>false</required><Color z:Ref="i159"/><NameAttribute z:Ref="i158"/><Texture z:Ref="i161"/></URDFElement></ChildElements><ElementName>visual</ElementName><required>false</required><Geometry z:Ref="i154"/><Material z:Ref="i157"/><Origin z:Ref="i151"/></URDFElement><URDFElement z:Id="i163" i:type="Collision"><Attributes/><ChildElements><URDFElement z:Id="i164" i:type="Origin"><Attributes><Attribute z:Id="i165"><AttributeType>xyz</AttributeType><IsRequired>true</IsRequired><Value i:type="a:ArrayOfdouble" xmlns:a="http://schemas.microsoft.com/2003/10/Serialization/Arrays"><a:double>0</a:double><a:double>0</a:double><a:double>0</a:double></Value></Attribute><Attribute z:Id="i166"><AttributeType>rpy</AttributeType><IsRequired>true</IsRequired><Value i:type="a:ArrayOfdouble" xmlns:a="http://schemas.microsoft.com/2003/10/Serialization/Arrays"><a:double>0</a:double><a:double>0</a:double><a:double>0</a:double></Value></Attribute></Attributes><ChildElements/><ElementName>origin</ElementName><required>false</required><RPYAttribute z:Ref="i166"/><XYZAttribute z:Ref="i165"/><isCustomized>false</isCustomized></URDFElement><URDFElement z:Id="i167" i:type="Geometry"><Attributes/><ChildElements><URDFElement z:Id="i168" i:type="Mesh"><Attributes><Attribute z:Id="i169"><AttributeType>filename</AttributeType><IsRequired>true</IsRequired><Value i:nil="true"/></Attribute></Attributes><ChildElements/><ElementName>mesh</ElementName><required>false</required><FilenameAttribute z:Ref="i169"/></URDFElement></ChildElements><ElementName>geometry</ElementName><required>true</required><Mesh z:Ref="i168"/></URDFElement></ChildElements><ElementName>collision</ElementName><required>false</required><Geometry z:Ref="i167"/><Origin z:Ref="i164"/></URDFElement><URDFElement z:Id="i170" i:type="Joint"><Attributes><Attribute z:Id="i171"><AttributeType>name</AttributeType><IsRequired>true</IsRequired><Value i:type="a:string" xmlns:a="http://www.w3.org/2001/XMLSchema">dof2</Value></Attribute><Attribute z:Id="i172"><AttributeType>type</AttributeType><IsRequired>true</IsRequired><Value i:type="a:string" xmlns:a="http://www.w3.org/2001/XMLSchema">revolute</Value></Attribute></Attributes><ChildElements><URDFElement z:Id="i173" i:type="Origin"><Attributes><Attribute z:Id="i174"><AttributeType>xyz</AttributeType><IsRequired>true</IsRequired><Value i:type="a:ArrayOfdouble" xmlns:a="http://schemas.microsoft.com/2003/10/Serialization/Arrays"><a:double>0</a:double><a:double>0</a:double><a:double>0</a:double></Value></Attribute><Attribute z:Id="i175"><AttributeType>rpy</AttributeType><IsRequired>true</IsRequired><Value i:type="a:ArrayOfdouble" xmlns:a="http://schemas.microsoft.com/2003/10/Serialization/Arrays"><a:double>0</a:double><a:double>0</a:double><a:double>0</a:double></Value></Attribute></Attributes><ChildElements/><ElementName>origin</ElementName><required>false</required><RPYAttribute z:Ref="i175"/><XYZAttribute z:Ref="i174"/><isCustomized>false</isCustomized></URDFElement><URDFElement z:Id="i176" i:type="ParentLink"><Attributes><Attribute z:Id="i177"><AttributeType>link</AttributeType><IsRequired>true</IsRequired><Value i:type="a:string" xmlns:a="http://www.w3.org/2001/XMLSchema"/></Attribute></Attributes><ChildElements/><ElementName>parent</ElementName><required>true</required><NameAttribute z:Ref="i177"/></URDFElement><URDFElement z:Id="i178" i:type="ChildLink"><Attributes><Attribute z:Id="i179"><AttributeType>link</AttributeType><IsRequired>true</IsRequired><Value i:type="a:string" xmlns:a="http://www.w3.org/2001/XMLSchema"/></Attribute></Attributes><ChildElements/><ElementName>child</ElementName><required>true</required><NameAttribute z:Ref="i179"/></URDFElement><URDFElement z:Id="i180" i:type="Axis"><Attributes><Attribute z:Id="i181"><AttributeType>xyz</AttributeType><IsRequired>true</IsRequired><Value i:type="a:ArrayOfdouble" xmlns:a="http://schemas.microsoft.com/2003/10/Serialization/Arrays"><a:double>0</a:double><a:double>0</a:double><a:double>0</a:double></Value></Attribute></Attributes><ChildElements/><ElementName>axis</ElementName><required>false</required><XYZAttribute z:Ref="i181"/></URDFElement><URDFElement z:Id="i182" i:type="Limit"><Attributes><Attribute z:Id="i183"><AttributeType>lower</AttributeType><IsRequired>false</IsRequired><Value i:nil="true"/></Attribute><Attribute z:Id="i184"><AttributeType>upper</AttributeType><IsRequired>false</IsRequired><Value i:nil="true"/></Attribute><Attribute z:Id="i185"><AttributeType>effort</AttributeType><IsRequired>true</IsRequired><Value i:nil="true"/></Attribute><Attribute z:Id="i186"><AttributeType>velocity</AttributeType><IsRequired>true</IsRequired><Value i:nil="true"/></Attribute></Attributes><ChildElements/><ElementName>limit</ElementName><required>false</required><EffortAttribute z:Ref="i185"/><LowerAttribute z:Ref="i183"/><UpperAttribute z:Ref="i184"/><VelocityAttribute z:Ref="i186"/></URDFElement><URDFElement z:Id="i187" i:type="Calibration"><Attributes><Attribute z:Id="i188"><AttributeType>rising</AttributeType><IsRequired>false</IsRequired><Value i:nil="true"/></Attribute><Attribute z:Id="i189"><AttributeType>falling</AttributeType><IsRequired>false</IsRequired><Value i:nil="true"/></Attribute></Attributes><ChildElements/><ElementName>calibration</ElementName><required>false</required><FallingAttribute z:Ref="i189"/><RisingAttribute z:Ref="i188"/></URDFElement><URDFElement z:Id="i190" i:type="Dynamics"><Attributes><Attribute z:Id="i191"><AttributeType>damping</AttributeType><IsRequired>false</IsRequired><Value i:nil="true"/></Attribute><Attribute z:Id="i192"><AttributeType>friction</AttributeType><IsRequired>false</IsRequired><Value i:nil="true"/></Attribute></Attributes><ChildElements/><ElementName>dynamics</ElementName><required>false</required><DampingAttribute z:Ref="i191"/><FrictionAttribute z:Ref="i192"/></URDFElement><URDFElement z:Id="i193" i:type="SafetyController"><Attributes><Attribute z:Id="i194"><AttributeType>soft_upper_limit</AttributeType><IsRequired>false</IsRequired><Value i:nil="true"/></Attribute><Attribute z:Id="i195"><AttributeType>soft_lower_limit</AttributeType><IsRequired>false</IsRequired><Value i:nil="true"/></Attribute><Attribute z:Id="i196"><AttributeType>k_position</AttributeType><IsRequired>false</IsRequired><Value i:nil="true"/></Attribute><Attribute z:Id="i197"><AttributeType>k_velocity</AttributeType><IsRequired>true</IsRequired><Value i:nil="true"/></Attribute></Attributes><ChildElements/><ElementName>safety_controller</ElementName><required>false</required><KPositionAttribute z:Ref="i196"/><KVelocityAttribute z:Ref="i197"/><SoftLowerAttribute z:Ref="i195"/><SoftUpperAttribute z:Ref="i194"/></URDFElement><URDFElement z:Id="i198" i:type="Mimic"><Attributes><Attribute z:Id="i199"><AttributeType>joint</AttributeType><IsRequired>true</IsRequired><Value i:nil="true"/></Attribute><Attribute z:Id="i200"><AttributeType>multiplier</AttributeType><IsRequired>false</IsRequired><Value i:nil="true"/></Attribute><Attribute z:Id="i201"><AttributeType>offset</AttributeType><IsRequired>false</IsRequired><Value i:nil="true"/></Attribute></Attributes><ChildElements/><ElementName>mimic</ElementName><required>false</required><JointNameAttribute z:Ref="i199"/><MultiplierAttribute z:Ref="i200"/><OffsetAttribute z:Ref="i201"/></URDFElement></ChildElements><ElementName>joint</ElementName><required>false</required><Axis z:Ref="i180"/><AxisName>Axis2</AxisName><Calibration z:Ref="i187"/><Child z:Ref="i178"/><CoordinateSystemName>Automatically Generate</CoordinateSystemName><Dynamics z:Ref="i190"/><Limit z:Ref="i182"/><Mimic z:Ref="i198"/><NameAttribute z:Ref="i171"/><Origin z:Ref="i173"/><Parent z:Ref="i176"/><Safety z:Ref="i193"/><TypeAttribute z:Ref="i172"/></URDFElement></ChildElements><ElementName>link</ElementName><required>true</required><Children><Link z:Id="i202"><Attributes><Attribute z:Id="i203"><AttributeType>name</AttributeType><IsRequired>true</IsRequired><Value i:type="a:string" xmlns:a="http://www.w3.org/2001/XMLSchema">dof3</Value></Attribute></Attributes><ChildElements><URDFElement z:Id="i204" i:type="Inertial"><Attributes/><ChildElements><URDFElement z:Id="i205" i:type="Origin"><Attributes><Attribute z:Id="i206"><AttributeType>xyz</AttributeType><IsRequired>true</IsRequired><Value i:type="a:ArrayOfdouble" xmlns:a="http://schemas.microsoft.com/2003/10/Serialization/Arrays"><a:double>0</a:double><a:double>0</a:double><a:double>0</a:double></Value></Attribute><Attribute z:Id="i207"><AttributeType>rpy</AttributeType><IsRequired>true</IsRequired><Value i:type="a:ArrayOfdouble" xmlns:a="http://schemas.microsoft.com/2003/10/Serialization/Arrays"><a:double>0</a:double><a:double>0</a:double><a:double>0</a:double></Value></Attribute></Attributes><ChildElements/><ElementName>origin</ElementName><required>false</required><RPYAttribute z:Ref="i207"/><XYZAttribute z:Ref="i206"/><isCustomized>false</isCustomized></URDFElement><URDFElement z:Id="i208" i:type="Mass"><Attributes><Attribute z:Id="i209"><AttributeType>value</AttributeType><IsRequired>true</IsRequired><Value i:type="a:double" xmlns:a="http://www.w3.org/2001/XMLSchema">0</Value></Attribute></Attributes><ChildElements/><ElementName>mass</ElementName><required>false</required><ValueAttribute z:Ref="i209"/></URDFElement><URDFElement z:Id="i210" i:type="Inertia"><Attributes><Attribute z:Id="i211"><AttributeType>ixx</AttributeType><IsRequired>true</IsRequired><Value i:type="a:double" xmlns:a="http://www.w3.org/2001/XMLSchema">0</Value></Attribute><Attribute z:Id="i212"><AttributeType>ixy</AttributeType><IsRequired>true</IsRequired><Value i:type="a:double" xmlns:a="http://www.w3.org/2001/XMLSchema">0</Value></Attribute><Attribute z:Id="i213"><AttributeType>ixz</AttributeType><IsRequired>true</IsRequired><Value i:type="a:double" xmlns:a="http://www.w3.org/2001/XMLSchema">0</Value></Attribute><Attribute z:Id="i214"><AttributeType>iyy</AttributeType><IsRequired>true</IsRequired><Value i:type="a:double" xmlns:a="http://www.w3.org/2001/XMLSchema">0</Value></Attribute><Attribute z:Id="i215"><AttributeType>iyz</AttributeType><IsRequired>true</IsRequired><Value i:type="a:double" xmlns:a="http://www.w3.org/2001/XMLSchema">0</Value></Attribute><Attribute z:Id="i216"><AttributeType>izz</AttributeType><IsRequired>true</IsRequired><Value i:type="a:double" xmlns:a="http://www.w3.org/2001/XMLSchema">0</Value></Attribute></Attributes><ChildElements/><ElementName>inertia</ElementName><required>false</required><IxxAttribute z:Ref="i211"/><IxyAttribute z:Ref="i212"/><IxzAttribute z:Ref="i213"/><IyyAttribute z:Ref="i214"/><IyzAttribute z:Ref="i215"/><IzzAttribute z:Ref="i216"/></URDFElement></ChildElements><ElementName>inertial</ElementName><required>false</required><Inertia z:Ref="i210"/><Mass z:Ref="i208"/><Origin z:Ref="i205"/></URDFElement><URDFElement z:Id="i217" i:type="Visual"><Attributes/><ChildElements><URDFElement z:Id="i218" i:type="Origin"><Attributes><Attribute z:Id="i219"><AttributeType>xyz</AttributeType><IsRequired>true</IsRequired><Value i:type="a:ArrayOfdouble" xmlns:a="http://schemas.microsoft.com/2003/10/Serialization/Arrays"><a:double>0</a:double><a:double>0</a:double><a:double>0</a:double></Value></Attribute><Attribute z:Id="i220"><AttributeType>rpy</AttributeType><IsRequired>true</IsRequired><Value i:type="a:ArrayOfdouble" xmlns:a="http://schemas.microsoft.com/2003/10/Serialization/Arrays"><a:double>0</a:double><a:double>0</a:double><a:double>0</a:double></Value></Attribute></Attributes><ChildElements/><ElementName>origin</ElementName><required>false</required><RPYAttribute z:Ref="i220"/><XYZAttribute z:Ref="i219"/><isCustomized>false</isCustomized></URDFElement><URDFElement z:Id="i221" i:type="Geometry"><Attributes/><ChildElements><URDFElement z:Id="i222" i:type="Mesh"><Attributes><Attribute z:Id="i223"><AttributeType>filename</AttributeType><IsRequired>true</IsRequired><Value i:nil="true"/></Attribute></Attributes><ChildElements/><ElementName>mesh</ElementName><required>false</required><FilenameAttribute z:Ref="i223"/></URDFElement></ChildElements><ElementName>geometry</ElementName><required>true</required><Mesh z:Ref="i222"/></URDFElement><URDFElement z:Id="i224" i:type="Material"><Attributes><Attribute z:Id="i225"><AttributeType>name</AttributeType><IsRequired>true</IsRequired><Value i:type="a:string" xmlns:a="http://www.w3.org/2001/XMLSchema"/></Attribute></Attributes><ChildElements><URDFElement z:Id="i226" i:type="Color"><Attributes><Attribute z:Id="i227"><AttributeType>rgba</AttributeType><IsRequired>true</IsRequired><Value i:type="a:ArrayOfdouble" xmlns:a="http://schemas.microsoft.com/2003/10/Serialization/Arrays"><a:double>1</a:double><a:double>1</a:double><a:double>1</a:double><a:double>1</a:double></Value></Attribute></Attributes><ChildElements/><ElementName>color</ElementName><required>false</required><RGBAAttribute z:Ref="i227"/></URDFElement><URDFElement z:Id="i228" i:type="Texture"><Attributes><Attribute z:Id="i229"><AttributeType>filename</AttributeType><IsRequired>true</IsRequired><Value i:nil="true"/></Attribute></Attributes><ChildElements/><ElementName>texture</ElementName><required>false</required><FilenameAttribute z:Ref="i229"/><wFilename/></URDFElement></ChildElements><ElementName>material</ElementName><required>false</required><Color z:Ref="i226"/><NameAttribute z:Ref="i225"/><Texture z:Ref="i228"/></URDFElement></ChildElements><ElementName>visual</ElementName><required>false</required><Geometry z:Ref="i221"/><Material z:Ref="i224"/><Origin z:Ref="i218"/></URDFElement><URDFElement z:Id="i230" i:type="Collision"><Attributes/><ChildElements><URDFElement z:Id="i231" i:type="Origin"><Attributes><Attribute z:Id="i232"><AttributeType>xyz</AttributeType><IsRequired>true</IsRequired><Value i:type="a:ArrayOfdouble" xmlns:a="http://schemas.microsoft.com/2003/10/Serialization/Arrays"><a:double>0</a:double><a:double>0</a:double><a:double>0</a:double></Value></Attribute><Attribute z:Id="i233"><AttributeType>rpy</AttributeType><IsRequired>true</IsRequired><Value i:type="a:ArrayOfdouble" xmlns:a="http://schemas.microsoft.com/2003/10/Serialization/Arrays"><a:double>0</a:double><a:double>0</a:double><a:double>0</a:double></Value></Attribute></Attributes><ChildElements/><ElementName>origin</ElementName><required>false</required><RPYAttribute z:Ref="i233"/><XYZAttribute z:Ref="i232"/><isCustomized>false</isCustomized></URDFElement><URDFElement z:Id="i234" i:type="Geometry"><Attributes/><ChildElements><URDFElement z:Id="i235" i:type="Mesh"><Attributes><Attribute z:Id="i236"><AttributeType>filename</AttributeType><IsRequired>true</IsRequired><Value i:nil="true"/></Attribute></Attributes><ChildElements/><ElementName>mesh</ElementName><required>false</required><FilenameAttribute z:Ref="i236"/></URDFElement></ChildElements><ElementName>geometry</ElementName><required>true</required><Mesh z:Ref="i235"/></URDFElement></ChildElements><ElementName>collision</ElementName><required>false</required><Geometry z:Ref="i234"/><Origin z:Ref="i231"/></URDFElement><URDFElement z:Id="i237" i:type="Joint"><Attributes><Attribute z:Id="i238"><AttributeType>name</AttributeType><IsRequired>true</IsRequired><Value i:type="a:string" xmlns:a="http://www.w3.org/2001/XMLSchema">dof3</Value></Attribute><Attribute z:Id="i239"><AttributeType>type</AttributeType><IsRequired>true</IsRequired><Value i:type="a:string" xmlns:a="http://www.w3.org/2001/XMLSchema">revolute</Value></Attribute></Attributes><ChildElements><URDFElement z:Id="i240" i:type="Origin"><Attributes><Attribute z:Id="i241"><AttributeType>xyz</AttributeType><IsRequired>true</IsRequired><Value i:type="a:ArrayOfdouble" xmlns:a="http://schemas.microsoft.com/2003/10/Serialization/Arrays"><a:double>0</a:double><a:double>0</a:double><a:double>0</a:double></Value></Attribute><Attribute z:Id="i242"><AttributeType>rpy</AttributeType><IsRequired>true</IsRequired><Value i:type="a:ArrayOfdouble" xmlns:a="http://schemas.microsoft.com/2003/10/Serialization/Arrays"><a:double>0</a:double><a:double>0</a:double><a:double>0</a:double></Value></Attribute></Attributes><ChildElements/><ElementName>origin</ElementName><required>false</required><RPYAttribute z:Ref="i242"/><XYZAttribute z:Ref="i241"/><isCustomized>false</isCustomized></URDFElement><URDFElement z:Id="i243" i:type="ParentLink"><Attributes><Attribute z:Id="i244"><AttributeType>link</AttributeType><IsRequired>true</IsRequired><Value i:type="a:string" xmlns:a="http://www.w3.org/2001/XMLSchema"/></Attribute></Attributes><ChildElements/><ElementName>parent</ElementName><required>true</required><NameAttribute z:Ref="i244"/></URDFElement><URDFElement z:Id="i245" i:type="ChildLink"><Attributes><Attribute z:Id="i246"><AttributeType>link</AttributeType><IsRequired>true</IsRequired><Value i:type="a:string" xmlns:a="http://www.w3.org/2001/XMLSchema"/></Attribute></Attributes><ChildElements/><ElementName>child</ElementName><required>true</required><NameAttribute z:Ref="i246"/></URDFElement><URDFElement z:Id="i247" i:type="Axis"><Attributes><Attribute z:Id="i248"><AttributeType>xyz</AttributeType><IsRequired>true</IsRequired><Value i:type="a:ArrayOfdouble" xmlns:a="http://schemas.microsoft.com/2003/10/Serialization/Arrays"><a:double>0</a:double><a:double>0</a:double><a:double>0</a:double></Value></Attribute></Attributes><ChildElements/><ElementName>axis</ElementName><required>false</required><XYZAttribute z:Ref="i248"/></URDFElement><URDFElement z:Id="i249" i:type="Limit"><Attributes><Attribute z:Id="i250"><AttributeType>lower</AttributeType><IsRequired>false</IsRequired><Value i:nil="true"/></Attribute><Attribute z:Id="i251"><AttributeType>upper</AttributeType><IsRequired>false</IsRequired><Value i:nil="true"/></Attribute><Attribute z:Id="i252"><AttributeType>effort</AttributeType><IsRequired>true</IsRequired><Value i:nil="true"/></Attribute><Attribute z:Id="i253"><AttributeType>velocity</AttributeType><IsRequired>true</IsRequired><Value i:nil="true"/></Attribute></Attributes><ChildElements/><ElementName>limit</ElementName><required>false</required><EffortAttribute z:Ref="i252"/><LowerAttribute z:Ref="i250"/><UpperAttribute z:Ref="i251"/><VelocityAttribute z:Ref="i253"/></URDFElement><URDFElement z:Id="i254" i:type="Calibration"><Attributes><Attribute z:Id="i255"><AttributeType>rising</AttributeType><IsRequired>false</IsRequired><Value i:nil="true"/></Attribute><Attribute z:Id="i256"><AttributeType>falling</AttributeType><IsRequired>false</IsRequired><Value i:nil="true"/></Attribute></Attributes><ChildElements/><ElementName>calibration</ElementName><required>false</required><FallingAttribute z:Ref="i256"/><RisingAttribute z:Ref="i255"/></URDFElement><URDFElement z:Id="i257" i:type="Dynamics"><Attributes><Attribute z:Id="i258"><AttributeType>damping</AttributeType><IsRequired>false</IsRequired><Value i:nil="true"/></Attribute><Attribute z:Id="i259"><AttributeType>friction</AttributeType><IsRequired>false</IsRequired><Value i:nil="true"/></Attribute></Attributes><ChildElements/><ElementName>dynamics</ElementName><required>false</required><DampingAttribute z:Ref="i258"/><FrictionAttribute z:Ref="i259"/></URDFElement><URDFElement z:Id="i260" i:type="SafetyController"><Attributes><Attribute z:Id="i261"><AttributeType>soft_upper_limit</AttributeType><IsRequired>false</IsRequired><Value i:nil="true"/></Attribute><Attribute z:Id="i262"><AttributeType>soft_lower_limit</AttributeType><IsRequired>false</IsRequired><Value i:nil="true"/></Attribute><Attribute z:Id="i263"><AttributeType>k_position</AttributeType><IsRequired>false</IsRequired><Value i:nil="true"/></Attribute><Attribute z:Id="i264"><AttributeType>k_velocity</AttributeType><IsRequired>true</IsRequired><Value i:nil="true"/></Attribute></Attributes><ChildElements/><ElementName>safety_controller</ElementName><required>false</required><KPositionAttribute z:Ref="i263"/><KVelocityAttribute z:Ref="i264"/><SoftLowerAttribute z:Ref="i262"/><SoftUpperAttribute z:Ref="i261"/></URDFElement><URDFElement z:Id="i265" i:type="Mimic"><Attributes><Attribute z:Id="i266"><AttributeType>joint</AttributeType><IsRequired>true</IsRequired><Value i:nil="true"/></Attribute><Attribute z:Id="i267"><AttributeType>multiplier</AttributeType><IsRequired>false</IsRequired><Value i:nil="true"/></Attribute><Attribute z:Id="i268"><AttributeType>offset</AttributeType><IsRequired>false</IsRequired><Value i:nil="true"/></Attribute></Attributes><ChildElements/><ElementName>mimic</ElementName><required>false</required><JointNameAttribute z:Ref="i266"/><MultiplierAttribute z:Ref="i267"/><OffsetAttribute z:Ref="i268"/></URDFElement></ChildElements><ElementName>joint</ElementName><required>false</required><Axis z:Ref="i247"/><AxisName>Axis3</AxisName><Calibration z:Ref="i254"/><Child z:Ref="i245"/><CoordinateSystemName>Automatically Generate</CoordinateSystemName><Dynamics z:Ref="i257"/><Limit z:Ref="i249"/><Mimic z:Ref="i265"/><NameAttribute z:Ref="i238"/><Origin z:Ref="i240"/><Parent z:Ref="i243"/><Safety z:Ref="i260"/><TypeAttribute z:Ref="i239"/></URDFElement></ChildElements><ElementName>link</ElementName><required>true</required><Children><Link z:Id="i269"><Attributes><Attribute z:Id="i270"><AttributeType>name</AttributeType><IsRequired>true</IsRequired><Value i:type="a:string" xmlns:a="http://www.w3.org/2001/XMLSchema">dof4</Value></Attribute></Attributes><ChildElements><URDFElement z:Id="i271" i:type="Inertial"><Attributes/><ChildElements><URDFElement z:Id="i272" i:type="Origin"><Attributes><Attribute z:Id="i273"><AttributeType>xyz</AttributeType><IsRequired>true</IsRequired><Value i:type="a:ArrayOfdouble" xmlns:a="http://schemas.microsoft.com/2003/10/Serialization/Arrays"><a:double>0</a:double><a:double>0</a:double><a:double>0</a:double></Value></Attribute><Attribute z:Id="i274"><AttributeType>rpy</AttributeType><IsRequired>true</IsRequired><Value i:type="a:ArrayOfdouble" xmlns:a="http://schemas.microsoft.com/2003/10/Serialization/Arrays"><a:double>0</a:double><a:double>0</a:double><a:double>0</a:double></Value></Attribute></Attributes><ChildElements/><ElementName>origin</ElementName><required>false</required><RPYAttribute z:Ref="i274"/><XYZAttribute z:Ref="i273"/><isCustomized>false</isCustomized></URDFElement><URDFElement z:Id="i275" i:type="Mass"><Attributes><Attribute z:Id="i276"><AttributeType>value</AttributeType><IsRequired>true</IsRequired><Value i:type="a:double" xmlns:a="http://www.w3.org/2001/XMLSchema">0</Value></Attribute></Attributes><ChildElements/><ElementName>mass</ElementName><required>false</required><ValueAttribute z:Ref="i276"/></URDFElement><URDFElement z:Id="i277" i:type="Inertia"><Attributes><Attribute z:Id="i278"><AttributeType>ixx</AttributeType><IsRequired>true</IsRequired><Value i:type="a:double" xmlns:a="http://www.w3.org/2001/XMLSchema">0</Value></Attribute><Attribute z:Id="i279"><AttributeType>ixy</AttributeType><IsRequired>true</IsRequired><Value i:type="a:double" xmlns:a="http://www.w3.org/2001/XMLSchema">0</Value></Attribute><Attribute z:Id="i280"><AttributeType>ixz</AttributeType><IsRequired>true</IsRequired><Value i:type="a:double" xmlns:a="http://www.w3.org/2001/XMLSchema">0</Value></Attribute><Attribute z:Id="i281"><AttributeType>iyy</AttributeType><IsRequired>true</IsRequired><Value i:type="a:double" xmlns:a="http://www.w3.org/2001/XMLSchema">0</Value></Attribute><Attribute z:Id="i282"><AttributeType>iyz</AttributeType><IsRequired>true</IsRequired><Value i:type="a:double" xmlns:a="http://www.w3.org/2001/XMLSchema">0</Value></Attribute><Attribute z:Id="i283"><AttributeType>izz</AttributeType><IsRequired>true</IsRequired><Value i:type="a:double" xmlns:a="http://www.w3.org/2001/XMLSchema">0</Value></Attribute></Attributes><ChildElements/><ElementName>inertia</ElementName><required>false</required><IxxAttribute z:Ref="i278"/><IxyAttribute z:Ref="i279"/><IxzAttribute z:Ref="i280"/><IyyAttribute z:Ref="i281"/><IyzAttribute z:Ref="i282"/><IzzAttribute z:Ref="i283"/></URDFElement></ChildElements><ElementName>inertial</ElementName><required>false</required><Inertia z:Ref="i277"/><Mass z:Ref="i275"/><Origin z:Ref="i272"/></URDFElement><URDFElement z:Id="i284" i:type="Visual"><Attributes/><ChildElements><URDFElement z:Id="i285" i:type="Origin"><Attributes><Attribute z:Id="i286"><AttributeType>xyz</AttributeType><IsRequired>true</IsRequired><Value i:type="a:ArrayOfdouble" xmlns:a="http://schemas.microsoft.com/2003/10/Serialization/Arrays"><a:double>0</a:double><a:double>0</a:double><a:double>0</a:double></Value></Attribute><Attribute z:Id="i287"><AttributeType>rpy</AttributeType><IsRequired>true</IsRequired><Value i:type="a:ArrayOfdouble" xmlns:a="http://schemas.microsoft.com/2003/10/Serialization/Arrays"><a:double>0</a:double><a:double>0</a:double><a:double>0</a:double></Value></Attribute></Attributes><ChildElements/><ElementName>origin</ElementName><required>false</required><RPYAttribute z:Ref="i287"/><XYZAttribute z:Ref="i286"/><isCustomized>false</isCustomized></URDFElement><URDFElement z:Id="i288" i:type="Geometry"><Attributes/><ChildElements><URDFElement z:Id="i289" i:type="Mesh"><Attributes><Attribute z:Id="i290"><AttributeType>filename</AttributeType><IsRequired>true</IsRequired><Value i:nil="true"/></Attribute></Attributes><ChildElements/><ElementName>mesh</ElementName><required>false</required><FilenameAttribute z:Ref="i290"/></URDFElement></ChildElements><ElementName>geometry</ElementName><required>true</required><Mesh z:Ref="i289"/></URDFElement><URDFElement z:Id="i291" i:type="Material"><Attributes><Attribute z:Id="i292"><AttributeType>name</AttributeType><IsRequired>true</IsRequired><Value i:type="a:string" xmlns:a="http://www.w3.org/2001/XMLSchema"/></Attribute></Attributes><ChildElements><URDFElement z:Id="i293" i:type="Color"><Attributes><Attribute z:Id="i294"><AttributeType>rgba</AttributeType><IsRequired>true</IsRequired><Value i:type="a:ArrayOfdouble" xmlns:a="http://schemas.microsoft.com/2003/10/Serialization/Arrays"><a:double>1</a:double><a:double>1</a:double><a:double>1</a:double><a:double>1</a:double></Value></Attribute></Attributes><ChildElements/><ElementName>color</ElementName><required>false</required><RGBAAttribute z:Ref="i294"/></URDFElement><URDFElement z:Id="i295" i:type="Texture"><Attributes><Attribute z:Id="i296"><AttributeType>filename</AttributeType><IsRequired>true</IsRequired><Value i:nil="true"/></Attribute></Attributes><ChildElements/><ElementName>texture</ElementName><required>false</required><FilenameAttribute z:Ref="i296"/><wFilename/></URDFElement></ChildElements><ElementName>material</ElementName><required>false</required><Color z:Ref="i293"/><NameAttribute z:Ref="i292"/><Texture z:Ref="i295"/></URDFElement></ChildElements><ElementName>visual</ElementName><required>false</required><Geometry z:Ref="i288"/><Material z:Ref="i291"/><Origin z:Ref="i285"/></URDFElement><URDFElement z:Id="i297" i:type="Collision"><Attributes/><ChildElements><URDFElement z:Id="i298" i:type="Origin"><Attributes><Attribute z:Id="i299"><AttributeType>xyz</AttributeType><IsRequired>true</IsRequired><Value i:type="a:ArrayOfdouble" xmlns:a="http://schemas.microsoft.com/2003/10/Serialization/Arrays"><a:double>0</a:double><a:double>0</a:double><a:double>0</a:double></Value></Attribute><Attribute z:Id="i300"><AttributeType>rpy</AttributeType><IsRequired>true</IsRequired><Value i:type="a:ArrayOfdouble" xmlns:a="http://schemas.microsoft.com/2003/10/Serialization/Arrays"><a:double>0</a:double><a:double>0</a:double><a:double>0</a:double></Value></Attribute></Attributes><ChildElements/><ElementName>origin</ElementName><required>false</required><RPYAttribute z:Ref="i300"/><XYZAttribute z:Ref="i299"/><isCustomized>false</isCustomized></URDFElement><URDFElement z:Id="i301" i:type="Geometry"><Attributes/><ChildElements><URDFElement z:Id="i302" i:type="Mesh"><Attributes><Attribute z:Id="i303"><AttributeType>filename</AttributeType><IsRequired>true</IsRequired><Value i:nil="true"/></Attribute></Attributes><ChildElements/><ElementName>mesh</ElementName><required>false</required><FilenameAttribute z:Ref="i303"/></URDFElement></ChildElements><ElementName>geometry</ElementName><required>true</required><Mesh z:Ref="i302"/></URDFElement></ChildElements><ElementName>collision</ElementName><required>false</required><Geometry z:Ref="i301"/><Origin z:Ref="i298"/></URDFElement><URDFElement z:Id="i304" i:type="Joint"><Attributes><Attribute z:Id="i305"><AttributeType>name</AttributeType><IsRequired>true</IsRequired><Value i:type="a:string" xmlns:a="http://www.w3.org/2001/XMLSchema">dof4</Value></Attribute><Attribute z:Id="i306"><AttributeType>type</AttributeType><IsRequired>true</IsRequired><Value i:type="a:string" xmlns:a="http://www.w3.org/2001/XMLSchema">revolute</Value></Attribute></Attributes><ChildElements><URDFElement z:Id="i307" i:type="Origin"><Attributes><Attribute z:Id="i308"><AttributeType>xyz</AttributeType><IsRequired>true</IsRequired><Value i:type="a:ArrayOfdouble" xmlns:a="http://schemas.microsoft.com/2003/10/Serialization/Arrays"><a:double>0</a:double><a:double>0</a:double><a:double>0</a:double></Value></Attribute><Attribute z:Id="i309"><AttributeType>rpy</AttributeType><IsRequired>true</IsRequired><Value i:type="a:ArrayOfdouble" xmlns:a="http://schemas.microsoft.com/2003/10/Serialization/Arrays"><a:double>0</a:double><a:double>0</a:double><a:double>0</a:double></Value></Attribute></Attributes><ChildElements/><ElementName>origin</ElementName><required>false</required><RPYAttribute z:Ref="i309"/><XYZAttribute z:Ref="i308"/><isCustomized>false</isCustomized></URDFElement><URDFElement z:Id="i310" i:type="ParentLink"><Attributes><Attribute z:Id="i311"><AttributeType>link</AttributeType><IsRequired>true</IsRequired><Value i:type="a:string" xmlns:a="http://www.w3.org/2001/XMLSchema"/></Attribute></Attributes><ChildElements/><ElementName>parent</ElementName><required>true</required><NameAttribute z:Ref="i311"/></URDFElement><URDFElement z:Id="i312" i:type="ChildLink"><Attributes><Attribute z:Id="i313"><AttributeType>link</AttributeType><IsRequired>true</IsRequired><Value i:type="a:string" xmlns:a="http://www.w3.org/2001/XMLSchema"/></Attribute></Attributes><ChildElements/><ElementName>child</ElementName><required>true</required><NameAttribute z:Ref="i313"/></URDFElement><URDFElement z:Id="i314" i:type="Axis"><Attributes><Attribute z:Id="i315"><AttributeType>xyz</AttributeType><IsRequired>true</IsRequired><Value i:type="a:ArrayOfdouble" xmlns:a="http://schemas.microsoft.com/2003/10/Serialization/Arrays"><a:double>0</a:double><a:double>0</a:double><a:double>0</a:double></Value></Attribute></Attributes><ChildElements/><ElementName>axis</ElementName><required>false</required><XYZAttribute z:Ref="i315"/></URDFElement><URDFElement z:Id="i316" i:type="Limit"><Attributes><Attribute z:Id="i317"><AttributeType>lower</AttributeType><IsRequired>false</IsRequired><Value i:nil="true"/></Attribute><Attribute z:Id="i318"><AttributeType>upper</AttributeType><IsRequired>false</IsRequired><Value i:nil="true"/></Attribute><Attribute z:Id="i319"><AttributeType>effort</AttributeType><IsRequired>true</IsRequired><Value i:nil="true"/></Attribute><Attribute z:Id="i320"><AttributeType>velocity</AttributeType><IsRequired>true</IsRequired><Value i:nil="true"/></Attribute></Attributes><ChildElements/><ElementName>limit</ElementName><required>false</required><EffortAttribute z:Ref="i319"/><LowerAttribute z:Ref="i317"/><UpperAttribute z:Ref="i318"/><VelocityAttribute z:Ref="i320"/></URDFElement><URDFElement z:Id="i321" i:type="Calibration"><Attributes><Attribute z:Id="i322"><AttributeType>rising</AttributeType><IsRequired>false</IsRequired><Value i:nil="true"/></Attribute><Attribute z:Id="i323"><AttributeType>falling</AttributeType><IsRequired>false</IsRequired><Value i:nil="true"/></Attribute></Attributes><ChildElements/><ElementName>calibration</ElementName><required>false</required><FallingAttribute z:Ref="i323"/><RisingAttribute z:Ref="i322"/></URDFElement><URDFElement z:Id="i324" i:type="Dynamics"><Attributes><Attribute z:Id="i325"><AttributeType>damping</AttributeType><IsRequired>false</IsRequired><Value i:nil="true"/></Attribute><Attribute z:Id="i326"><AttributeType>friction</AttributeType><IsRequired>false</IsRequired><Value i:nil="true"/></Attribute></Attributes><ChildElements/><ElementName>dynamics</ElementName><required>false</required><DampingAttribute z:Ref="i325"/><FrictionAttribute z:Ref="i326"/></URDFElement><URDFElement z:Id="i327" i:type="SafetyController"><Attributes><Attribute z:Id="i328"><AttributeType>soft_upper_limit</AttributeType><IsRequired>false</IsRequired><Value i:nil="true"/></Attribute><Attribute z:Id="i329"><AttributeType>soft_lower_limit</AttributeType><IsRequired>false</IsRequired><Value i:nil="true"/></Attribute><Attribute z:Id="i330"><AttributeType>k_position</AttributeType><IsRequired>false</IsRequired><Value i:nil="true"/></Attribute><Attribute z:Id="i331"><AttributeType>k_velocity</AttributeType><IsRequired>true</IsRequired><Value i:nil="true"/></Attribute></Attributes><ChildElements/><ElementName>safety_controller</ElementName><required>false</required><KPositionAttribute z:Ref="i330"/><KVelocityAttribute z:Ref="i331"/><SoftLowerAttribute z:Ref="i329"/><SoftUpperAttribute z:Ref="i328"/></URDFElement><URDFElement z:Id="i332" i:type="Mimic"><Attributes><Attribute z:Id="i333"><AttributeType>joint</AttributeType><IsRequired>true</IsRequired><Value i:nil="true"/></Attribute><Attribute z:Id="i334"><AttributeType>multiplier</AttributeType><IsRequired>false</IsRequired><Value i:nil="true"/></Attribute><Attribute z:Id="i335"><AttributeType>offset</AttributeType><IsRequired>false</IsRequired><Value i:nil="true"/></Attribute></Attributes><ChildElements/><ElementName>mimic</ElementName><required>false</required><JointNameAttribute z:Ref="i333"/><MultiplierAttribute z:Ref="i334"/><OffsetAttribute z:Ref="i335"/></URDFElement></ChildElements><ElementName>joint</ElementName><required>false</required><Axis z:Ref="i314"/><AxisName>Axis4</AxisName><Calibration z:Ref="i321"/><Child z:Ref="i312"/><CoordinateSystemName>Automatically Generate</CoordinateSystemName><Dynamics z:Ref="i324"/><Limit z:Ref="i316"/><Mimic z:Ref="i332"/><NameAttribute z:Ref="i305"/><Origin z:Ref="i307"/><Parent z:Ref="i310"/><Safety z:Ref="i327"/><TypeAttribute z:Ref="i306"/></URDFElement></ChildElements><ElementName>link</ElementName><required>true</required><Children/><Collision z:Ref="i297"/><Inertial z:Ref="i271"/><Joint z:Ref="i304"/><NameAttribute z:Ref="i270"/><Parent z:Ref="i202"/><STLQualityFine>false</STLQualityFine><SWComponentPIDs xmlns:a="http://schemas.microsoft.com/2003/10/Serialization/Arrays"><a:base64Binary>aEIAAAUAAAD//v8mRwByAGkAcABwAGUAcgAgAFkAUABSACAAQwBvAG4AbgBlAGMAdABpAG8AbgAtADEAQAB1AHAAZABhAHQAZQBkACAAYQBzAHMAZQBtAAQAAAAQAAAAAQAAAAEAAAB7AAAA</a:base64Binary><a:base64Binary>aEIAAAUAAAD//v95ZwByAGkAcABwAGUAcgAgAHUAcABkAGEAdABlAGQAXwA1ADEALQAxAEAAdQBwAGQAYQB0AGUAZAAgAGEAcwBzAGUAbQAvAGcAcgBpAHAAcABlAHIAIAB1AHAAZABhAHQAZQBkAF8ANQAuAFMAVABFAFAALQAxAEAAZwByAGkAcABwAGUAcgAgAHUAcABkAGEAdABlAGQAXwA1ADEALwBmAHIAYQBtAGUAIABnAHIAaQBwAGUAcgAuAFMAVABFAFAALQAxAEAAZwByAGkAcABwAGUAcgAgAHUAcABkAGEAdABlAGQAXwA1AC4AUwBUAEUAUAAEAAAAEAAAAAEAAAADAAAAeQAAABgAAAAYAAAA</a:base64Binary><a:base64Binary>aEIAAAUAAAD//v8fZABpAGYAZgAgAHQAbwAgAGcAcgBpAHAAcABlAHIALQAyAEAAdQBwAGQAYQB0AGUAZAAgAGEAcwBzAGUAbQAEAAAAEAAAAAEAAAABAAAAfAAAAA==</a:base64Binary><a:base64Binary>aEIAAAUAAAD//v95ZwByAGkAcABwAGUAcgAgAHUAcABkAGEAdABlAGQAXwA1ADEALQAxAEAAdQBwAGQAYQB0AGUAZAAgAGEAcwBzAGUAbQAvAGcAcgBpAHAAcABlAHIAIAB1AHAAZABhAHQAZQBkAF8ANQAuAFMAVABFAFAALQAxAEAAZwByAGkAcABwAGUAcgAgAHUAcABkAGEAdABlAGQAXwA1ADEALwBGAFIAQQBNAEUAIAAzACgAQQBMAEwAKQAuAFMAVABFAFAALQAxAEAAZwByAGkAcABwAGUAcgAgAHUAcABkAGEAdABlAGQAXwA1AC4AUwBUAEUAUAAEAAAAEAAAAAEAAAADAAAAeQAAABgAAAAcAAAA</a:base64Binary><a:base64Binary>aEIAAAUAAAD//v92ZwByAGkAcABwAGUAcgAgAHUAcABkAGEAdABlAGQAXwA1ADEALQAxAEAAdQBwAGQAYQB0AGUAZAAgAGEAcwBzAGUAbQAvAGcAcgBpAHAAcABlAHIAIAB1AHAAZABhAHQAZQBkAF8ANQAuAFMAVABFAFAALQAxAEAAZwByAGkAcABwAGUAcgAgAHUAcABkAGEAdABlAGQAXwA1ADEALwBDAEwAQQBXACgAQQBMAEwAKQAuAFMAVABFAFAALQAxAEAAZwByAGkAcABwAGUAcgAgAHUAcABkAGEAdABlAGQAXwA1AC4AUwBUAEUAUAAEAAAAEAAAAAEAAAADAAAAeQAAABgAAAAaAAAA</a:base64Binary><a:base64Binary>aEIAAAUAAAD//v97ZwByAGkAcABwAGUAcgAgAHUAcABkAGEAdABlAGQAXwA1ADEALQAxAEAAdQBwAGQAYQB0AGUAZAAgAGEAcwBzAGUAbQAvAGcAcgBpAHAAcABlAHIAIAB1AHAAZABhAHQAZQBkAF8ANQAuAFMAVABFAFAALQAxAEAAZwByAGkAcABwAGUAcgAgAHUAcABkAGEAdABlAGQAXwA1ADEALwBMAEUAQQBEACAAOABNAE0AIAAoAEEATABMACkALgBTAFQARQBQAC0AMQBAAGcAcgBpAHAAcABlAHIAIAB1AHAAZABhAHQAZQBkAF8ANQAuAFMAVABFAFAABAAAABAAAAABAAAAAwAAAHkAAAAYAAAAHwAAAA==</a:base64Binary><a:base64Binary>aEIAAAUAAAD//v+AZwByAGkAcABwAGUAcgAgAHUAcABkAGEAdABlAGQAXwA1ADEALQAxAEAAdQBwAGQAYQB0AGUAZAAgAGEAcwBzAGUAbQAvAGcAcgBpAHAAcABlAHIAIAB1AHAAZABhAHQAZQBkAF8ANQAuAFMAVABFAFAALQAxAEAAZwByAGkAcABwAGUAcgAgAHUAcABkAGEAdABlAGQAXwA1ADEALwBHAFUASQBEAEUAIABSAE8ARAAgADgAbQBtACAAKABBAEwATAApAC4AUwBUAEUAUAAtADEAQABnAHIAaQBwAHAAZQByACAAdQBwAGQAYQB0AGUAZABfADUALgBTAFQARQBQAAQAAAAQAAAAAQAAAAMAAAB5AAAAGAAAAB4AAAA=</a:base64Binary><a:base64Binary>aEIAAAUAAAD//v92ZwByAGkAcABwAGUAcgAgAHUAcABkAGEAdABlAGQAXwA1ADEALQAxAEAAdQBwAGQAYQB0AGUAZAAgAGEAcwBzAGUAbQAvAGcAcgBpAHAAcABlAHIAIAB1AHAAZABhAHQAZQBkAF8ANQAuAFMAVABFAFAALQAxAEAAZwByAGkAcABwAGUAcgAgAHUAcABkAGEAdABlAGQAXwA1ADEALwBOAFUAVAAgACgAQQBMAEwAKQAuAFMAVABFAFAALQAxAEAAZwByAGkAcABwAGUAcgAgAHUAcABkAGEAdABlAGQAXwA1AC4AUwBUAEUAUAAEAAAAEAAAAAEAAAADAAAAeQAAABgAAAAhAAAA</a:base64Binary><a:base64Binary>aEIAAAUAAAD//v+JZwByAGkAcABwAGUAcgAgAHUAcABkAGEAdABlAGQAXwA1ADEALQAxAEAAdQBwAGQAYQB0AGUAZAAgAGEAcwBzAGUAbQAvAGcAcgBpAHAAcABlAHIAIAB1AHAAZABhAHQAZQBkAF8ANQAuAFMAVABFAFAALQAxAEAAZwByAGkAcABwAGUAcgAgAHUAcABkAGEAdABlAGQAXwA1ADEALwBsAGkAbgBlAGEAcgAgAGEAYwB0ACAAcwBhAG0AcABsAGUAIABtAG8AZABlAGwAKABBAEwATAApAC4AUwBUAEUAUAAtADEAQABnAHIAaQBwAHAAZQByACAAdQBwAGQAYQB0AGUAZABfADUALgBTAFQARQBQAAQAAAAQAAAAAQAAAAMAAAB5AAAAGAAAABkAAAA=</a:base64Binary><a:base64Binary>aEIAAAUAAAD//v+EZwByAGkAcABwAGUAcgAgAHUAcABkAGEAdABlAGQAXwA1ADEALQAxAEAAdQBwAGQAYQB0AGUAZAAgAGEAcwBzAGUAbQAvAGcAcgBpAHAAcABlAHIAIAB1AHAAZABhAHQAZQBkAF8ANQAuAFMAVABFAFAALQAxAEAAZwByAGkAcABwAGUAcgAgAHUAcABkAGEAdABlAGQAXwA1ADEALwBtAG8AdABvAHIAIABtAG8AdQBuAHQAIABHAFIASQBQAFAARQBSACAAQQBMAEwALgBTAFQARQBQAC0AMQBAAGcAcgBpAHAAcABlAHIAIAB1AHAAZABhAHQAZQBkAF8ANQAuAFMAVABFAFAABAAAABAAAAABAAAAAwAAAHkAAAAYAAAAIAAAAA==</a:base64Binary><a:base64Binary>aEIAAAUAAAD//v95ZwByAGkAcABwAGUAcgAgAHUAcABkAGEAdABlAGQAXwA1ADEALQAxAEAAdQBwAGQAYQB0AGUAZAAgAGEAcwBzAGUAbQAvAGcAcgBpAHAAcABlAHIAIAB1AHAAZABhAHQAZQBkAF8ANQAuAFMAVABFAFAALQAxAEAAZwByAGkAcABwAGUAcgAgAHUAcABkAGEAdABlAGQAXwA1ADEALwBsAGkAbQBpAHQAIABzAHcAaQB0AGMAaAAuAFMAVABFAFAALQAxAEAAZwByAGkAcABwAGUAcgAgAHUAcABkAGEAdABlAGQAXwA1AC4AUwBUAEUAUAAEAAAAEAAAAAEAAAADAAAAeQAAABgAAAAiAAAA</a:base64Binary><a:base64Binary>aEIAAAUAAAD//v9+ZwByAGkAcABwAGUAcgAgAHUAcABkAGEAdABlAGQAXwA1ADEALQAxAEAAdQBwAGQAYQB0AGUAZAAgAGEAcwBzAGUAbQAvAGcAcgBpAHAAcABlAHIAIAB1AHAAZABhAHQAZQBkAF8ANQAuAFMAVABFAFAALQAxAEAAZwByAGkAcABwAGUAcgAgAHUAcABkAGEAdABlAGQAXwA1ADEALwBHAFIASQBQAFAARQBSACAAQQBMAEwAIABNAE8AVABPAFIALgBTAFQARQBQAC0AMQBAAGcAcgBpAHAAcABlAHIAIAB1AHAAZABhAHQAZQBkAF8ANQAuAFMAVABFAFAABAAAABAAAAABAAAAAwAAAHkAAAAYAAAAHQAAAA==</a:base64Binary><a:base64Binary>aEIAAAUAAAD//v+BZwByAGkAcABwAGUAcgAgAHUAcABkAGEAdABlAGQAXwA1ADEALQAxAEAAdQBwAGQAYQB0AGUAZAAgAGEAcwBzAGUAbQAvAGcAcgBpAHAAcABlAHIAIAB1AHAAZABhAHQAZQBkAF8ANQAuAFMAVABFAFAALQAxAEAAZwByAGkAcABwAGUAcgAgAHUAcABkAGEAdABlAGQAXwA1ADEALwBCAEUAQQBSAEkATgBHACAAMQA2AFgAOABYADUAIAAoAEEATABMACkALgBTAFQARQBQAC0AMQBAAGcAcgBpAHAAcABlAHIAIAB1AHAAZABhAHQAZQBkAF8ANQAuAFMAVABFAFAABAAAABAAAAABAAAAAwAAAHkAAAAYAAAAIwAAAA==</a:base64Binary><a:base64Binary>aEIAAAUAAAD//v94ZwByAGkAcABwAGUAcgAgAHUAcABkAGEAdABlAGQAXwA1ADEALQAxAEAAdQBwAGQAYQB0AGUAZAAgAGEAcwBzAGUAbQAvAGcAcgBpAHAAcABlAHIAIAB1AHAAZABhAHQAZQBkAF8ANQAuAFMAVABFAFAALQAxAEAAZwByAGkAcABwAGUAcgAgAHUAcABkAGEAdABlAGQAXwA1ADEALwBjAG8AdQBwAGwAZQByACAAOAB4ADUALgBTAFQARQBQAC0AMQBAAGcAcgBpAHAAcABlAHIAIAB1AHAAZABhAHQAZQBkAF8ANQAuAFMAVABFAFAABAAAABAAAAABAAAAAwAAAHkAAAAYAAAAGwAAAA==</a:base64Binary></SWComponentPIDs><SWMainComponentPID i:nil="true"/><Visual z:Ref="i284"/><isFixedFrame>false</isFixedFrame><isIncomplete>false</isIncomplete></Link></Children><Collision z:Ref="i230"/><Inertial z:Ref="i204"/><Joint z:Ref="i237"/><NameAttribute z:Ref="i203"/><Parent z:Ref="i135"/><STLQualityFine>false</STLQualityFine><SWComponentPIDs xmlns:a="http://schemas.microsoft.com/2003/10/Serialization/Arrays"><a:base64Binary>aEIAAAUAAAD//v8eZABpAGYAZgAgAEMAIABzAGUAYwB0AGkAbwBuAC0AMgBAAHUAcABkAGEAdABlAGQAIABhAHMAcwBlAG0ABAAAABAAAAABAAAAAQAAAGQAAAA=</a:base64Binary><a:base64Binary>aEIAAAUAAAD//v8eZABpAGYAZgAgAEMAIABzAGUAYwB0AGkAbwBuAC0AMQBAAHUAcABkAGEAdABlAGQAIABhAHMAcwBlAG0ABAAAABAAAAABAAAAAQAAAFIAAAA=</a:base64Binary><a:base64Binary>aEIAAAUAAAD//v8lZABpAGYAZgAgAEMAIABzAGUAYwB0AGkAbwBuACAASQAgAHAAYQByAHQALQAyAEAAdQBwAGQAYQB0AGUAZAAgAGEAcwBzAGUAbQAEAAAAEAAAAAEAAAABAAAAZQAAAA==</a:base64Binary><a:base64Binary>aEIAAAUAAAD//v8lZABpAGYAZgAgAEMAIABzAGUAYwB0AGkAbwBuACAASQAgAHAAYQByAHQALQAxAEAAdQBwAGQAYQB0AGUAZAAgAGEAcwBzAGUAbQAEAAAAEAAAAAEAAAABAAAAUQAAAA==</a:base64Binary><a:base64Binary>aEIAAAUAAAD//v8mMQA1AC0AMwAyAC0AOQAgAGIAZQBhAHIAaQBuAGcAIABoAG8AbABkAGUAcgAtADEAQAB1AHAAZABhAHQAZQBkACAAYQBzAHMAZQBtAAQAAAAQAAAAAQAAAAEAAAB6AAAA</a:base64Binary></SWComponentPIDs><SWMainComponentPID i:nil="true"/><Visual z:Ref="i217"/><isFixedFrame>false</isFixedFrame><isIncomplete>false</isIncomplete></Link></Children><Collision z:Ref="i163"/><Inertial z:Ref="i137"/><Joint z:Ref="i170"/><NameAttribute z:Ref="i136"/><Parent z:Ref="i68"/><STLQualityFine>false</STLQualityFine><SWComponentPIDs xmlns:a="http://schemas.microsoft.com/2003/10/Serialization/Arrays"><a:base64Binary>aEIAAAUAAAD//v8WQwBhAHMAaQBuAGcALQAyAEAAdQBwAGQAYQB0AGUAZAAgAGEAcwBzAGUAbQAEAAAAEAAAAAEAAAABAAAAQQAAAA==</a:base64Binary><a:base64Binary>aEIAAAUAAAD//v8sYwBhAHMAaQBuAGcAIABtAGkAcgByAG8AcgAgAG0AaQByAG8AcgByACAAbQBpAHIAcgByAHIAcgAtADIAQAB1AHAAZABhAHQAZQBkACAAYQBzAHMAZQBtAAQAAAAQAAAAAQAAAAEAAABAAAAA</a:base64Binary><a:base64Binary>aEIAAAUAAAD//v8TMAA0AG0ALQAxAEAAdQBwAGQAYQB0AGUAZAAgAGEAcwBzAGUAbQAEAAAAEAAAAAEAAAABAAAAMgAAAA==</a:base64Binary><a:base64Binary>aEIAAAUAAAD//v8kbQBvAHQAbwByACAAbQBvAHUAbgB0ACAAYQBuAGQAIABsAGkAbgBrAC0AMQBAAHUAcABkAGEAdABlAGQAIABhAHMAcwBlAG0ABAAAABAAAAABAAAAAQAAAEwAAAA=</a:base64Binary><a:base64Binary>aEIAAAUAAAD//v8mbQBvAHQAbwByACAAbQBvAHUAbgB0ACAAYQBuAGQAIABsAGkAbgBrACAATAAtADIAQAB1AHAAZABhAHQAZQBkACAAYQBzAHMAZQBtAAQAAAAQAAAAAQAAAAEAAABbAAAA</a:base64Binary><a:base64Binary>aEIAAAUAAAD//v8mbQBvAHQAbwByACAAbQBvAHUAbgB0ACAAYQBuAGQAIABsAGkAbgBrACAATAAtADEAQAB1AHAAZABhAHQAZQBkACAAYQBzAHMAZQBtAAQAAAAQAAAAAQAAAAEAAABUAAAA</a:base64Binary><a:base64Binary>aEIAAAUAAAD//v8gbABpAG4AawAgAGYAbwByACAAcwB1AHAAcABvAHIAdAAtADEAQAB1AHAAZABhAHQAZQBkACAAYQBzAHMAZQBtAAQAAAAQAAAAAQAAAAEAAABTAAAA</a:base64Binary></SWComponentPIDs><SWMainComponentPID i:nil="true"/><Visual z:Ref="i150"/><isFixedFrame>false</isFixedFrame><isIncomplete>false</isIncomplete></Link></Children><Collision z:Ref="i96"/><Inertial z:Ref="i70"/><Joint z:Ref="i103"/><NameAttribute z:Ref="i69"/><Parent z:Ref="i1"/><STLQualityFine>false</STLQualityFine><SWComponentPIDs xmlns:a="http://schemas.microsoft.com/2003/10/Serialization/Arrays"><a:base64Binary>aEIAAAUAAAD//v8fYwBhAHMAaQBuAGcAIABtAGkAcgByAG8AcgBlAGQALQAxAEAAdQBwAGQAYQB0AGUAZAAgAGEAcwBzAGUAbQAEAAAAEAAAAAEAAAABAAAAJAAAAA==</a:base64Binary><a:base64Binary>aEIAAAUAAAD//v8fQwBhAHMAaQBuAGcAIABuAG8AIABlAHIAcgBvAHIALQAxAEAAdQBwAGQAYQB0AGUAZAAgAGEAcwBzAGUAbQAEAAAAEAAAAAEAAAABAAAAIwAAAA==</a:base64Binary><a:base64Binary>aEIAAAUAAAD//v8UMAAuADYAbQAtADEAQAB1AHAAZABhAHQAZQBkACAAYQBzAHMAZQBtAAQAAAAQAAAAAQAAAAEAAAAxAAAA</a:base64Binary><a:base64Binary>aEIAAAUAAAD//v8kbQBvAHUAbgB0ACAAZwBvAG8AZgBlAGQAIABtAHUAaQByAHIAbwByAC0AMQBAAHUAcABkAGEAdABlAGQAIABhAHMAcwBlAG0ABAAAABAAAAABAAAAAQAAADYAAAA=</a:base64Binary><a:base64Binary>aEIAAAUAAAD//v8kTQBvAHUAbgB0ACAAZgBvAHIAIABnAG8AbwBmAHkAdABoAGkAbgBnAC0AMQBAAHUAcABkAGEAdABlAGQAIABhAHMAcwBlAG0ABAAAABAAAAABAAAAAQAAADUAAAA=</a:base64Binary></SWComponentPIDs><SWMainComponentPID i:nil="true"/><Visual z:Ref="i83"/><isFixedFrame>false</isFixedFrame><isIncomplete>false</isIncomplete></Link></Children><Collision z:Ref="i29"/><Inertial z:Ref="i3"/><Joint z:Ref="i36"/><NameAttribute z:Ref="i2"/><Parent i:nil="true"/><STLQualityFine>false</STLQualityFine><SWComponentPIDs xmlns:a="http://schemas.microsoft.com/2003/10/Serialization/Arrays"><a:base64Binary>aEIAAAUAAAD//v8rTQBvAHUAbgB0AC0ARQB4AHQAcgB1AGQAZQAgAFQAbwBwACAAQwB5AGMAbABvAGkAZABhAGwALQAyAEAAdQBwAGQAYQB0AGUAZAAgAGEAcwBzAGUAbQAEAAAAEAAAAAEAAAABAAAAIgAAAA==</a:base64Binary><a:base64Binary>aEIAAAUAAAD//v8rTQBvAHUAbgB0AC0ARQB4AHQAcgB1AGQAZQAgAFQAbwBwACAAQwB5AGMAbABvAGkAZABhAGwALQAxAEAAdQBwAGQAYQB0AGUAZAAgAGEAcwBzAGUAbQAEAAAAEAAAAAEAAAABAAAAGAAAAA==</a:base64Binary></SWComponentPIDs><SWMainComponentPID i:nil="true"/><Visual z:Ref="i16"/><isFixedFrame>false</isFixedFrame><isIncomplete>false</isIncomplete></Link>
2025-07-01 18:09:48,639 INFO  SwAddin.cs: 295 - Assembly export called for file updated assem
2025-07-01 18:09:48,639 INFO  SwAddin.cs: 299 - Save is required
2025-07-01 18:09:48,639 INFO  SwAddin.cs: 314 - Saving assembly
2025-07-01 18:09:49,174 INFO  SwAddin.cs: 317 - Opening property manager
2025-07-01 18:09:49,175 INFO  ExportHelperExtension.cs: 1127 - Retrieving features of type [CoordSys] from updated assem
2025-07-01 18:09:49,176 INFO  ExportHelperExtension.cs: 1137 - Found 123 in updated assem
2025-07-01 18:09:49,176 INFO  ExportHelperExtension.cs: 1146 - Found 8 features of type [CoordSys] in updated assem
2025-07-01 18:09:49,177 INFO  ExportHelperExtension.cs: 1149 - Proceeding through assembly components
2025-07-01 18:09:49,177 INFO  ExportHelperExtension.cs: 1161 - 22 components to check
2025-07-01 18:09:49,177 INFO  ExportHelperExtension.cs: 1127 - Retrieving features of type [CoordSys] from Casing no error-1
2025-07-01 18:09:49,177 INFO  ExportHelperExtension.cs: 1137 - Found 50 in Casing no error-1
2025-07-01 18:09:49,177 INFO  ExportHelperExtension.cs: 1146 - Found 0 features of type [CoordSys] in Casing no error-1
2025-07-01 18:09:49,178 INFO  ExportHelperExtension.cs: 1127 - Retrieving features of type [CoordSys] from casing mirrored-1
2025-07-01 18:09:49,178 INFO  ExportHelperExtension.cs: 1137 - Found 53 in casing mirrored-1
2025-07-01 18:09:49,178 INFO  ExportHelperExtension.cs: 1146 - Found 0 features of type [CoordSys] in casing mirrored-1
2025-07-01 18:09:49,179 INFO  ExportHelperExtension.cs: 1127 - Retrieving features of type [CoordSys] from 0.6m-1
2025-07-01 18:09:49,179 INFO  ExportHelperExtension.cs: 1137 - Found 25 in 0.6m-1
2025-07-01 18:09:49,179 INFO  ExportHelperExtension.cs: 1146 - Found 0 features of type [CoordSys] in 0.6m-1
2025-07-01 18:09:49,180 INFO  ExportHelperExtension.cs: 1127 - Retrieving features of type [CoordSys] from casing mirror mirorr mirrrrr-2
2025-07-01 18:09:49,180 INFO  ExportHelperExtension.cs: 1137 - Found 34 in casing mirror mirorr mirrrrr-2
2025-07-01 18:09:49,180 INFO  ExportHelperExtension.cs: 1146 - Found 0 features of type [CoordSys] in casing mirror mirorr mirrrrr-2
2025-07-01 18:09:49,180 INFO  ExportHelperExtension.cs: 1127 - Retrieving features of type [CoordSys] from Casing-2
2025-07-01 18:09:49,181 INFO  ExportHelperExtension.cs: 1137 - Found 44 in Casing-2
2025-07-01 18:09:49,181 INFO  ExportHelperExtension.cs: 1146 - Found 0 features of type [CoordSys] in Casing-2
2025-07-01 18:09:49,181 INFO  ExportHelperExtension.cs: 1127 - Retrieving features of type [CoordSys] from motor mount and link-1
2025-07-01 18:09:49,182 INFO  ExportHelperExtension.cs: 1137 - Found 46 in motor mount and link-1
2025-07-01 18:09:49,182 INFO  ExportHelperExtension.cs: 1146 - Found 0 features of type [CoordSys] in motor mount and link-1
2025-07-01 18:09:49,182 INFO  ExportHelperExtension.cs: 1127 - Retrieving features of type [CoordSys] from Mount for goofything-1
2025-07-01 18:09:49,183 INFO  ExportHelperExtension.cs: 1137 - Found 39 in Mount for goofything-1
2025-07-01 18:09:49,183 INFO  ExportHelperExtension.cs: 1146 - Found 0 features of type [CoordSys] in Mount for goofything-1
2025-07-01 18:09:49,183 INFO  ExportHelperExtension.cs: 1127 - Retrieving features of type [CoordSys] from diff C section-1
2025-07-01 18:09:49,184 INFO  ExportHelperExtension.cs: 1137 - Found 43 in diff C section-1
2025-07-01 18:09:49,184 INFO  ExportHelperExtension.cs: 1146 - Found 0 features of type [CoordSys] in diff C section-1
2025-07-01 18:09:49,184 INFO  ExportHelperExtension.cs: 1127 - Retrieving features of type [CoordSys] from link for support-1
2025-07-01 18:09:49,184 INFO  ExportHelperExtension.cs: 1137 - Found 46 in link for support-1
2025-07-01 18:09:49,185 INFO  ExportHelperExtension.cs: 1146 - Found 0 features of type [CoordSys] in link for support-1
2025-07-01 18:09:49,185 INFO  ExportHelperExtension.cs: 1127 - Retrieving features of type [CoordSys] from Mount-Extrude Top Cycloidal-1
2025-07-01 18:09:49,185 INFO  ExportHelperExtension.cs: 1137 - Found 69 in Mount-Extrude Top Cycloidal-1
2025-07-01 18:09:49,186 INFO  ExportHelperExtension.cs: 1146 - Found 0 features of type [CoordSys] in Mount-Extrude Top Cycloidal-1
2025-07-01 18:09:49,186 INFO  ExportHelperExtension.cs: 1127 - Retrieving features of type [CoordSys] from 04m-1
2025-07-01 18:09:49,186 INFO  ExportHelperExtension.cs: 1137 - Found 25 in 04m-1
2025-07-01 18:09:49,187 INFO  ExportHelperExtension.cs: 1146 - Found 0 features of type [CoordSys] in 04m-1
2025-07-01 18:09:49,187 INFO  ExportHelperExtension.cs: 1127 - Retrieving features of type [CoordSys] from diff C section I part-1
2025-07-01 18:09:49,187 INFO  ExportHelperExtension.cs: 1137 - Found 43 in diff C section I part-1
2025-07-01 18:09:49,188 INFO  ExportHelperExtension.cs: 1146 - Found 0 features of type [CoordSys] in diff C section I part-1
2025-07-01 18:09:49,188 INFO  ExportHelperExtension.cs: 1127 - Retrieving features of type [CoordSys] from mount goofed muirror-1
2025-07-01 18:09:49,188 INFO  ExportHelperExtension.cs: 1137 - Found 34 in mount goofed muirror-1
2025-07-01 18:09:49,188 INFO  ExportHelperExtension.cs: 1146 - Found 0 features of type [CoordSys] in mount goofed muirror-1
2025-07-01 18:09:49,189 INFO  ExportHelperExtension.cs: 1127 - Retrieving features of type [CoordSys] from Mount-Extrude Top Cycloidal-2
2025-07-01 18:09:49,189 INFO  ExportHelperExtension.cs: 1137 - Found 69 in Mount-Extrude Top Cycloidal-2
2025-07-01 18:09:49,189 INFO  ExportHelperExtension.cs: 1146 - Found 0 features of type [CoordSys] in Mount-Extrude Top Cycloidal-2
2025-07-01 18:09:49,190 INFO  ExportHelperExtension.cs: 1127 - Retrieving features of type [CoordSys] from 15-32-9 bearing holder-1
2025-07-01 18:09:49,190 INFO  ExportHelperExtension.cs: 1137 - Found 27 in 15-32-9 bearing holder-1
2025-07-01 18:09:49,190 INFO  ExportHelperExtension.cs: 1146 - Found 0 features of type [CoordSys] in 15-32-9 bearing holder-1
2025-07-01 18:09:49,191 INFO  ExportHelperExtension.cs: 1127 - Retrieving features of type [CoordSys] from motor mount and link L-2
2025-07-01 18:09:49,191 INFO  ExportHelperExtension.cs: 1137 - Found 68 in motor mount and link L-2
2025-07-01 18:09:49,191 INFO  ExportHelperExtension.cs: 1146 - Found 0 features of type [CoordSys] in motor mount and link L-2
2025-07-01 18:09:49,192 INFO  ExportHelperExtension.cs: 1127 - Retrieving features of type [CoordSys] from diff C section I part-2
2025-07-01 18:09:49,192 INFO  ExportHelperExtension.cs: 1137 - Found 43 in diff C section I part-2
2025-07-01 18:09:49,192 INFO  ExportHelperExtension.cs: 1146 - Found 0 features of type [CoordSys] in diff C section I part-2
2025-07-01 18:09:49,193 INFO  ExportHelperExtension.cs: 1127 - Retrieving features of type [CoordSys] from motor mount and link L-1
2025-07-01 18:09:49,193 INFO  ExportHelperExtension.cs: 1137 - Found 68 in motor mount and link L-1
2025-07-01 18:09:49,207 INFO  ExportHelperExtension.cs: 1146 - Found 0 features of type [CoordSys] in motor mount and link L-1
2025-07-01 18:09:49,208 INFO  ExportHelperExtension.cs: 1127 - Retrieving features of type [CoordSys] from diff C section-2
2025-07-01 18:09:49,210 INFO  ExportHelperExtension.cs: 1137 - Found 43 in diff C section-2
2025-07-01 18:09:49,210 INFO  ExportHelperExtension.cs: 1146 - Found 0 features of type [CoordSys] in diff C section-2
2025-07-01 18:09:49,210 INFO  ExportHelperExtension.cs: 1127 - Retrieving features of type [CoordSys] from Gripper YPR Connection-1
2025-07-01 18:09:49,211 INFO  ExportHelperExtension.cs: 1137 - Found 31 in Gripper YPR Connection-1
2025-07-01 18:09:49,211 INFO  ExportHelperExtension.cs: 1146 - Found 0 features of type [CoordSys] in Gripper YPR Connection-1
2025-07-01 18:09:49,211 INFO  ExportHelperExtension.cs: 1127 - Retrieving features of type [CoordSys] from gripper updated_51-1
2025-07-01 18:09:49,212 INFO  ExportHelperExtension.cs: 1137 - Found 23 in gripper updated_51-1
2025-07-01 18:09:49,212 INFO  ExportHelperExtension.cs: 1146 - Found 0 features of type [CoordSys] in gripper updated_51-1
2025-07-01 18:09:49,212 INFO  ExportHelperExtension.cs: 1127 - Retrieving features of type [CoordSys] from diff to gripper-2
2025-07-01 18:09:49,213 INFO  ExportHelperExtension.cs: 1137 - Found 29 in diff to gripper-2
2025-07-01 18:09:49,213 INFO  ExportHelperExtension.cs: 1146 - Found 0 features of type [CoordSys] in diff to gripper-2
2025-07-01 18:09:49,213 INFO  ExportHelperExtension.cs: 1127 - Retrieving features of type [RefAxis] from updated assem
2025-07-01 18:09:49,214 INFO  ExportHelperExtension.cs: 1137 - Found 123 in updated assem
2025-07-01 18:09:49,214 INFO  ExportHelperExtension.cs: 1146 - Found 4 features of type [RefAxis] in updated assem
2025-07-01 18:09:49,214 INFO  ExportHelperExtension.cs: 1149 - Proceeding through assembly components
2025-07-01 18:09:49,215 INFO  ExportHelperExtension.cs: 1161 - 22 components to check
2025-07-01 18:09:49,215 INFO  ExportHelperExtension.cs: 1127 - Retrieving features of type [RefAxis] from Casing no error-1
2025-07-01 18:09:49,215 INFO  ExportHelperExtension.cs: 1137 - Found 50 in Casing no error-1
2025-07-01 18:09:49,216 INFO  ExportHelperExtension.cs: 1146 - Found 0 features of type [RefAxis] in Casing no error-1
2025-07-01 18:09:49,216 INFO  ExportHelperExtension.cs: 1127 - Retrieving features of type [RefAxis] from casing mirrored-1
2025-07-01 18:09:49,216 INFO  ExportHelperExtension.cs: 1137 - Found 53 in casing mirrored-1
2025-07-01 18:09:49,217 INFO  ExportHelperExtension.cs: 1146 - Found 0 features of type [RefAxis] in casing mirrored-1
2025-07-01 18:09:49,217 INFO  ExportHelperExtension.cs: 1127 - Retrieving features of type [RefAxis] from 0.6m-1
2025-07-01 18:09:49,217 INFO  ExportHelperExtension.cs: 1137 - Found 25 in 0.6m-1
2025-07-01 18:09:49,218 INFO  ExportHelperExtension.cs: 1146 - Found 0 features of type [RefAxis] in 0.6m-1
2025-07-01 18:09:49,218 INFO  ExportHelperExtension.cs: 1127 - Retrieving features of type [RefAxis] from casing mirror mirorr mirrrrr-2
2025-07-01 18:09:49,218 INFO  ExportHelperExtension.cs: 1137 - Found 34 in casing mirror mirorr mirrrrr-2
2025-07-01 18:09:49,219 INFO  ExportHelperExtension.cs: 1146 - Found 0 features of type [RefAxis] in casing mirror mirorr mirrrrr-2
2025-07-01 18:09:49,219 INFO  ExportHelperExtension.cs: 1127 - Retrieving features of type [RefAxis] from Casing-2
2025-07-01 18:09:49,219 INFO  ExportHelperExtension.cs: 1137 - Found 44 in Casing-2
2025-07-01 18:09:49,220 INFO  ExportHelperExtension.cs: 1146 - Found 0 features of type [RefAxis] in Casing-2
2025-07-01 18:09:49,220 INFO  ExportHelperExtension.cs: 1127 - Retrieving features of type [RefAxis] from motor mount and link-1
2025-07-01 18:09:49,220 INFO  ExportHelperExtension.cs: 1137 - Found 46 in motor mount and link-1
2025-07-01 18:09:49,220 INFO  ExportHelperExtension.cs: 1146 - Found 0 features of type [RefAxis] in motor mount and link-1
2025-07-01 18:09:49,221 INFO  ExportHelperExtension.cs: 1127 - Retrieving features of type [RefAxis] from Mount for goofything-1
2025-07-01 18:09:49,221 INFO  ExportHelperExtension.cs: 1137 - Found 39 in Mount for goofything-1
2025-07-01 18:09:49,221 INFO  ExportHelperExtension.cs: 1146 - Found 0 features of type [RefAxis] in Mount for goofything-1
2025-07-01 18:09:49,222 INFO  ExportHelperExtension.cs: 1127 - Retrieving features of type [RefAxis] from diff C section-1
2025-07-01 18:09:49,222 INFO  ExportHelperExtension.cs: 1137 - Found 43 in diff C section-1
2025-07-01 18:09:49,222 INFO  ExportHelperExtension.cs: 1146 - Found 0 features of type [RefAxis] in diff C section-1
2025-07-01 18:09:49,223 INFO  ExportHelperExtension.cs: 1127 - Retrieving features of type [RefAxis] from link for support-1
2025-07-01 18:09:49,223 INFO  ExportHelperExtension.cs: 1137 - Found 46 in link for support-1
2025-07-01 18:09:49,223 INFO  ExportHelperExtension.cs: 1146 - Found 0 features of type [RefAxis] in link for support-1
2025-07-01 18:09:49,223 INFO  ExportHelperExtension.cs: 1127 - Retrieving features of type [RefAxis] from Mount-Extrude Top Cycloidal-1
2025-07-01 18:09:49,224 INFO  ExportHelperExtension.cs: 1137 - Found 69 in Mount-Extrude Top Cycloidal-1
2025-07-01 18:09:49,224 INFO  ExportHelperExtension.cs: 1146 - Found 0 features of type [RefAxis] in Mount-Extrude Top Cycloidal-1
2025-07-01 18:09:49,224 INFO  ExportHelperExtension.cs: 1127 - Retrieving features of type [RefAxis] from 04m-1
2025-07-01 18:09:49,225 INFO  ExportHelperExtension.cs: 1137 - Found 25 in 04m-1
2025-07-01 18:09:49,225 INFO  ExportHelperExtension.cs: 1146 - Found 0 features of type [RefAxis] in 04m-1
2025-07-01 18:09:49,225 INFO  ExportHelperExtension.cs: 1127 - Retrieving features of type [RefAxis] from diff C section I part-1
2025-07-01 18:09:49,226 INFO  ExportHelperExtension.cs: 1137 - Found 43 in diff C section I part-1
2025-07-01 18:09:49,226 INFO  ExportHelperExtension.cs: 1146 - Found 0 features of type [RefAxis] in diff C section I part-1
2025-07-01 18:09:49,226 INFO  ExportHelperExtension.cs: 1127 - Retrieving features of type [RefAxis] from mount goofed muirror-1
2025-07-01 18:09:49,227 INFO  ExportHelperExtension.cs: 1137 - Found 34 in mount goofed muirror-1
2025-07-01 18:09:49,227 INFO  ExportHelperExtension.cs: 1146 - Found 0 features of type [RefAxis] in mount goofed muirror-1
2025-07-01 18:09:49,227 INFO  ExportHelperExtension.cs: 1127 - Retrieving features of type [RefAxis] from Mount-Extrude Top Cycloidal-2
2025-07-01 18:09:49,227 INFO  ExportHelperExtension.cs: 1137 - Found 69 in Mount-Extrude Top Cycloidal-2
2025-07-01 18:09:49,228 INFO  ExportHelperExtension.cs: 1146 - Found 0 features of type [RefAxis] in Mount-Extrude Top Cycloidal-2
2025-07-01 18:09:49,228 INFO  ExportHelperExtension.cs: 1127 - Retrieving features of type [RefAxis] from 15-32-9 bearing holder-1
2025-07-01 18:09:49,228 INFO  ExportHelperExtension.cs: 1137 - Found 27 in 15-32-9 bearing holder-1
2025-07-01 18:09:49,229 INFO  ExportHelperExtension.cs: 1146 - Found 0 features of type [RefAxis] in 15-32-9 bearing holder-1
2025-07-01 18:09:49,229 INFO  ExportHelperExtension.cs: 1127 - Retrieving features of type [RefAxis] from motor mount and link L-2
2025-07-01 18:09:49,229 INFO  ExportHelperExtension.cs: 1137 - Found 68 in motor mount and link L-2
2025-07-01 18:09:49,230 INFO  ExportHelperExtension.cs: 1146 - Found 0 features of type [RefAxis] in motor mount and link L-2
2025-07-01 18:09:49,230 INFO  ExportHelperExtension.cs: 1127 - Retrieving features of type [RefAxis] from diff C section I part-2
2025-07-01 18:09:49,230 INFO  ExportHelperExtension.cs: 1137 - Found 43 in diff C section I part-2
2025-07-01 18:09:49,230 INFO  ExportHelperExtension.cs: 1146 - Found 0 features of type [RefAxis] in diff C section I part-2
2025-07-01 18:09:49,231 INFO  ExportHelperExtension.cs: 1127 - Retrieving features of type [RefAxis] from motor mount and link L-1
2025-07-01 18:09:49,231 INFO  ExportHelperExtension.cs: 1137 - Found 68 in motor mount and link L-1
2025-07-01 18:09:49,231 INFO  ExportHelperExtension.cs: 1146 - Found 0 features of type [RefAxis] in motor mount and link L-1
2025-07-01 18:09:49,232 INFO  ExportHelperExtension.cs: 1127 - Retrieving features of type [RefAxis] from diff C section-2
2025-07-01 18:09:49,232 INFO  ExportHelperExtension.cs: 1137 - Found 43 in diff C section-2
2025-07-01 18:09:49,232 INFO  ExportHelperExtension.cs: 1146 - Found 0 features of type [RefAxis] in diff C section-2
2025-07-01 18:09:49,232 INFO  ExportHelperExtension.cs: 1127 - Retrieving features of type [RefAxis] from Gripper YPR Connection-1
2025-07-01 18:09:49,233 INFO  ExportHelperExtension.cs: 1137 - Found 31 in Gripper YPR Connection-1
2025-07-01 18:09:49,233 INFO  ExportHelperExtension.cs: 1146 - Found 0 features of type [RefAxis] in Gripper YPR Connection-1
2025-07-01 18:09:49,233 INFO  ExportHelperExtension.cs: 1127 - Retrieving features of type [RefAxis] from gripper updated_51-1
2025-07-01 18:09:49,234 INFO  ExportHelperExtension.cs: 1137 - Found 23 in gripper updated_51-1
2025-07-01 18:09:49,234 INFO  ExportHelperExtension.cs: 1146 - Found 0 features of type [RefAxis] in gripper updated_51-1
2025-07-01 18:09:49,234 INFO  ExportHelperExtension.cs: 1127 - Retrieving features of type [RefAxis] from diff to gripper-2
2025-07-01 18:09:49,234 INFO  ExportHelperExtension.cs: 1137 - Found 29 in diff to gripper-2
2025-07-01 18:09:49,235 INFO  ExportHelperExtension.cs: 1146 - Found 0 features of type [RefAxis] in diff to gripper-2
2025-07-01 18:09:49,527 INFO  SwAddin.cs: 338 - Loading config tree
2025-07-01 18:09:49,528 INFO  ConfigurationSerialization.cs: 278 - URDF Configuration found
<Link z:Id="i1" xmlns="http://schemas.datacontract.org/2004/07/SW2URDF" xmlns:i="http://www.w3.org/2001/XMLSchema-instance" xmlns:z="http://schemas.microsoft.com/2003/10/Serialization/"><Attributes><Attribute z:Id="i2"><AttributeType>name</AttributeType><IsRequired>true</IsRequired><Value i:type="a:string" xmlns:a="http://www.w3.org/2001/XMLSchema">base_link</Value></Attribute></Attributes><ChildElements><URDFElement z:Id="i3" i:type="Inertial"><Attributes/><ChildElements><URDFElement z:Id="i4" i:type="Origin"><Attributes><Attribute z:Id="i5"><AttributeType>xyz</AttributeType><IsRequired>true</IsRequired><Value i:type="a:ArrayOfdouble" xmlns:a="http://schemas.microsoft.com/2003/10/Serialization/Arrays"><a:double>0</a:double><a:double>0</a:double><a:double>0</a:double></Value></Attribute><Attribute z:Id="i6"><AttributeType>rpy</AttributeType><IsRequired>true</IsRequired><Value i:type="a:ArrayOfdouble" xmlns:a="http://schemas.microsoft.com/2003/10/Serialization/Arrays"><a:double>0</a:double><a:double>0</a:double><a:double>0</a:double></Value></Attribute></Attributes><ChildElements/><ElementName>origin</ElementName><required>false</required><RPYAttribute z:Ref="i6"/><XYZAttribute z:Ref="i5"/><isCustomized>false</isCustomized></URDFElement><URDFElement z:Id="i7" i:type="Mass"><Attributes><Attribute z:Id="i8"><AttributeType>value</AttributeType><IsRequired>true</IsRequired><Value i:type="a:double" xmlns:a="http://www.w3.org/2001/XMLSchema">0</Value></Attribute></Attributes><ChildElements/><ElementName>mass</ElementName><required>false</required><ValueAttribute z:Ref="i8"/></URDFElement><URDFElement z:Id="i9" i:type="Inertia"><Attributes><Attribute z:Id="i10"><AttributeType>ixx</AttributeType><IsRequired>true</IsRequired><Value i:type="a:double" xmlns:a="http://www.w3.org/2001/XMLSchema">0</Value></Attribute><Attribute z:Id="i11"><AttributeType>ixy</AttributeType><IsRequired>true</IsRequired><Value i:type="a:double" xmlns:a="http://www.w3.org/2001/XMLSchema">0</Value></Attribute><Attribute z:Id="i12"><AttributeType>ixz</AttributeType><IsRequired>true</IsRequired><Value i:type="a:double" xmlns:a="http://www.w3.org/2001/XMLSchema">0</Value></Attribute><Attribute z:Id="i13"><AttributeType>iyy</AttributeType><IsRequired>true</IsRequired><Value i:type="a:double" xmlns:a="http://www.w3.org/2001/XMLSchema">0</Value></Attribute><Attribute z:Id="i14"><AttributeType>iyz</AttributeType><IsRequired>true</IsRequired><Value i:type="a:double" xmlns:a="http://www.w3.org/2001/XMLSchema">0</Value></Attribute><Attribute z:Id="i15"><AttributeType>izz</AttributeType><IsRequired>true</IsRequired><Value i:type="a:double" xmlns:a="http://www.w3.org/2001/XMLSchema">0</Value></Attribute></Attributes><ChildElements/><ElementName>inertia</ElementName><required>false</required><IxxAttribute z:Ref="i10"/><IxyAttribute z:Ref="i11"/><IxzAttribute z:Ref="i12"/><IyyAttribute z:Ref="i13"/><IyzAttribute z:Ref="i14"/><IzzAttribute z:Ref="i15"/></URDFElement></ChildElements><ElementName>inertial</ElementName><required>false</required><Inertia z:Ref="i9"/><Mass z:Ref="i7"/><Origin z:Ref="i4"/></URDFElement><URDFElement z:Id="i16" i:type="Visual"><Attributes/><ChildElements><URDFElement z:Id="i17" i:type="Origin"><Attributes><Attribute z:Id="i18"><AttributeType>xyz</AttributeType><IsRequired>true</IsRequired><Value i:type="a:ArrayOfdouble" xmlns:a="http://schemas.microsoft.com/2003/10/Serialization/Arrays"><a:double>0</a:double><a:double>0</a:double><a:double>0</a:double></Value></Attribute><Attribute z:Id="i19"><AttributeType>rpy</AttributeType><IsRequired>true</IsRequired><Value i:type="a:ArrayOfdouble" xmlns:a="http://schemas.microsoft.com/2003/10/Serialization/Arrays"><a:double>0</a:double><a:double>0</a:double><a:double>0</a:double></Value></Attribute></Attributes><ChildElements/><ElementName>origin</ElementName><required>false</required><RPYAttribute z:Ref="i19"/><XYZAttribute z:Ref="i18"/><isCustomized>false</isCustomized></URDFElement><URDFElement z:Id="i20" i:type="Geometry"><Attributes/><ChildElements><URDFElement z:Id="i21" i:type="Mesh"><Attributes><Attribute z:Id="i22"><AttributeType>filename</AttributeType><IsRequired>true</IsRequired><Value i:nil="true"/></Attribute></Attributes><ChildElements/><ElementName>mesh</ElementName><required>false</required><FilenameAttribute z:Ref="i22"/></URDFElement></ChildElements><ElementName>geometry</ElementName><required>true</required><Mesh z:Ref="i21"/></URDFElement><URDFElement z:Id="i23" i:type="Material"><Attributes><Attribute z:Id="i24"><AttributeType>name</AttributeType><IsRequired>true</IsRequired><Value i:type="a:string" xmlns:a="http://www.w3.org/2001/XMLSchema"/></Attribute></Attributes><ChildElements><URDFElement z:Id="i25" i:type="Color"><Attributes><Attribute z:Id="i26"><AttributeType>rgba</AttributeType><IsRequired>true</IsRequired><Value i:type="a:ArrayOfdouble" xmlns:a="http://schemas.microsoft.com/2003/10/Serialization/Arrays"><a:double>1</a:double><a:double>1</a:double><a:double>1</a:double><a:double>1</a:double></Value></Attribute></Attributes><ChildElements/><ElementName>color</ElementName><required>false</required><RGBAAttribute z:Ref="i26"/></URDFElement><URDFElement z:Id="i27" i:type="Texture"><Attributes><Attribute z:Id="i28"><AttributeType>filename</AttributeType><IsRequired>true</IsRequired><Value i:nil="true"/></Attribute></Attributes><ChildElements/><ElementName>texture</ElementName><required>false</required><FilenameAttribute z:Ref="i28"/><wFilename/></URDFElement></ChildElements><ElementName>material</ElementName><required>false</required><Color z:Ref="i25"/><NameAttribute z:Ref="i24"/><Texture z:Ref="i27"/></URDFElement></ChildElements><ElementName>visual</ElementName><required>false</required><Geometry z:Ref="i20"/><Material z:Ref="i23"/><Origin z:Ref="i17"/></URDFElement><URDFElement z:Id="i29" i:type="Collision"><Attributes/><ChildElements><URDFElement z:Id="i30" i:type="Origin"><Attributes><Attribute z:Id="i31"><AttributeType>xyz</AttributeType><IsRequired>true</IsRequired><Value i:type="a:ArrayOfdouble" xmlns:a="http://schemas.microsoft.com/2003/10/Serialization/Arrays"><a:double>0</a:double><a:double>0</a:double><a:double>0</a:double></Value></Attribute><Attribute z:Id="i32"><AttributeType>rpy</AttributeType><IsRequired>true</IsRequired><Value i:type="a:ArrayOfdouble" xmlns:a="http://schemas.microsoft.com/2003/10/Serialization/Arrays"><a:double>0</a:double><a:double>0</a:double><a:double>0</a:double></Value></Attribute></Attributes><ChildElements/><ElementName>origin</ElementName><required>false</required><RPYAttribute z:Ref="i32"/><XYZAttribute z:Ref="i31"/><isCustomized>false</isCustomized></URDFElement><URDFElement z:Id="i33" i:type="Geometry"><Attributes/><ChildElements><URDFElement z:Id="i34" i:type="Mesh"><Attributes><Attribute z:Id="i35"><AttributeType>filename</AttributeType><IsRequired>true</IsRequired><Value i:nil="true"/></Attribute></Attributes><ChildElements/><ElementName>mesh</ElementName><required>false</required><FilenameAttribute z:Ref="i35"/></URDFElement></ChildElements><ElementName>geometry</ElementName><required>true</required><Mesh z:Ref="i34"/></URDFElement></ChildElements><ElementName>collision</ElementName><required>false</required><Geometry z:Ref="i33"/><Origin z:Ref="i30"/></URDFElement><URDFElement z:Id="i36" i:type="Joint"><Attributes><Attribute z:Id="i37"><AttributeType>name</AttributeType><IsRequired>true</IsRequired><Value i:type="a:string" xmlns:a="http://www.w3.org/2001/XMLSchema"/></Attribute><Attribute z:Id="i38"><AttributeType>type</AttributeType><IsRequired>true</IsRequired><Value i:type="a:string" xmlns:a="http://www.w3.org/2001/XMLSchema"/></Attribute></Attributes><ChildElements><URDFElement z:Id="i39" i:type="Origin"><Attributes><Attribute z:Id="i40"><AttributeType>xyz</AttributeType><IsRequired>true</IsRequired><Value i:type="a:ArrayOfdouble" xmlns:a="http://schemas.microsoft.com/2003/10/Serialization/Arrays"><a:double>0</a:double><a:double>0</a:double><a:double>0</a:double></Value></Attribute><Attribute z:Id="i41"><AttributeType>rpy</AttributeType><IsRequired>true</IsRequired><Value i:type="a:ArrayOfdouble" xmlns:a="http://schemas.microsoft.com/2003/10/Serialization/Arrays"><a:double>0</a:double><a:double>0</a:double><a:double>0</a:double></Value></Attribute></Attributes><ChildElements/><ElementName>origin</ElementName><required>false</required><RPYAttribute z:Ref="i41"/><XYZAttribute z:Ref="i40"/><isCustomized>false</isCustomized></URDFElement><URDFElement z:Id="i42" i:type="ParentLink"><Attributes><Attribute z:Id="i43"><AttributeType>link</AttributeType><IsRequired>true</IsRequired><Value i:type="a:string" xmlns:a="http://www.w3.org/2001/XMLSchema"/></Attribute></Attributes><ChildElements/><ElementName>parent</ElementName><required>true</required><NameAttribute z:Ref="i43"/></URDFElement><URDFElement z:Id="i44" i:type="ChildLink"><Attributes><Attribute z:Id="i45"><AttributeType>link</AttributeType><IsRequired>true</IsRequired><Value i:type="a:string" xmlns:a="http://www.w3.org/2001/XMLSchema"/></Attribute></Attributes><ChildElements/><ElementName>child</ElementName><required>true</required><NameAttribute z:Ref="i45"/></URDFElement><URDFElement z:Id="i46" i:type="Axis"><Attributes><Attribute z:Id="i47"><AttributeType>xyz</AttributeType><IsRequired>true</IsRequired><Value i:type="a:ArrayOfdouble" xmlns:a="http://schemas.microsoft.com/2003/10/Serialization/Arrays"><a:double>0</a:double><a:double>0</a:double><a:double>0</a:double></Value></Attribute></Attributes><ChildElements/><ElementName>axis</ElementName><required>false</required><XYZAttribute z:Ref="i47"/></URDFElement><URDFElement z:Id="i48" i:type="Limit"><Attributes><Attribute z:Id="i49"><AttributeType>lower</AttributeType><IsRequired>false</IsRequired><Value i:nil="true"/></Attribute><Attribute z:Id="i50"><AttributeType>upper</AttributeType><IsRequired>false</IsRequired><Value i:nil="true"/></Attribute><Attribute z:Id="i51"><AttributeType>effort</AttributeType><IsRequired>true</IsRequired><Value i:nil="true"/></Attribute><Attribute z:Id="i52"><AttributeType>velocity</AttributeType><IsRequired>true</IsRequired><Value i:nil="true"/></Attribute></Attributes><ChildElements/><ElementName>limit</ElementName><required>false</required><EffortAttribute z:Ref="i51"/><LowerAttribute z:Ref="i49"/><UpperAttribute z:Ref="i50"/><VelocityAttribute z:Ref="i52"/></URDFElement><URDFElement z:Id="i53" i:type="Calibration"><Attributes><Attribute z:Id="i54"><AttributeType>rising</AttributeType><IsRequired>false</IsRequired><Value i:nil="true"/></Attribute><Attribute z:Id="i55"><AttributeType>falling</AttributeType><IsRequired>false</IsRequired><Value i:nil="true"/></Attribute></Attributes><ChildElements/><ElementName>calibration</ElementName><required>false</required><FallingAttribute z:Ref="i55"/><RisingAttribute z:Ref="i54"/></URDFElement><URDFElement z:Id="i56" i:type="Dynamics"><Attributes><Attribute z:Id="i57"><AttributeType>damping</AttributeType><IsRequired>false</IsRequired><Value i:nil="true"/></Attribute><Attribute z:Id="i58"><AttributeType>friction</AttributeType><IsRequired>false</IsRequired><Value i:nil="true"/></Attribute></Attributes><ChildElements/><ElementName>dynamics</ElementName><required>false</required><DampingAttribute z:Ref="i57"/><FrictionAttribute z:Ref="i58"/></URDFElement><URDFElement z:Id="i59" i:type="SafetyController"><Attributes><Attribute z:Id="i60"><AttributeType>soft_upper_limit</AttributeType><IsRequired>false</IsRequired><Value i:nil="true"/></Attribute><Attribute z:Id="i61"><AttributeType>soft_lower_limit</AttributeType><IsRequired>false</IsRequired><Value i:nil="true"/></Attribute><Attribute z:Id="i62"><AttributeType>k_position</AttributeType><IsRequired>false</IsRequired><Value i:nil="true"/></Attribute><Attribute z:Id="i63"><AttributeType>k_velocity</AttributeType><IsRequired>true</IsRequired><Value i:nil="true"/></Attribute></Attributes><ChildElements/><ElementName>safety_controller</ElementName><required>false</required><KPositionAttribute z:Ref="i62"/><KVelocityAttribute z:Ref="i63"/><SoftLowerAttribute z:Ref="i61"/><SoftUpperAttribute z:Ref="i60"/></URDFElement><URDFElement z:Id="i64" i:type="Mimic"><Attributes><Attribute z:Id="i65"><AttributeType>joint</AttributeType><IsRequired>true</IsRequired><Value i:nil="true"/></Attribute><Attribute z:Id="i66"><AttributeType>multiplier</AttributeType><IsRequired>false</IsRequired><Value i:nil="true"/></Attribute><Attribute z:Id="i67"><AttributeType>offset</AttributeType><IsRequired>false</IsRequired><Value i:nil="true"/></Attribute></Attributes><ChildElements/><ElementName>mimic</ElementName><required>false</required><JointNameAttribute z:Ref="i65"/><MultiplierAttribute z:Ref="i66"/><OffsetAttribute z:Ref="i67"/></URDFElement></ChildElements><ElementName>joint</ElementName><required>false</required><Axis z:Ref="i46"/><AxisName/><Calibration z:Ref="i53"/><Child z:Ref="i44"/><CoordinateSystemName>Coordinate System1</CoordinateSystemName><Dynamics z:Ref="i56"/><Limit z:Ref="i48"/><Mimic z:Ref="i64"/><NameAttribute z:Ref="i37"/><Origin z:Ref="i39"/><Parent z:Ref="i42"/><Safety z:Ref="i59"/><TypeAttribute z:Ref="i38"/></URDFElement></ChildElements><ElementName>link</ElementName><required>true</required><Children><Link z:Id="i68"><Attributes><Attribute z:Id="i69"><AttributeType>name</AttributeType><IsRequired>true</IsRequired><Value i:type="a:string" xmlns:a="http://www.w3.org/2001/XMLSchema">dof1</Value></Attribute></Attributes><ChildElements><URDFElement z:Id="i70" i:type="Inertial"><Attributes/><ChildElements><URDFElement z:Id="i71" i:type="Origin"><Attributes><Attribute z:Id="i72"><AttributeType>xyz</AttributeType><IsRequired>true</IsRequired><Value i:type="a:ArrayOfdouble" xmlns:a="http://schemas.microsoft.com/2003/10/Serialization/Arrays"><a:double>0</a:double><a:double>0</a:double><a:double>0</a:double></Value></Attribute><Attribute z:Id="i73"><AttributeType>rpy</AttributeType><IsRequired>true</IsRequired><Value i:type="a:ArrayOfdouble" xmlns:a="http://schemas.microsoft.com/2003/10/Serialization/Arrays"><a:double>0</a:double><a:double>0</a:double><a:double>0</a:double></Value></Attribute></Attributes><ChildElements/><ElementName>origin</ElementName><required>false</required><RPYAttribute z:Ref="i73"/><XYZAttribute z:Ref="i72"/><isCustomized>false</isCustomized></URDFElement><URDFElement z:Id="i74" i:type="Mass"><Attributes><Attribute z:Id="i75"><AttributeType>value</AttributeType><IsRequired>true</IsRequired><Value i:type="a:double" xmlns:a="http://www.w3.org/2001/XMLSchema">0</Value></Attribute></Attributes><ChildElements/><ElementName>mass</ElementName><required>false</required><ValueAttribute z:Ref="i75"/></URDFElement><URDFElement z:Id="i76" i:type="Inertia"><Attributes><Attribute z:Id="i77"><AttributeType>ixx</AttributeType><IsRequired>true</IsRequired><Value i:type="a:double" xmlns:a="http://www.w3.org/2001/XMLSchema">0</Value></Attribute><Attribute z:Id="i78"><AttributeType>ixy</AttributeType><IsRequired>true</IsRequired><Value i:type="a:double" xmlns:a="http://www.w3.org/2001/XMLSchema">0</Value></Attribute><Attribute z:Id="i79"><AttributeType>ixz</AttributeType><IsRequired>true</IsRequired><Value i:type="a:double" xmlns:a="http://www.w3.org/2001/XMLSchema">0</Value></Attribute><Attribute z:Id="i80"><AttributeType>iyy</AttributeType><IsRequired>true</IsRequired><Value i:type="a:double" xmlns:a="http://www.w3.org/2001/XMLSchema">0</Value></Attribute><Attribute z:Id="i81"><AttributeType>iyz</AttributeType><IsRequired>true</IsRequired><Value i:type="a:double" xmlns:a="http://www.w3.org/2001/XMLSchema">0</Value></Attribute><Attribute z:Id="i82"><AttributeType>izz</AttributeType><IsRequired>true</IsRequired><Value i:type="a:double" xmlns:a="http://www.w3.org/2001/XMLSchema">0</Value></Attribute></Attributes><ChildElements/><ElementName>inertia</ElementName><required>false</required><IxxAttribute z:Ref="i77"/><IxyAttribute z:Ref="i78"/><IxzAttribute z:Ref="i79"/><IyyAttribute z:Ref="i80"/><IyzAttribute z:Ref="i81"/><IzzAttribute z:Ref="i82"/></URDFElement></ChildElements><ElementName>inertial</ElementName><required>false</required><Inertia z:Ref="i76"/><Mass z:Ref="i74"/><Origin z:Ref="i71"/></URDFElement><URDFElement z:Id="i83" i:type="Visual"><Attributes/><ChildElements><URDFElement z:Id="i84" i:type="Origin"><Attributes><Attribute z:Id="i85"><AttributeType>xyz</AttributeType><IsRequired>true</IsRequired><Value i:type="a:ArrayOfdouble" xmlns:a="http://schemas.microsoft.com/2003/10/Serialization/Arrays"><a:double>0</a:double><a:double>0</a:double><a:double>0</a:double></Value></Attribute><Attribute z:Id="i86"><AttributeType>rpy</AttributeType><IsRequired>true</IsRequired><Value i:type="a:ArrayOfdouble" xmlns:a="http://schemas.microsoft.com/2003/10/Serialization/Arrays"><a:double>0</a:double><a:double>0</a:double><a:double>0</a:double></Value></Attribute></Attributes><ChildElements/><ElementName>origin</ElementName><required>false</required><RPYAttribute z:Ref="i86"/><XYZAttribute z:Ref="i85"/><isCustomized>false</isCustomized></URDFElement><URDFElement z:Id="i87" i:type="Geometry"><Attributes/><ChildElements><URDFElement z:Id="i88" i:type="Mesh"><Attributes><Attribute z:Id="i89"><AttributeType>filename</AttributeType><IsRequired>true</IsRequired><Value i:nil="true"/></Attribute></Attributes><ChildElements/><ElementName>mesh</ElementName><required>false</required><FilenameAttribute z:Ref="i89"/></URDFElement></ChildElements><ElementName>geometry</ElementName><required>true</required><Mesh z:Ref="i88"/></URDFElement><URDFElement z:Id="i90" i:type="Material"><Attributes><Attribute z:Id="i91"><AttributeType>name</AttributeType><IsRequired>true</IsRequired><Value i:type="a:string" xmlns:a="http://www.w3.org/2001/XMLSchema"/></Attribute></Attributes><ChildElements><URDFElement z:Id="i92" i:type="Color"><Attributes><Attribute z:Id="i93"><AttributeType>rgba</AttributeType><IsRequired>true</IsRequired><Value i:type="a:ArrayOfdouble" xmlns:a="http://schemas.microsoft.com/2003/10/Serialization/Arrays"><a:double>1</a:double><a:double>1</a:double><a:double>1</a:double><a:double>1</a:double></Value></Attribute></Attributes><ChildElements/><ElementName>color</ElementName><required>false</required><RGBAAttribute z:Ref="i93"/></URDFElement><URDFElement z:Id="i94" i:type="Texture"><Attributes><Attribute z:Id="i95"><AttributeType>filename</AttributeType><IsRequired>true</IsRequired><Value i:nil="true"/></Attribute></Attributes><ChildElements/><ElementName>texture</ElementName><required>false</required><FilenameAttribute z:Ref="i95"/><wFilename/></URDFElement></ChildElements><ElementName>material</ElementName><required>false</required><Color z:Ref="i92"/><NameAttribute z:Ref="i91"/><Texture z:Ref="i94"/></URDFElement></ChildElements><ElementName>visual</ElementName><required>false</required><Geometry z:Ref="i87"/><Material z:Ref="i90"/><Origin z:Ref="i84"/></URDFElement><URDFElement z:Id="i96" i:type="Collision"><Attributes/><ChildElements><URDFElement z:Id="i97" i:type="Origin"><Attributes><Attribute z:Id="i98"><AttributeType>xyz</AttributeType><IsRequired>true</IsRequired><Value i:type="a:ArrayOfdouble" xmlns:a="http://schemas.microsoft.com/2003/10/Serialization/Arrays"><a:double>0</a:double><a:double>0</a:double><a:double>0</a:double></Value></Attribute><Attribute z:Id="i99"><AttributeType>rpy</AttributeType><IsRequired>true</IsRequired><Value i:type="a:ArrayOfdouble" xmlns:a="http://schemas.microsoft.com/2003/10/Serialization/Arrays"><a:double>0</a:double><a:double>0</a:double><a:double>0</a:double></Value></Attribute></Attributes><ChildElements/><ElementName>origin</ElementName><required>false</required><RPYAttribute z:Ref="i99"/><XYZAttribute z:Ref="i98"/><isCustomized>false</isCustomized></URDFElement><URDFElement z:Id="i100" i:type="Geometry"><Attributes/><ChildElements><URDFElement z:Id="i101" i:type="Mesh"><Attributes><Attribute z:Id="i102"><AttributeType>filename</AttributeType><IsRequired>true</IsRequired><Value i:nil="true"/></Attribute></Attributes><ChildElements/><ElementName>mesh</ElementName><required>false</required><FilenameAttribute z:Ref="i102"/></URDFElement></ChildElements><ElementName>geometry</ElementName><required>true</required><Mesh z:Ref="i101"/></URDFElement></ChildElements><ElementName>collision</ElementName><required>false</required><Geometry z:Ref="i100"/><Origin z:Ref="i97"/></URDFElement><URDFElement z:Id="i103" i:type="Joint"><Attributes><Attribute z:Id="i104"><AttributeType>name</AttributeType><IsRequired>true</IsRequired><Value i:type="a:string" xmlns:a="http://www.w3.org/2001/XMLSchema">dof1</Value></Attribute><Attribute z:Id="i105"><AttributeType>type</AttributeType><IsRequired>true</IsRequired><Value i:type="a:string" xmlns:a="http://www.w3.org/2001/XMLSchema">revolute</Value></Attribute></Attributes><ChildElements><URDFElement z:Id="i106" i:type="Origin"><Attributes><Attribute z:Id="i107"><AttributeType>xyz</AttributeType><IsRequired>true</IsRequired><Value i:type="a:ArrayOfdouble" xmlns:a="http://schemas.microsoft.com/2003/10/Serialization/Arrays"><a:double>0</a:double><a:double>0</a:double><a:double>0</a:double></Value></Attribute><Attribute z:Id="i108"><AttributeType>rpy</AttributeType><IsRequired>true</IsRequired><Value i:type="a:ArrayOfdouble" xmlns:a="http://schemas.microsoft.com/2003/10/Serialization/Arrays"><a:double>0</a:double><a:double>0</a:double><a:double>0</a:double></Value></Attribute></Attributes><ChildElements/><ElementName>origin</ElementName><required>false</required><RPYAttribute z:Ref="i108"/><XYZAttribute z:Ref="i107"/><isCustomized>false</isCustomized></URDFElement><URDFElement z:Id="i109" i:type="ParentLink"><Attributes><Attribute z:Id="i110"><AttributeType>link</AttributeType><IsRequired>true</IsRequired><Value i:type="a:string" xmlns:a="http://www.w3.org/2001/XMLSchema"/></Attribute></Attributes><ChildElements/><ElementName>parent</ElementName><required>true</required><NameAttribute z:Ref="i110"/></URDFElement><URDFElement z:Id="i111" i:type="ChildLink"><Attributes><Attribute z:Id="i112"><AttributeType>link</AttributeType><IsRequired>true</IsRequired><Value i:type="a:string" xmlns:a="http://www.w3.org/2001/XMLSchema"/></Attribute></Attributes><ChildElements/><ElementName>child</ElementName><required>true</required><NameAttribute z:Ref="i112"/></URDFElement><URDFElement z:Id="i113" i:type="Axis"><Attributes><Attribute z:Id="i114"><AttributeType>xyz</AttributeType><IsRequired>true</IsRequired><Value i:type="a:ArrayOfdouble" xmlns:a="http://schemas.microsoft.com/2003/10/Serialization/Arrays"><a:double>0</a:double><a:double>0</a:double><a:double>0</a:double></Value></Attribute></Attributes><ChildElements/><ElementName>axis</ElementName><required>false</required><XYZAttribute z:Ref="i114"/></URDFElement><URDFElement z:Id="i115" i:type="Limit"><Attributes><Attribute z:Id="i116"><AttributeType>lower</AttributeType><IsRequired>true</IsRequired><Value i:nil="true"/></Attribute><Attribute z:Id="i117"><AttributeType>upper</AttributeType><IsRequired>true</IsRequired><Value i:nil="true"/></Attribute><Attribute z:Id="i118"><AttributeType>effort</AttributeType><IsRequired>true</IsRequired><Value i:nil="true"/></Attribute><Attribute z:Id="i119"><AttributeType>velocity</AttributeType><IsRequired>true</IsRequired><Value i:nil="true"/></Attribute></Attributes><ChildElements/><ElementName>limit</ElementName><required>true</required><EffortAttribute z:Ref="i118"/><LowerAttribute z:Ref="i116"/><UpperAttribute z:Ref="i117"/><VelocityAttribute z:Ref="i119"/></URDFElement><URDFElement z:Id="i120" i:type="Calibration"><Attributes><Attribute z:Id="i121"><AttributeType>rising</AttributeType><IsRequired>false</IsRequired><Value i:nil="true"/></Attribute><Attribute z:Id="i122"><AttributeType>falling</AttributeType><IsRequired>false</IsRequired><Value i:nil="true"/></Attribute></Attributes><ChildElements/><ElementName>calibration</ElementName><required>false</required><FallingAttribute z:Ref="i122"/><RisingAttribute z:Ref="i121"/></URDFElement><URDFElement z:Id="i123" i:type="Dynamics"><Attributes><Attribute z:Id="i124"><AttributeType>damping</AttributeType><IsRequired>false</IsRequired><Value i:nil="true"/></Attribute><Attribute z:Id="i125"><AttributeType>friction</AttributeType><IsRequired>false</IsRequired><Value i:nil="true"/></Attribute></Attributes><ChildElements/><ElementName>dynamics</ElementName><required>false</required><DampingAttribute z:Ref="i124"/><FrictionAttribute z:Ref="i125"/></URDFElement><URDFElement z:Id="i126" i:type="SafetyController"><Attributes><Attribute z:Id="i127"><AttributeType>soft_upper_limit</AttributeType><IsRequired>false</IsRequired><Value i:nil="true"/></Attribute><Attribute z:Id="i128"><AttributeType>soft_lower_limit</AttributeType><IsRequired>false</IsRequired><Value i:nil="true"/></Attribute><Attribute z:Id="i129"><AttributeType>k_position</AttributeType><IsRequired>false</IsRequired><Value i:nil="true"/></Attribute><Attribute z:Id="i130"><AttributeType>k_velocity</AttributeType><IsRequired>true</IsRequired><Value i:nil="true"/></Attribute></Attributes><ChildElements/><ElementName>safety_controller</ElementName><required>false</required><KPositionAttribute z:Ref="i129"/><KVelocityAttribute z:Ref="i130"/><SoftLowerAttribute z:Ref="i128"/><SoftUpperAttribute z:Ref="i127"/></URDFElement><URDFElement z:Id="i131" i:type="Mimic"><Attributes><Attribute z:Id="i132"><AttributeType>joint</AttributeType><IsRequired>true</IsRequired><Value i:nil="true"/></Attribute><Attribute z:Id="i133"><AttributeType>multiplier</AttributeType><IsRequired>false</IsRequired><Value i:nil="true"/></Attribute><Attribute z:Id="i134"><AttributeType>offset</AttributeType><IsRequired>false</IsRequired><Value i:nil="true"/></Attribute></Attributes><ChildElements/><ElementName>mimic</ElementName><required>false</required><JointNameAttribute z:Ref="i132"/><MultiplierAttribute z:Ref="i133"/><OffsetAttribute z:Ref="i134"/></URDFElement></ChildElements><ElementName>joint</ElementName><required>false</required><Axis z:Ref="i113"/><AxisName>Axis1</AxisName><Calibration z:Ref="i120"/><Child z:Ref="i111"/><CoordinateSystemName>Automatically Generate</CoordinateSystemName><Dynamics z:Ref="i123"/><Limit z:Ref="i115"/><Mimic z:Ref="i131"/><NameAttribute z:Ref="i104"/><Origin z:Ref="i106"/><Parent z:Ref="i109"/><Safety z:Ref="i126"/><TypeAttribute z:Ref="i105"/></URDFElement></ChildElements><ElementName>link</ElementName><required>true</required><Children><Link z:Id="i135"><Attributes><Attribute z:Id="i136"><AttributeType>name</AttributeType><IsRequired>true</IsRequired><Value i:type="a:string" xmlns:a="http://www.w3.org/2001/XMLSchema">dof2</Value></Attribute></Attributes><ChildElements><URDFElement z:Id="i137" i:type="Inertial"><Attributes/><ChildElements><URDFElement z:Id="i138" i:type="Origin"><Attributes><Attribute z:Id="i139"><AttributeType>xyz</AttributeType><IsRequired>true</IsRequired><Value i:type="a:ArrayOfdouble" xmlns:a="http://schemas.microsoft.com/2003/10/Serialization/Arrays"><a:double>0</a:double><a:double>0</a:double><a:double>0</a:double></Value></Attribute><Attribute z:Id="i140"><AttributeType>rpy</AttributeType><IsRequired>true</IsRequired><Value i:type="a:ArrayOfdouble" xmlns:a="http://schemas.microsoft.com/2003/10/Serialization/Arrays"><a:double>0</a:double><a:double>0</a:double><a:double>0</a:double></Value></Attribute></Attributes><ChildElements/><ElementName>origin</ElementName><required>false</required><RPYAttribute z:Ref="i140"/><XYZAttribute z:Ref="i139"/><isCustomized>false</isCustomized></URDFElement><URDFElement z:Id="i141" i:type="Mass"><Attributes><Attribute z:Id="i142"><AttributeType>value</AttributeType><IsRequired>true</IsRequired><Value i:type="a:double" xmlns:a="http://www.w3.org/2001/XMLSchema">0</Value></Attribute></Attributes><ChildElements/><ElementName>mass</ElementName><required>false</required><ValueAttribute z:Ref="i142"/></URDFElement><URDFElement z:Id="i143" i:type="Inertia"><Attributes><Attribute z:Id="i144"><AttributeType>ixx</AttributeType><IsRequired>true</IsRequired><Value i:type="a:double" xmlns:a="http://www.w3.org/2001/XMLSchema">0</Value></Attribute><Attribute z:Id="i145"><AttributeType>ixy</AttributeType><IsRequired>true</IsRequired><Value i:type="a:double" xmlns:a="http://www.w3.org/2001/XMLSchema">0</Value></Attribute><Attribute z:Id="i146"><AttributeType>ixz</AttributeType><IsRequired>true</IsRequired><Value i:type="a:double" xmlns:a="http://www.w3.org/2001/XMLSchema">0</Value></Attribute><Attribute z:Id="i147"><AttributeType>iyy</AttributeType><IsRequired>true</IsRequired><Value i:type="a:double" xmlns:a="http://www.w3.org/2001/XMLSchema">0</Value></Attribute><Attribute z:Id="i148"><AttributeType>iyz</AttributeType><IsRequired>true</IsRequired><Value i:type="a:double" xmlns:a="http://www.w3.org/2001/XMLSchema">0</Value></Attribute><Attribute z:Id="i149"><AttributeType>izz</AttributeType><IsRequired>true</IsRequired><Value i:type="a:double" xmlns:a="http://www.w3.org/2001/XMLSchema">0</Value></Attribute></Attributes><ChildElements/><ElementName>inertia</ElementName><required>false</required><IxxAttribute z:Ref="i144"/><IxyAttribute z:Ref="i145"/><IxzAttribute z:Ref="i146"/><IyyAttribute z:Ref="i147"/><IyzAttribute z:Ref="i148"/><IzzAttribute z:Ref="i149"/></URDFElement></ChildElements><ElementName>inertial</ElementName><required>false</required><Inertia z:Ref="i143"/><Mass z:Ref="i141"/><Origin z:Ref="i138"/></URDFElement><URDFElement z:Id="i150" i:type="Visual"><Attributes/><ChildElements><URDFElement z:Id="i151" i:type="Origin"><Attributes><Attribute z:Id="i152"><AttributeType>xyz</AttributeType><IsRequired>true</IsRequired><Value i:type="a:ArrayOfdouble" xmlns:a="http://schemas.microsoft.com/2003/10/Serialization/Arrays"><a:double>0</a:double><a:double>0</a:double><a:double>0</a:double></Value></Attribute><Attribute z:Id="i153"><AttributeType>rpy</AttributeType><IsRequired>true</IsRequired><Value i:type="a:ArrayOfdouble" xmlns:a="http://schemas.microsoft.com/2003/10/Serialization/Arrays"><a:double>0</a:double><a:double>0</a:double><a:double>0</a:double></Value></Attribute></Attributes><ChildElements/><ElementName>origin</ElementName><required>false</required><RPYAttribute z:Ref="i153"/><XYZAttribute z:Ref="i152"/><isCustomized>false</isCustomized></URDFElement><URDFElement z:Id="i154" i:type="Geometry"><Attributes/><ChildElements><URDFElement z:Id="i155" i:type="Mesh"><Attributes><Attribute z:Id="i156"><AttributeType>filename</AttributeType><IsRequired>true</IsRequired><Value i:nil="true"/></Attribute></Attributes><ChildElements/><ElementName>mesh</ElementName><required>false</required><FilenameAttribute z:Ref="i156"/></URDFElement></ChildElements><ElementName>geometry</ElementName><required>true</required><Mesh z:Ref="i155"/></URDFElement><URDFElement z:Id="i157" i:type="Material"><Attributes><Attribute z:Id="i158"><AttributeType>name</AttributeType><IsRequired>true</IsRequired><Value i:type="a:string" xmlns:a="http://www.w3.org/2001/XMLSchema"/></Attribute></Attributes><ChildElements><URDFElement z:Id="i159" i:type="Color"><Attributes><Attribute z:Id="i160"><AttributeType>rgba</AttributeType><IsRequired>true</IsRequired><Value i:type="a:ArrayOfdouble" xmlns:a="http://schemas.microsoft.com/2003/10/Serialization/Arrays"><a:double>1</a:double><a:double>1</a:double><a:double>1</a:double><a:double>1</a:double></Value></Attribute></Attributes><ChildElements/><ElementName>color</ElementName><required>false</required><RGBAAttribute z:Ref="i160"/></URDFElement><URDFElement z:Id="i161" i:type="Texture"><Attributes><Attribute z:Id="i162"><AttributeType>filename</AttributeType><IsRequired>true</IsRequired><Value i:nil="true"/></Attribute></Attributes><ChildElements/><ElementName>texture</ElementName><required>false</required><FilenameAttribute z:Ref="i162"/><wFilename/></URDFElement></ChildElements><ElementName>material</ElementName><required>false</required><Color z:Ref="i159"/><NameAttribute z:Ref="i158"/><Texture z:Ref="i161"/></URDFElement></ChildElements><ElementName>visual</ElementName><required>false</required><Geometry z:Ref="i154"/><Material z:Ref="i157"/><Origin z:Ref="i151"/></URDFElement><URDFElement z:Id="i163" i:type="Collision"><Attributes/><ChildElements><URDFElement z:Id="i164" i:type="Origin"><Attributes><Attribute z:Id="i165"><AttributeType>xyz</AttributeType><IsRequired>true</IsRequired><Value i:type="a:ArrayOfdouble" xmlns:a="http://schemas.microsoft.com/2003/10/Serialization/Arrays"><a:double>0</a:double><a:double>0</a:double><a:double>0</a:double></Value></Attribute><Attribute z:Id="i166"><AttributeType>rpy</AttributeType><IsRequired>true</IsRequired><Value i:type="a:ArrayOfdouble" xmlns:a="http://schemas.microsoft.com/2003/10/Serialization/Arrays"><a:double>0</a:double><a:double>0</a:double><a:double>0</a:double></Value></Attribute></Attributes><ChildElements/><ElementName>origin</ElementName><required>false</required><RPYAttribute z:Ref="i166"/><XYZAttribute z:Ref="i165"/><isCustomized>false</isCustomized></URDFElement><URDFElement z:Id="i167" i:type="Geometry"><Attributes/><ChildElements><URDFElement z:Id="i168" i:type="Mesh"><Attributes><Attribute z:Id="i169"><AttributeType>filename</AttributeType><IsRequired>true</IsRequired><Value i:nil="true"/></Attribute></Attributes><ChildElements/><ElementName>mesh</ElementName><required>false</required><FilenameAttribute z:Ref="i169"/></URDFElement></ChildElements><ElementName>geometry</ElementName><required>true</required><Mesh z:Ref="i168"/></URDFElement></ChildElements><ElementName>collision</ElementName><required>false</required><Geometry z:Ref="i167"/><Origin z:Ref="i164"/></URDFElement><URDFElement z:Id="i170" i:type="Joint"><Attributes><Attribute z:Id="i171"><AttributeType>name</AttributeType><IsRequired>true</IsRequired><Value i:type="a:string" xmlns:a="http://www.w3.org/2001/XMLSchema">dof2</Value></Attribute><Attribute z:Id="i172"><AttributeType>type</AttributeType><IsRequired>true</IsRequired><Value i:type="a:string" xmlns:a="http://www.w3.org/2001/XMLSchema">revolute</Value></Attribute></Attributes><ChildElements><URDFElement z:Id="i173" i:type="Origin"><Attributes><Attribute z:Id="i174"><AttributeType>xyz</AttributeType><IsRequired>true</IsRequired><Value i:type="a:ArrayOfdouble" xmlns:a="http://schemas.microsoft.com/2003/10/Serialization/Arrays"><a:double>0</a:double><a:double>0</a:double><a:double>0</a:double></Value></Attribute><Attribute z:Id="i175"><AttributeType>rpy</AttributeType><IsRequired>true</IsRequired><Value i:type="a:ArrayOfdouble" xmlns:a="http://schemas.microsoft.com/2003/10/Serialization/Arrays"><a:double>0</a:double><a:double>0</a:double><a:double>0</a:double></Value></Attribute></Attributes><ChildElements/><ElementName>origin</ElementName><required>false</required><RPYAttribute z:Ref="i175"/><XYZAttribute z:Ref="i174"/><isCustomized>false</isCustomized></URDFElement><URDFElement z:Id="i176" i:type="ParentLink"><Attributes><Attribute z:Id="i177"><AttributeType>link</AttributeType><IsRequired>true</IsRequired><Value i:type="a:string" xmlns:a="http://www.w3.org/2001/XMLSchema"/></Attribute></Attributes><ChildElements/><ElementName>parent</ElementName><required>true</required><NameAttribute z:Ref="i177"/></URDFElement><URDFElement z:Id="i178" i:type="ChildLink"><Attributes><Attribute z:Id="i179"><AttributeType>link</AttributeType><IsRequired>true</IsRequired><Value i:type="a:string" xmlns:a="http://www.w3.org/2001/XMLSchema"/></Attribute></Attributes><ChildElements/><ElementName>child</ElementName><required>true</required><NameAttribute z:Ref="i179"/></URDFElement><URDFElement z:Id="i180" i:type="Axis"><Attributes><Attribute z:Id="i181"><AttributeType>xyz</AttributeType><IsRequired>true</IsRequired><Value i:type="a:ArrayOfdouble" xmlns:a="http://schemas.microsoft.com/2003/10/Serialization/Arrays"><a:double>0</a:double><a:double>0</a:double><a:double>0</a:double></Value></Attribute></Attributes><ChildElements/><ElementName>axis</ElementName><required>false</required><XYZAttribute z:Ref="i181"/></URDFElement><URDFElement z:Id="i182" i:type="Limit"><Attributes><Attribute z:Id="i183"><AttributeType>lower</AttributeType><IsRequired>false</IsRequired><Value i:nil="true"/></Attribute><Attribute z:Id="i184"><AttributeType>upper</AttributeType><IsRequired>false</IsRequired><Value i:nil="true"/></Attribute><Attribute z:Id="i185"><AttributeType>effort</AttributeType><IsRequired>true</IsRequired><Value i:nil="true"/></Attribute><Attribute z:Id="i186"><AttributeType>velocity</AttributeType><IsRequired>true</IsRequired><Value i:nil="true"/></Attribute></Attributes><ChildElements/><ElementName>limit</ElementName><required>false</required><EffortAttribute z:Ref="i185"/><LowerAttribute z:Ref="i183"/><UpperAttribute z:Ref="i184"/><VelocityAttribute z:Ref="i186"/></URDFElement><URDFElement z:Id="i187" i:type="Calibration"><Attributes><Attribute z:Id="i188"><AttributeType>rising</AttributeType><IsRequired>false</IsRequired><Value i:nil="true"/></Attribute><Attribute z:Id="i189"><AttributeType>falling</AttributeType><IsRequired>false</IsRequired><Value i:nil="true"/></Attribute></Attributes><ChildElements/><ElementName>calibration</ElementName><required>false</required><FallingAttribute z:Ref="i189"/><RisingAttribute z:Ref="i188"/></URDFElement><URDFElement z:Id="i190" i:type="Dynamics"><Attributes><Attribute z:Id="i191"><AttributeType>damping</AttributeType><IsRequired>false</IsRequired><Value i:nil="true"/></Attribute><Attribute z:Id="i192"><AttributeType>friction</AttributeType><IsRequired>false</IsRequired><Value i:nil="true"/></Attribute></Attributes><ChildElements/><ElementName>dynamics</ElementName><required>false</required><DampingAttribute z:Ref="i191"/><FrictionAttribute z:Ref="i192"/></URDFElement><URDFElement z:Id="i193" i:type="SafetyController"><Attributes><Attribute z:Id="i194"><AttributeType>soft_upper_limit</AttributeType><IsRequired>false</IsRequired><Value i:nil="true"/></Attribute><Attribute z:Id="i195"><AttributeType>soft_lower_limit</AttributeType><IsRequired>false</IsRequired><Value i:nil="true"/></Attribute><Attribute z:Id="i196"><AttributeType>k_position</AttributeType><IsRequired>false</IsRequired><Value i:nil="true"/></Attribute><Attribute z:Id="i197"><AttributeType>k_velocity</AttributeType><IsRequired>true</IsRequired><Value i:nil="true"/></Attribute></Attributes><ChildElements/><ElementName>safety_controller</ElementName><required>false</required><KPositionAttribute z:Ref="i196"/><KVelocityAttribute z:Ref="i197"/><SoftLowerAttribute z:Ref="i195"/><SoftUpperAttribute z:Ref="i194"/></URDFElement><URDFElement z:Id="i198" i:type="Mimic"><Attributes><Attribute z:Id="i199"><AttributeType>joint</AttributeType><IsRequired>true</IsRequired><Value i:nil="true"/></Attribute><Attribute z:Id="i200"><AttributeType>multiplier</AttributeType><IsRequired>false</IsRequired><Value i:nil="true"/></Attribute><Attribute z:Id="i201"><AttributeType>offset</AttributeType><IsRequired>false</IsRequired><Value i:nil="true"/></Attribute></Attributes><ChildElements/><ElementName>mimic</ElementName><required>false</required><JointNameAttribute z:Ref="i199"/><MultiplierAttribute z:Ref="i200"/><OffsetAttribute z:Ref="i201"/></URDFElement></ChildElements><ElementName>joint</ElementName><required>false</required><Axis z:Ref="i180"/><AxisName>Axis2</AxisName><Calibration z:Ref="i187"/><Child z:Ref="i178"/><CoordinateSystemName>Automatically Generate</CoordinateSystemName><Dynamics z:Ref="i190"/><Limit z:Ref="i182"/><Mimic z:Ref="i198"/><NameAttribute z:Ref="i171"/><Origin z:Ref="i173"/><Parent z:Ref="i176"/><Safety z:Ref="i193"/><TypeAttribute z:Ref="i172"/></URDFElement></ChildElements><ElementName>link</ElementName><required>true</required><Children><Link z:Id="i202"><Attributes><Attribute z:Id="i203"><AttributeType>name</AttributeType><IsRequired>true</IsRequired><Value i:type="a:string" xmlns:a="http://www.w3.org/2001/XMLSchema">dof3</Value></Attribute></Attributes><ChildElements><URDFElement z:Id="i204" i:type="Inertial"><Attributes/><ChildElements><URDFElement z:Id="i205" i:type="Origin"><Attributes><Attribute z:Id="i206"><AttributeType>xyz</AttributeType><IsRequired>true</IsRequired><Value i:type="a:ArrayOfdouble" xmlns:a="http://schemas.microsoft.com/2003/10/Serialization/Arrays"><a:double>0</a:double><a:double>0</a:double><a:double>0</a:double></Value></Attribute><Attribute z:Id="i207"><AttributeType>rpy</AttributeType><IsRequired>true</IsRequired><Value i:type="a:ArrayOfdouble" xmlns:a="http://schemas.microsoft.com/2003/10/Serialization/Arrays"><a:double>0</a:double><a:double>0</a:double><a:double>0</a:double></Value></Attribute></Attributes><ChildElements/><ElementName>origin</ElementName><required>false</required><RPYAttribute z:Ref="i207"/><XYZAttribute z:Ref="i206"/><isCustomized>false</isCustomized></URDFElement><URDFElement z:Id="i208" i:type="Mass"><Attributes><Attribute z:Id="i209"><AttributeType>value</AttributeType><IsRequired>true</IsRequired><Value i:type="a:double" xmlns:a="http://www.w3.org/2001/XMLSchema">0</Value></Attribute></Attributes><ChildElements/><ElementName>mass</ElementName><required>false</required><ValueAttribute z:Ref="i209"/></URDFElement><URDFElement z:Id="i210" i:type="Inertia"><Attributes><Attribute z:Id="i211"><AttributeType>ixx</AttributeType><IsRequired>true</IsRequired><Value i:type="a:double" xmlns:a="http://www.w3.org/2001/XMLSchema">0</Value></Attribute><Attribute z:Id="i212"><AttributeType>ixy</AttributeType><IsRequired>true</IsRequired><Value i:type="a:double" xmlns:a="http://www.w3.org/2001/XMLSchema">0</Value></Attribute><Attribute z:Id="i213"><AttributeType>ixz</AttributeType><IsRequired>true</IsRequired><Value i:type="a:double" xmlns:a="http://www.w3.org/2001/XMLSchema">0</Value></Attribute><Attribute z:Id="i214"><AttributeType>iyy</AttributeType><IsRequired>true</IsRequired><Value i:type="a:double" xmlns:a="http://www.w3.org/2001/XMLSchema">0</Value></Attribute><Attribute z:Id="i215"><AttributeType>iyz</AttributeType><IsRequired>true</IsRequired><Value i:type="a:double" xmlns:a="http://www.w3.org/2001/XMLSchema">0</Value></Attribute><Attribute z:Id="i216"><AttributeType>izz</AttributeType><IsRequired>true</IsRequired><Value i:type="a:double" xmlns:a="http://www.w3.org/2001/XMLSchema">0</Value></Attribute></Attributes><ChildElements/><ElementName>inertia</ElementName><required>false</required><IxxAttribute z:Ref="i211"/><IxyAttribute z:Ref="i212"/><IxzAttribute z:Ref="i213"/><IyyAttribute z:Ref="i214"/><IyzAttribute z:Ref="i215"/><IzzAttribute z:Ref="i216"/></URDFElement></ChildElements><ElementName>inertial</ElementName><required>false</required><Inertia z:Ref="i210"/><Mass z:Ref="i208"/><Origin z:Ref="i205"/></URDFElement><URDFElement z:Id="i217" i:type="Visual"><Attributes/><ChildElements><URDFElement z:Id="i218" i:type="Origin"><Attributes><Attribute z:Id="i219"><AttributeType>xyz</AttributeType><IsRequired>true</IsRequired><Value i:type="a:ArrayOfdouble" xmlns:a="http://schemas.microsoft.com/2003/10/Serialization/Arrays"><a:double>0</a:double><a:double>0</a:double><a:double>0</a:double></Value></Attribute><Attribute z:Id="i220"><AttributeType>rpy</AttributeType><IsRequired>true</IsRequired><Value i:type="a:ArrayOfdouble" xmlns:a="http://schemas.microsoft.com/2003/10/Serialization/Arrays"><a:double>0</a:double><a:double>0</a:double><a:double>0</a:double></Value></Attribute></Attributes><ChildElements/><ElementName>origin</ElementName><required>false</required><RPYAttribute z:Ref="i220"/><XYZAttribute z:Ref="i219"/><isCustomized>false</isCustomized></URDFElement><URDFElement z:Id="i221" i:type="Geometry"><Attributes/><ChildElements><URDFElement z:Id="i222" i:type="Mesh"><Attributes><Attribute z:Id="i223"><AttributeType>filename</AttributeType><IsRequired>true</IsRequired><Value i:nil="true"/></Attribute></Attributes><ChildElements/><ElementName>mesh</ElementName><required>false</required><FilenameAttribute z:Ref="i223"/></URDFElement></ChildElements><ElementName>geometry</ElementName><required>true</required><Mesh z:Ref="i222"/></URDFElement><URDFElement z:Id="i224" i:type="Material"><Attributes><Attribute z:Id="i225"><AttributeType>name</AttributeType><IsRequired>true</IsRequired><Value i:type="a:string" xmlns:a="http://www.w3.org/2001/XMLSchema"/></Attribute></Attributes><ChildElements><URDFElement z:Id="i226" i:type="Color"><Attributes><Attribute z:Id="i227"><AttributeType>rgba</AttributeType><IsRequired>true</IsRequired><Value i:type="a:ArrayOfdouble" xmlns:a="http://schemas.microsoft.com/2003/10/Serialization/Arrays"><a:double>1</a:double><a:double>1</a:double><a:double>1</a:double><a:double>1</a:double></Value></Attribute></Attributes><ChildElements/><ElementName>color</ElementName><required>false</required><RGBAAttribute z:Ref="i227"/></URDFElement><URDFElement z:Id="i228" i:type="Texture"><Attributes><Attribute z:Id="i229"><AttributeType>filename</AttributeType><IsRequired>true</IsRequired><Value i:nil="true"/></Attribute></Attributes><ChildElements/><ElementName>texture</ElementName><required>false</required><FilenameAttribute z:Ref="i229"/><wFilename/></URDFElement></ChildElements><ElementName>material</ElementName><required>false</required><Color z:Ref="i226"/><NameAttribute z:Ref="i225"/><Texture z:Ref="i228"/></URDFElement></ChildElements><ElementName>visual</ElementName><required>false</required><Geometry z:Ref="i221"/><Material z:Ref="i224"/><Origin z:Ref="i218"/></URDFElement><URDFElement z:Id="i230" i:type="Collision"><Attributes/><ChildElements><URDFElement z:Id="i231" i:type="Origin"><Attributes><Attribute z:Id="i232"><AttributeType>xyz</AttributeType><IsRequired>true</IsRequired><Value i:type="a:ArrayOfdouble" xmlns:a="http://schemas.microsoft.com/2003/10/Serialization/Arrays"><a:double>0</a:double><a:double>0</a:double><a:double>0</a:double></Value></Attribute><Attribute z:Id="i233"><AttributeType>rpy</AttributeType><IsRequired>true</IsRequired><Value i:type="a:ArrayOfdouble" xmlns:a="http://schemas.microsoft.com/2003/10/Serialization/Arrays"><a:double>0</a:double><a:double>0</a:double><a:double>0</a:double></Value></Attribute></Attributes><ChildElements/><ElementName>origin</ElementName><required>false</required><RPYAttribute z:Ref="i233"/><XYZAttribute z:Ref="i232"/><isCustomized>false</isCustomized></URDFElement><URDFElement z:Id="i234" i:type="Geometry"><Attributes/><ChildElements><URDFElement z:Id="i235" i:type="Mesh"><Attributes><Attribute z:Id="i236"><AttributeType>filename</AttributeType><IsRequired>true</IsRequired><Value i:nil="true"/></Attribute></Attributes><ChildElements/><ElementName>mesh</ElementName><required>false</required><FilenameAttribute z:Ref="i236"/></URDFElement></ChildElements><ElementName>geometry</ElementName><required>true</required><Mesh z:Ref="i235"/></URDFElement></ChildElements><ElementName>collision</ElementName><required>false</required><Geometry z:Ref="i234"/><Origin z:Ref="i231"/></URDFElement><URDFElement z:Id="i237" i:type="Joint"><Attributes><Attribute z:Id="i238"><AttributeType>name</AttributeType><IsRequired>true</IsRequired><Value i:type="a:string" xmlns:a="http://www.w3.org/2001/XMLSchema">dof3</Value></Attribute><Attribute z:Id="i239"><AttributeType>type</AttributeType><IsRequired>true</IsRequired><Value i:type="a:string" xmlns:a="http://www.w3.org/2001/XMLSchema">revolute</Value></Attribute></Attributes><ChildElements><URDFElement z:Id="i240" i:type="Origin"><Attributes><Attribute z:Id="i241"><AttributeType>xyz</AttributeType><IsRequired>true</IsRequired><Value i:type="a:ArrayOfdouble" xmlns:a="http://schemas.microsoft.com/2003/10/Serialization/Arrays"><a:double>0</a:double><a:double>0</a:double><a:double>0</a:double></Value></Attribute><Attribute z:Id="i242"><AttributeType>rpy</AttributeType><IsRequired>true</IsRequired><Value i:type="a:ArrayOfdouble" xmlns:a="http://schemas.microsoft.com/2003/10/Serialization/Arrays"><a:double>0</a:double><a:double>0</a:double><a:double>0</a:double></Value></Attribute></Attributes><ChildElements/><ElementName>origin</ElementName><required>false</required><RPYAttribute z:Ref="i242"/><XYZAttribute z:Ref="i241"/><isCustomized>false</isCustomized></URDFElement><URDFElement z:Id="i243" i:type="ParentLink"><Attributes><Attribute z:Id="i244"><AttributeType>link</AttributeType><IsRequired>true</IsRequired><Value i:type="a:string" xmlns:a="http://www.w3.org/2001/XMLSchema"/></Attribute></Attributes><ChildElements/><ElementName>parent</ElementName><required>true</required><NameAttribute z:Ref="i244"/></URDFElement><URDFElement z:Id="i245" i:type="ChildLink"><Attributes><Attribute z:Id="i246"><AttributeType>link</AttributeType><IsRequired>true</IsRequired><Value i:type="a:string" xmlns:a="http://www.w3.org/2001/XMLSchema"/></Attribute></Attributes><ChildElements/><ElementName>child</ElementName><required>true</required><NameAttribute z:Ref="i246"/></URDFElement><URDFElement z:Id="i247" i:type="Axis"><Attributes><Attribute z:Id="i248"><AttributeType>xyz</AttributeType><IsRequired>true</IsRequired><Value i:type="a:ArrayOfdouble" xmlns:a="http://schemas.microsoft.com/2003/10/Serialization/Arrays"><a:double>0</a:double><a:double>0</a:double><a:double>0</a:double></Value></Attribute></Attributes><ChildElements/><ElementName>axis</ElementName><required>false</required><XYZAttribute z:Ref="i248"/></URDFElement><URDFElement z:Id="i249" i:type="Limit"><Attributes><Attribute z:Id="i250"><AttributeType>lower</AttributeType><IsRequired>false</IsRequired><Value i:nil="true"/></Attribute><Attribute z:Id="i251"><AttributeType>upper</AttributeType><IsRequired>false</IsRequired><Value i:nil="true"/></Attribute><Attribute z:Id="i252"><AttributeType>effort</AttributeType><IsRequired>true</IsRequired><Value i:nil="true"/></Attribute><Attribute z:Id="i253"><AttributeType>velocity</AttributeType><IsRequired>true</IsRequired><Value i:nil="true"/></Attribute></Attributes><ChildElements/><ElementName>limit</ElementName><required>false</required><EffortAttribute z:Ref="i252"/><LowerAttribute z:Ref="i250"/><UpperAttribute z:Ref="i251"/><VelocityAttribute z:Ref="i253"/></URDFElement><URDFElement z:Id="i254" i:type="Calibration"><Attributes><Attribute z:Id="i255"><AttributeType>rising</AttributeType><IsRequired>false</IsRequired><Value i:nil="true"/></Attribute><Attribute z:Id="i256"><AttributeType>falling</AttributeType><IsRequired>false</IsRequired><Value i:nil="true"/></Attribute></Attributes><ChildElements/><ElementName>calibration</ElementName><required>false</required><FallingAttribute z:Ref="i256"/><RisingAttribute z:Ref="i255"/></URDFElement><URDFElement z:Id="i257" i:type="Dynamics"><Attributes><Attribute z:Id="i258"><AttributeType>damping</AttributeType><IsRequired>false</IsRequired><Value i:nil="true"/></Attribute><Attribute z:Id="i259"><AttributeType>friction</AttributeType><IsRequired>false</IsRequired><Value i:nil="true"/></Attribute></Attributes><ChildElements/><ElementName>dynamics</ElementName><required>false</required><DampingAttribute z:Ref="i258"/><FrictionAttribute z:Ref="i259"/></URDFElement><URDFElement z:Id="i260" i:type="SafetyController"><Attributes><Attribute z:Id="i261"><AttributeType>soft_upper_limit</AttributeType><IsRequired>false</IsRequired><Value i:nil="true"/></Attribute><Attribute z:Id="i262"><AttributeType>soft_lower_limit</AttributeType><IsRequired>false</IsRequired><Value i:nil="true"/></Attribute><Attribute z:Id="i263"><AttributeType>k_position</AttributeType><IsRequired>false</IsRequired><Value i:nil="true"/></Attribute><Attribute z:Id="i264"><AttributeType>k_velocity</AttributeType><IsRequired>true</IsRequired><Value i:nil="true"/></Attribute></Attributes><ChildElements/><ElementName>safety_controller</ElementName><required>false</required><KPositionAttribute z:Ref="i263"/><KVelocityAttribute z:Ref="i264"/><SoftLowerAttribute z:Ref="i262"/><SoftUpperAttribute z:Ref="i261"/></URDFElement><URDFElement z:Id="i265" i:type="Mimic"><Attributes><Attribute z:Id="i266"><AttributeType>joint</AttributeType><IsRequired>true</IsRequired><Value i:nil="true"/></Attribute><Attribute z:Id="i267"><AttributeType>multiplier</AttributeType><IsRequired>false</IsRequired><Value i:nil="true"/></Attribute><Attribute z:Id="i268"><AttributeType>offset</AttributeType><IsRequired>false</IsRequired><Value i:nil="true"/></Attribute></Attributes><ChildElements/><ElementName>mimic</ElementName><required>false</required><JointNameAttribute z:Ref="i266"/><MultiplierAttribute z:Ref="i267"/><OffsetAttribute z:Ref="i268"/></URDFElement></ChildElements><ElementName>joint</ElementName><required>false</required><Axis z:Ref="i247"/><AxisName>Axis3</AxisName><Calibration z:Ref="i254"/><Child z:Ref="i245"/><CoordinateSystemName>Automatically Generate</CoordinateSystemName><Dynamics z:Ref="i257"/><Limit z:Ref="i249"/><Mimic z:Ref="i265"/><NameAttribute z:Ref="i238"/><Origin z:Ref="i240"/><Parent z:Ref="i243"/><Safety z:Ref="i260"/><TypeAttribute z:Ref="i239"/></URDFElement></ChildElements><ElementName>link</ElementName><required>true</required><Children><Link z:Id="i269"><Attributes><Attribute z:Id="i270"><AttributeType>name</AttributeType><IsRequired>true</IsRequired><Value i:type="a:string" xmlns:a="http://www.w3.org/2001/XMLSchema">dof4</Value></Attribute></Attributes><ChildElements><URDFElement z:Id="i271" i:type="Inertial"><Attributes/><ChildElements><URDFElement z:Id="i272" i:type="Origin"><Attributes><Attribute z:Id="i273"><AttributeType>xyz</AttributeType><IsRequired>true</IsRequired><Value i:type="a:ArrayOfdouble" xmlns:a="http://schemas.microsoft.com/2003/10/Serialization/Arrays"><a:double>0</a:double><a:double>0</a:double><a:double>0</a:double></Value></Attribute><Attribute z:Id="i274"><AttributeType>rpy</AttributeType><IsRequired>true</IsRequired><Value i:type="a:ArrayOfdouble" xmlns:a="http://schemas.microsoft.com/2003/10/Serialization/Arrays"><a:double>0</a:double><a:double>0</a:double><a:double>0</a:double></Value></Attribute></Attributes><ChildElements/><ElementName>origin</ElementName><required>false</required><RPYAttribute z:Ref="i274"/><XYZAttribute z:Ref="i273"/><isCustomized>false</isCustomized></URDFElement><URDFElement z:Id="i275" i:type="Mass"><Attributes><Attribute z:Id="i276"><AttributeType>value</AttributeType><IsRequired>true</IsRequired><Value i:type="a:double" xmlns:a="http://www.w3.org/2001/XMLSchema">0</Value></Attribute></Attributes><ChildElements/><ElementName>mass</ElementName><required>false</required><ValueAttribute z:Ref="i276"/></URDFElement><URDFElement z:Id="i277" i:type="Inertia"><Attributes><Attribute z:Id="i278"><AttributeType>ixx</AttributeType><IsRequired>true</IsRequired><Value i:type="a:double" xmlns:a="http://www.w3.org/2001/XMLSchema">0</Value></Attribute><Attribute z:Id="i279"><AttributeType>ixy</AttributeType><IsRequired>true</IsRequired><Value i:type="a:double" xmlns:a="http://www.w3.org/2001/XMLSchema">0</Value></Attribute><Attribute z:Id="i280"><AttributeType>ixz</AttributeType><IsRequired>true</IsRequired><Value i:type="a:double" xmlns:a="http://www.w3.org/2001/XMLSchema">0</Value></Attribute><Attribute z:Id="i281"><AttributeType>iyy</AttributeType><IsRequired>true</IsRequired><Value i:type="a:double" xmlns:a="http://www.w3.org/2001/XMLSchema">0</Value></Attribute><Attribute z:Id="i282"><AttributeType>iyz</AttributeType><IsRequired>true</IsRequired><Value i:type="a:double" xmlns:a="http://www.w3.org/2001/XMLSchema">0</Value></Attribute><Attribute z:Id="i283"><AttributeType>izz</AttributeType><IsRequired>true</IsRequired><Value i:type="a:double" xmlns:a="http://www.w3.org/2001/XMLSchema">0</Value></Attribute></Attributes><ChildElements/><ElementName>inertia</ElementName><required>false</required><IxxAttribute z:Ref="i278"/><IxyAttribute z:Ref="i279"/><IxzAttribute z:Ref="i280"/><IyyAttribute z:Ref="i281"/><IyzAttribute z:Ref="i282"/><IzzAttribute z:Ref="i283"/></URDFElement></ChildElements><ElementName>inertial</ElementName><required>false</required><Inertia z:Ref="i277"/><Mass z:Ref="i275"/><Origin z:Ref="i272"/></URDFElement><URDFElement z:Id="i284" i:type="Visual"><Attributes/><ChildElements><URDFElement z:Id="i285" i:type="Origin"><Attributes><Attribute z:Id="i286"><AttributeType>xyz</AttributeType><IsRequired>true</IsRequired><Value i:type="a:ArrayOfdouble" xmlns:a="http://schemas.microsoft.com/2003/10/Serialization/Arrays"><a:double>0</a:double><a:double>0</a:double><a:double>0</a:double></Value></Attribute><Attribute z:Id="i287"><AttributeType>rpy</AttributeType><IsRequired>true</IsRequired><Value i:type="a:ArrayOfdouble" xmlns:a="http://schemas.microsoft.com/2003/10/Serialization/Arrays"><a:double>0</a:double><a:double>0</a:double><a:double>0</a:double></Value></Attribute></Attributes><ChildElements/><ElementName>origin</ElementName><required>false</required><RPYAttribute z:Ref="i287"/><XYZAttribute z:Ref="i286"/><isCustomized>false</isCustomized></URDFElement><URDFElement z:Id="i288" i:type="Geometry"><Attributes/><ChildElements><URDFElement z:Id="i289" i:type="Mesh"><Attributes><Attribute z:Id="i290"><AttributeType>filename</AttributeType><IsRequired>true</IsRequired><Value i:nil="true"/></Attribute></Attributes><ChildElements/><ElementName>mesh</ElementName><required>false</required><FilenameAttribute z:Ref="i290"/></URDFElement></ChildElements><ElementName>geometry</ElementName><required>true</required><Mesh z:Ref="i289"/></URDFElement><URDFElement z:Id="i291" i:type="Material"><Attributes><Attribute z:Id="i292"><AttributeType>name</AttributeType><IsRequired>true</IsRequired><Value i:type="a:string" xmlns:a="http://www.w3.org/2001/XMLSchema"/></Attribute></Attributes><ChildElements><URDFElement z:Id="i293" i:type="Color"><Attributes><Attribute z:Id="i294"><AttributeType>rgba</AttributeType><IsRequired>true</IsRequired><Value i:type="a:ArrayOfdouble" xmlns:a="http://schemas.microsoft.com/2003/10/Serialization/Arrays"><a:double>1</a:double><a:double>1</a:double><a:double>1</a:double><a:double>1</a:double></Value></Attribute></Attributes><ChildElements/><ElementName>color</ElementName><required>false</required><RGBAAttribute z:Ref="i294"/></URDFElement><URDFElement z:Id="i295" i:type="Texture"><Attributes><Attribute z:Id="i296"><AttributeType>filename</AttributeType><IsRequired>true</IsRequired><Value i:nil="true"/></Attribute></Attributes><ChildElements/><ElementName>texture</ElementName><required>false</required><FilenameAttribute z:Ref="i296"/><wFilename/></URDFElement></ChildElements><ElementName>material</ElementName><required>false</required><Color z:Ref="i293"/><NameAttribute z:Ref="i292"/><Texture z:Ref="i295"/></URDFElement></ChildElements><ElementName>visual</ElementName><required>false</required><Geometry z:Ref="i288"/><Material z:Ref="i291"/><Origin z:Ref="i285"/></URDFElement><URDFElement z:Id="i297" i:type="Collision"><Attributes/><ChildElements><URDFElement z:Id="i298" i:type="Origin"><Attributes><Attribute z:Id="i299"><AttributeType>xyz</AttributeType><IsRequired>true</IsRequired><Value i:type="a:ArrayOfdouble" xmlns:a="http://schemas.microsoft.com/2003/10/Serialization/Arrays"><a:double>0</a:double><a:double>0</a:double><a:double>0</a:double></Value></Attribute><Attribute z:Id="i300"><AttributeType>rpy</AttributeType><IsRequired>true</IsRequired><Value i:type="a:ArrayOfdouble" xmlns:a="http://schemas.microsoft.com/2003/10/Serialization/Arrays"><a:double>0</a:double><a:double>0</a:double><a:double>0</a:double></Value></Attribute></Attributes><ChildElements/><ElementName>origin</ElementName><required>false</required><RPYAttribute z:Ref="i300"/><XYZAttribute z:Ref="i299"/><isCustomized>false</isCustomized></URDFElement><URDFElement z:Id="i301" i:type="Geometry"><Attributes/><ChildElements><URDFElement z:Id="i302" i:type="Mesh"><Attributes><Attribute z:Id="i303"><AttributeType>filename</AttributeType><IsRequired>true</IsRequired><Value i:nil="true"/></Attribute></Attributes><ChildElements/><ElementName>mesh</ElementName><required>false</required><FilenameAttribute z:Ref="i303"/></URDFElement></ChildElements><ElementName>geometry</ElementName><required>true</required><Mesh z:Ref="i302"/></URDFElement></ChildElements><ElementName>collision</ElementName><required>false</required><Geometry z:Ref="i301"/><Origin z:Ref="i298"/></URDFElement><URDFElement z:Id="i304" i:type="Joint"><Attributes><Attribute z:Id="i305"><AttributeType>name</AttributeType><IsRequired>true</IsRequired><Value i:type="a:string" xmlns:a="http://www.w3.org/2001/XMLSchema">dof4</Value></Attribute><Attribute z:Id="i306"><AttributeType>type</AttributeType><IsRequired>true</IsRequired><Value i:type="a:string" xmlns:a="http://www.w3.org/2001/XMLSchema">revolute</Value></Attribute></Attributes><ChildElements><URDFElement z:Id="i307" i:type="Origin"><Attributes><Attribute z:Id="i308"><AttributeType>xyz</AttributeType><IsRequired>true</IsRequired><Value i:type="a:ArrayOfdouble" xmlns:a="http://schemas.microsoft.com/2003/10/Serialization/Arrays"><a:double>0</a:double><a:double>0</a:double><a:double>0</a:double></Value></Attribute><Attribute z:Id="i309"><AttributeType>rpy</AttributeType><IsRequired>true</IsRequired><Value i:type="a:ArrayOfdouble" xmlns:a="http://schemas.microsoft.com/2003/10/Serialization/Arrays"><a:double>0</a:double><a:double>0</a:double><a:double>0</a:double></Value></Attribute></Attributes><ChildElements/><ElementName>origin</ElementName><required>false</required><RPYAttribute z:Ref="i309"/><XYZAttribute z:Ref="i308"/><isCustomized>false</isCustomized></URDFElement><URDFElement z:Id="i310" i:type="ParentLink"><Attributes><Attribute z:Id="i311"><AttributeType>link</AttributeType><IsRequired>true</IsRequired><Value i:type="a:string" xmlns:a="http://www.w3.org/2001/XMLSchema"/></Attribute></Attributes><ChildElements/><ElementName>parent</ElementName><required>true</required><NameAttribute z:Ref="i311"/></URDFElement><URDFElement z:Id="i312" i:type="ChildLink"><Attributes><Attribute z:Id="i313"><AttributeType>link</AttributeType><IsRequired>true</IsRequired><Value i:type="a:string" xmlns:a="http://www.w3.org/2001/XMLSchema"/></Attribute></Attributes><ChildElements/><ElementName>child</ElementName><required>true</required><NameAttribute z:Ref="i313"/></URDFElement><URDFElement z:Id="i314" i:type="Axis"><Attributes><Attribute z:Id="i315"><AttributeType>xyz</AttributeType><IsRequired>true</IsRequired><Value i:type="a:ArrayOfdouble" xmlns:a="http://schemas.microsoft.com/2003/10/Serialization/Arrays"><a:double>0</a:double><a:double>0</a:double><a:double>0</a:double></Value></Attribute></Attributes><ChildElements/><ElementName>axis</ElementName><required>false</required><XYZAttribute z:Ref="i315"/></URDFElement><URDFElement z:Id="i316" i:type="Limit"><Attributes><Attribute z:Id="i317"><AttributeType>lower</AttributeType><IsRequired>false</IsRequired><Value i:nil="true"/></Attribute><Attribute z:Id="i318"><AttributeType>upper</AttributeType><IsRequired>false</IsRequired><Value i:nil="true"/></Attribute><Attribute z:Id="i319"><AttributeType>effort</AttributeType><IsRequired>true</IsRequired><Value i:nil="true"/></Attribute><Attribute z:Id="i320"><AttributeType>velocity</AttributeType><IsRequired>true</IsRequired><Value i:nil="true"/></Attribute></Attributes><ChildElements/><ElementName>limit</ElementName><required>false</required><EffortAttribute z:Ref="i319"/><LowerAttribute z:Ref="i317"/><UpperAttribute z:Ref="i318"/><VelocityAttribute z:Ref="i320"/></URDFElement><URDFElement z:Id="i321" i:type="Calibration"><Attributes><Attribute z:Id="i322"><AttributeType>rising</AttributeType><IsRequired>false</IsRequired><Value i:nil="true"/></Attribute><Attribute z:Id="i323"><AttributeType>falling</AttributeType><IsRequired>false</IsRequired><Value i:nil="true"/></Attribute></Attributes><ChildElements/><ElementName>calibration</ElementName><required>false</required><FallingAttribute z:Ref="i323"/><RisingAttribute z:Ref="i322"/></URDFElement><URDFElement z:Id="i324" i:type="Dynamics"><Attributes><Attribute z:Id="i325"><AttributeType>damping</AttributeType><IsRequired>false</IsRequired><Value i:nil="true"/></Attribute><Attribute z:Id="i326"><AttributeType>friction</AttributeType><IsRequired>false</IsRequired><Value i:nil="true"/></Attribute></Attributes><ChildElements/><ElementName>dynamics</ElementName><required>false</required><DampingAttribute z:Ref="i325"/><FrictionAttribute z:Ref="i326"/></URDFElement><URDFElement z:Id="i327" i:type="SafetyController"><Attributes><Attribute z:Id="i328"><AttributeType>soft_upper_limit</AttributeType><IsRequired>false</IsRequired><Value i:nil="true"/></Attribute><Attribute z:Id="i329"><AttributeType>soft_lower_limit</AttributeType><IsRequired>false</IsRequired><Value i:nil="true"/></Attribute><Attribute z:Id="i330"><AttributeType>k_position</AttributeType><IsRequired>false</IsRequired><Value i:nil="true"/></Attribute><Attribute z:Id="i331"><AttributeType>k_velocity</AttributeType><IsRequired>true</IsRequired><Value i:nil="true"/></Attribute></Attributes><ChildElements/><ElementName>safety_controller</ElementName><required>false</required><KPositionAttribute z:Ref="i330"/><KVelocityAttribute z:Ref="i331"/><SoftLowerAttribute z:Ref="i329"/><SoftUpperAttribute z:Ref="i328"/></URDFElement><URDFElement z:Id="i332" i:type="Mimic"><Attributes><Attribute z:Id="i333"><AttributeType>joint</AttributeType><IsRequired>true</IsRequired><Value i:nil="true"/></Attribute><Attribute z:Id="i334"><AttributeType>multiplier</AttributeType><IsRequired>false</IsRequired><Value i:nil="true"/></Attribute><Attribute z:Id="i335"><AttributeType>offset</AttributeType><IsRequired>false</IsRequired><Value i:nil="true"/></Attribute></Attributes><ChildElements/><ElementName>mimic</ElementName><required>false</required><JointNameAttribute z:Ref="i333"/><MultiplierAttribute z:Ref="i334"/><OffsetAttribute z:Ref="i335"/></URDFElement></ChildElements><ElementName>joint</ElementName><required>false</required><Axis z:Ref="i314"/><AxisName>Axis4</AxisName><Calibration z:Ref="i321"/><Child z:Ref="i312"/><CoordinateSystemName>Automatically Generate</CoordinateSystemName><Dynamics z:Ref="i324"/><Limit z:Ref="i316"/><Mimic z:Ref="i332"/><NameAttribute z:Ref="i305"/><Origin z:Ref="i307"/><Parent z:Ref="i310"/><Safety z:Ref="i327"/><TypeAttribute z:Ref="i306"/></URDFElement></ChildElements><ElementName>link</ElementName><required>true</required><Children/><Collision z:Ref="i297"/><Inertial z:Ref="i271"/><Joint z:Ref="i304"/><NameAttribute z:Ref="i270"/><Parent z:Ref="i202"/><STLQualityFine>false</STLQualityFine><SWComponentPIDs xmlns:a="http://schemas.microsoft.com/2003/10/Serialization/Arrays"><a:base64Binary>aEIAAAUAAAD//v8mRwByAGkAcABwAGUAcgAgAFkAUABSACAAQwBvAG4AbgBlAGMAdABpAG8AbgAtADEAQAB1AHAAZABhAHQAZQBkACAAYQBzAHMAZQBtAAQAAAAQAAAAAQAAAAEAAAB7AAAA</a:base64Binary><a:base64Binary>aEIAAAUAAAD//v95ZwByAGkAcABwAGUAcgAgAHUAcABkAGEAdABlAGQAXwA1ADEALQAxAEAAdQBwAGQAYQB0AGUAZAAgAGEAcwBzAGUAbQAvAGcAcgBpAHAAcABlAHIAIAB1AHAAZABhAHQAZQBkAF8ANQAuAFMAVABFAFAALQAxAEAAZwByAGkAcABwAGUAcgAgAHUAcABkAGEAdABlAGQAXwA1ADEALwBmAHIAYQBtAGUAIABnAHIAaQBwAGUAcgAuAFMAVABFAFAALQAxAEAAZwByAGkAcABwAGUAcgAgAHUAcABkAGEAdABlAGQAXwA1AC4AUwBUAEUAUAAEAAAAEAAAAAEAAAADAAAAeQAAABgAAAAYAAAA</a:base64Binary><a:base64Binary>aEIAAAUAAAD//v8fZABpAGYAZgAgAHQAbwAgAGcAcgBpAHAAcABlAHIALQAyAEAAdQBwAGQAYQB0AGUAZAAgAGEAcwBzAGUAbQAEAAAAEAAAAAEAAAABAAAAfAAAAA==</a:base64Binary><a:base64Binary>aEIAAAUAAAD//v95ZwByAGkAcABwAGUAcgAgAHUAcABkAGEAdABlAGQAXwA1ADEALQAxAEAAdQBwAGQAYQB0AGUAZAAgAGEAcwBzAGUAbQAvAGcAcgBpAHAAcABlAHIAIAB1AHAAZABhAHQAZQBkAF8ANQAuAFMAVABFAFAALQAxAEAAZwByAGkAcABwAGUAcgAgAHUAcABkAGEAdABlAGQAXwA1ADEALwBGAFIAQQBNAEUAIAAzACgAQQBMAEwAKQAuAFMAVABFAFAALQAxAEAAZwByAGkAcABwAGUAcgAgAHUAcABkAGEAdABlAGQAXwA1AC4AUwBUAEUAUAAEAAAAEAAAAAEAAAADAAAAeQAAABgAAAAcAAAA</a:base64Binary><a:base64Binary>aEIAAAUAAAD//v92ZwByAGkAcABwAGUAcgAgAHUAcABkAGEAdABlAGQAXwA1ADEALQAxAEAAdQBwAGQAYQB0AGUAZAAgAGEAcwBzAGUAbQAvAGcAcgBpAHAAcABlAHIAIAB1AHAAZABhAHQAZQBkAF8ANQAuAFMAVABFAFAALQAxAEAAZwByAGkAcABwAGUAcgAgAHUAcABkAGEAdABlAGQAXwA1ADEALwBDAEwAQQBXACgAQQBMAEwAKQAuAFMAVABFAFAALQAxAEAAZwByAGkAcABwAGUAcgAgAHUAcABkAGEAdABlAGQAXwA1AC4AUwBUAEUAUAAEAAAAEAAAAAEAAAADAAAAeQAAABgAAAAaAAAA</a:base64Binary><a:base64Binary>aEIAAAUAAAD//v97ZwByAGkAcABwAGUAcgAgAHUAcABkAGEAdABlAGQAXwA1ADEALQAxAEAAdQBwAGQAYQB0AGUAZAAgAGEAcwBzAGUAbQAvAGcAcgBpAHAAcABlAHIAIAB1AHAAZABhAHQAZQBkAF8ANQAuAFMAVABFAFAALQAxAEAAZwByAGkAcABwAGUAcgAgAHUAcABkAGEAdABlAGQAXwA1ADEALwBMAEUAQQBEACAAOABNAE0AIAAoAEEATABMACkALgBTAFQARQBQAC0AMQBAAGcAcgBpAHAAcABlAHIAIAB1AHAAZABhAHQAZQBkAF8ANQAuAFMAVABFAFAABAAAABAAAAABAAAAAwAAAHkAAAAYAAAAHwAAAA==</a:base64Binary><a:base64Binary>aEIAAAUAAAD//v+AZwByAGkAcABwAGUAcgAgAHUAcABkAGEAdABlAGQAXwA1ADEALQAxAEAAdQBwAGQAYQB0AGUAZAAgAGEAcwBzAGUAbQAvAGcAcgBpAHAAcABlAHIAIAB1AHAAZABhAHQAZQBkAF8ANQAuAFMAVABFAFAALQAxAEAAZwByAGkAcABwAGUAcgAgAHUAcABkAGEAdABlAGQAXwA1ADEALwBHAFUASQBEAEUAIABSAE8ARAAgADgAbQBtACAAKABBAEwATAApAC4AUwBUAEUAUAAtADEAQABnAHIAaQBwAHAAZQByACAAdQBwAGQAYQB0AGUAZABfADUALgBTAFQARQBQAAQAAAAQAAAAAQAAAAMAAAB5AAAAGAAAAB4AAAA=</a:base64Binary><a:base64Binary>aEIAAAUAAAD//v92ZwByAGkAcABwAGUAcgAgAHUAcABkAGEAdABlAGQAXwA1ADEALQAxAEAAdQBwAGQAYQB0AGUAZAAgAGEAcwBzAGUAbQAvAGcAcgBpAHAAcABlAHIAIAB1AHAAZABhAHQAZQBkAF8ANQAuAFMAVABFAFAALQAxAEAAZwByAGkAcABwAGUAcgAgAHUAcABkAGEAdABlAGQAXwA1ADEALwBOAFUAVAAgACgAQQBMAEwAKQAuAFMAVABFAFAALQAxAEAAZwByAGkAcABwAGUAcgAgAHUAcABkAGEAdABlAGQAXwA1AC4AUwBUAEUAUAAEAAAAEAAAAAEAAAADAAAAeQAAABgAAAAhAAAA</a:base64Binary><a:base64Binary>aEIAAAUAAAD//v+JZwByAGkAcABwAGUAcgAgAHUAcABkAGEAdABlAGQAXwA1ADEALQAxAEAAdQBwAGQAYQB0AGUAZAAgAGEAcwBzAGUAbQAvAGcAcgBpAHAAcABlAHIAIAB1AHAAZABhAHQAZQBkAF8ANQAuAFMAVABFAFAALQAxAEAAZwByAGkAcABwAGUAcgAgAHUAcABkAGEAdABlAGQAXwA1ADEALwBsAGkAbgBlAGEAcgAgAGEAYwB0ACAAcwBhAG0AcABsAGUAIABtAG8AZABlAGwAKABBAEwATAApAC4AUwBUAEUAUAAtADEAQABnAHIAaQBwAHAAZQByACAAdQBwAGQAYQB0AGUAZABfADUALgBTAFQARQBQAAQAAAAQAAAAAQAAAAMAAAB5AAAAGAAAABkAAAA=</a:base64Binary><a:base64Binary>aEIAAAUAAAD//v+EZwByAGkAcABwAGUAcgAgAHUAcABkAGEAdABlAGQAXwA1ADEALQAxAEAAdQBwAGQAYQB0AGUAZAAgAGEAcwBzAGUAbQAvAGcAcgBpAHAAcABlAHIAIAB1AHAAZABhAHQAZQBkAF8ANQAuAFMAVABFAFAALQAxAEAAZwByAGkAcABwAGUAcgAgAHUAcABkAGEAdABlAGQAXwA1ADEALwBtAG8AdABvAHIAIABtAG8AdQBuAHQAIABHAFIASQBQAFAARQBSACAAQQBMAEwALgBTAFQARQBQAC0AMQBAAGcAcgBpAHAAcABlAHIAIAB1AHAAZABhAHQAZQBkAF8ANQAuAFMAVABFAFAABAAAABAAAAABAAAAAwAAAHkAAAAYAAAAIAAAAA==</a:base64Binary><a:base64Binary>aEIAAAUAAAD//v95ZwByAGkAcABwAGUAcgAgAHUAcABkAGEAdABlAGQAXwA1ADEALQAxAEAAdQBwAGQAYQB0AGUAZAAgAGEAcwBzAGUAbQAvAGcAcgBpAHAAcABlAHIAIAB1AHAAZABhAHQAZQBkAF8ANQAuAFMAVABFAFAALQAxAEAAZwByAGkAcABwAGUAcgAgAHUAcABkAGEAdABlAGQAXwA1ADEALwBsAGkAbQBpAHQAIABzAHcAaQB0AGMAaAAuAFMAVABFAFAALQAxAEAAZwByAGkAcABwAGUAcgAgAHUAcABkAGEAdABlAGQAXwA1AC4AUwBUAEUAUAAEAAAAEAAAAAEAAAADAAAAeQAAABgAAAAiAAAA</a:base64Binary><a:base64Binary>aEIAAAUAAAD//v9+ZwByAGkAcABwAGUAcgAgAHUAcABkAGEAdABlAGQAXwA1ADEALQAxAEAAdQBwAGQAYQB0AGUAZAAgAGEAcwBzAGUAbQAvAGcAcgBpAHAAcABlAHIAIAB1AHAAZABhAHQAZQBkAF8ANQAuAFMAVABFAFAALQAxAEAAZwByAGkAcABwAGUAcgAgAHUAcABkAGEAdABlAGQAXwA1ADEALwBHAFIASQBQAFAARQBSACAAQQBMAEwAIABNAE8AVABPAFIALgBTAFQARQBQAC0AMQBAAGcAcgBpAHAAcABlAHIAIAB1AHAAZABhAHQAZQBkAF8ANQAuAFMAVABFAFAABAAAABAAAAABAAAAAwAAAHkAAAAYAAAAHQAAAA==</a:base64Binary><a:base64Binary>aEIAAAUAAAD//v+BZwByAGkAcABwAGUAcgAgAHUAcABkAGEAdABlAGQAXwA1ADEALQAxAEAAdQBwAGQAYQB0AGUAZAAgAGEAcwBzAGUAbQAvAGcAcgBpAHAAcABlAHIAIAB1AHAAZABhAHQAZQBkAF8ANQAuAFMAVABFAFAALQAxAEAAZwByAGkAcABwAGUAcgAgAHUAcABkAGEAdABlAGQAXwA1ADEALwBCAEUAQQBSAEkATgBHACAAMQA2AFgAOABYADUAIAAoAEEATABMACkALgBTAFQARQBQAC0AMQBAAGcAcgBpAHAAcABlAHIAIAB1AHAAZABhAHQAZQBkAF8ANQAuAFMAVABFAFAABAAAABAAAAABAAAAAwAAAHkAAAAYAAAAIwAAAA==</a:base64Binary><a:base64Binary>aEIAAAUAAAD//v94ZwByAGkAcABwAGUAcgAgAHUAcABkAGEAdABlAGQAXwA1ADEALQAxAEAAdQBwAGQAYQB0AGUAZAAgAGEAcwBzAGUAbQAvAGcAcgBpAHAAcABlAHIAIAB1AHAAZABhAHQAZQBkAF8ANQAuAFMAVABFAFAALQAxAEAAZwByAGkAcABwAGUAcgAgAHUAcABkAGEAdABlAGQAXwA1ADEALwBjAG8AdQBwAGwAZQByACAAOAB4ADUALgBTAFQARQBQAC0AMQBAAGcAcgBpAHAAcABlAHIAIAB1AHAAZABhAHQAZQBkAF8ANQAuAFMAVABFAFAABAAAABAAAAABAAAAAwAAAHkAAAAYAAAAGwAAAA==</a:base64Binary></SWComponentPIDs><SWMainComponentPID i:nil="true"/><Visual z:Ref="i284"/><isFixedFrame>false</isFixedFrame><isIncomplete>false</isIncomplete></Link></Children><Collision z:Ref="i230"/><Inertial z:Ref="i204"/><Joint z:Ref="i237"/><NameAttribute z:Ref="i203"/><Parent z:Ref="i135"/><STLQualityFine>false</STLQualityFine><SWComponentPIDs xmlns:a="http://schemas.microsoft.com/2003/10/Serialization/Arrays"><a:base64Binary>aEIAAAUAAAD//v8eZABpAGYAZgAgAEMAIABzAGUAYwB0AGkAbwBuAC0AMgBAAHUAcABkAGEAdABlAGQAIABhAHMAcwBlAG0ABAAAABAAAAABAAAAAQAAAGQAAAA=</a:base64Binary><a:base64Binary>aEIAAAUAAAD//v8eZABpAGYAZgAgAEMAIABzAGUAYwB0AGkAbwBuAC0AMQBAAHUAcABkAGEAdABlAGQAIABhAHMAcwBlAG0ABAAAABAAAAABAAAAAQAAAFIAAAA=</a:base64Binary><a:base64Binary>aEIAAAUAAAD//v8lZABpAGYAZgAgAEMAIABzAGUAYwB0AGkAbwBuACAASQAgAHAAYQByAHQALQAyAEAAdQBwAGQAYQB0AGUAZAAgAGEAcwBzAGUAbQAEAAAAEAAAAAEAAAABAAAAZQAAAA==</a:base64Binary><a:base64Binary>aEIAAAUAAAD//v8lZABpAGYAZgAgAEMAIABzAGUAYwB0AGkAbwBuACAASQAgAHAAYQByAHQALQAxAEAAdQBwAGQAYQB0AGUAZAAgAGEAcwBzAGUAbQAEAAAAEAAAAAEAAAABAAAAUQAAAA==</a:base64Binary><a:base64Binary>aEIAAAUAAAD//v8mMQA1AC0AMwAyAC0AOQAgAGIAZQBhAHIAaQBuAGcAIABoAG8AbABkAGUAcgAtADEAQAB1AHAAZABhAHQAZQBkACAAYQBzAHMAZQBtAAQAAAAQAAAAAQAAAAEAAAB6AAAA</a:base64Binary></SWComponentPIDs><SWMainComponentPID i:nil="true"/><Visual z:Ref="i217"/><isFixedFrame>false</isFixedFrame><isIncomplete>false</isIncomplete></Link></Children><Collision z:Ref="i163"/><Inertial z:Ref="i137"/><Joint z:Ref="i170"/><NameAttribute z:Ref="i136"/><Parent z:Ref="i68"/><STLQualityFine>false</STLQualityFine><SWComponentPIDs xmlns:a="http://schemas.microsoft.com/2003/10/Serialization/Arrays"><a:base64Binary>aEIAAAUAAAD//v8WQwBhAHMAaQBuAGcALQAyAEAAdQBwAGQAYQB0AGUAZAAgAGEAcwBzAGUAbQAEAAAAEAAAAAEAAAABAAAAQQAAAA==</a:base64Binary><a:base64Binary>aEIAAAUAAAD//v8sYwBhAHMAaQBuAGcAIABtAGkAcgByAG8AcgAgAG0AaQByAG8AcgByACAAbQBpAHIAcgByAHIAcgAtADIAQAB1AHAAZABhAHQAZQBkACAAYQBzAHMAZQBtAAQAAAAQAAAAAQAAAAEAAABAAAAA</a:base64Binary><a:base64Binary>aEIAAAUAAAD//v8TMAA0AG0ALQAxAEAAdQBwAGQAYQB0AGUAZAAgAGEAcwBzAGUAbQAEAAAAEAAAAAEAAAABAAAAMgAAAA==</a:base64Binary><a:base64Binary>aEIAAAUAAAD//v8kbQBvAHQAbwByACAAbQBvAHUAbgB0ACAAYQBuAGQAIABsAGkAbgBrAC0AMQBAAHUAcABkAGEAdABlAGQAIABhAHMAcwBlAG0ABAAAABAAAAABAAAAAQAAAEwAAAA=</a:base64Binary><a:base64Binary>aEIAAAUAAAD//v8mbQBvAHQAbwByACAAbQBvAHUAbgB0ACAAYQBuAGQAIABsAGkAbgBrACAATAAtADIAQAB1AHAAZABhAHQAZQBkACAAYQBzAHMAZQBtAAQAAAAQAAAAAQAAAAEAAABbAAAA</a:base64Binary><a:base64Binary>aEIAAAUAAAD//v8mbQBvAHQAbwByACAAbQBvAHUAbgB0ACAAYQBuAGQAIABsAGkAbgBrACAATAAtADEAQAB1AHAAZABhAHQAZQBkACAAYQBzAHMAZQBtAAQAAAAQAAAAAQAAAAEAAABUAAAA</a:base64Binary><a:base64Binary>aEIAAAUAAAD//v8gbABpAG4AawAgAGYAbwByACAAcwB1AHAAcABvAHIAdAAtADEAQAB1AHAAZABhAHQAZQBkACAAYQBzAHMAZQBtAAQAAAAQAAAAAQAAAAEAAABTAAAA</a:base64Binary></SWComponentPIDs><SWMainComponentPID i:nil="true"/><Visual z:Ref="i150"/><isFixedFrame>false</isFixedFrame><isIncomplete>false</isIncomplete></Link></Children><Collision z:Ref="i96"/><Inertial z:Ref="i70"/><Joint z:Ref="i103"/><NameAttribute z:Ref="i69"/><Parent z:Ref="i1"/><STLQualityFine>false</STLQualityFine><SWComponentPIDs xmlns:a="http://schemas.microsoft.com/2003/10/Serialization/Arrays"><a:base64Binary>aEIAAAUAAAD//v8fYwBhAHMAaQBuAGcAIABtAGkAcgByAG8AcgBlAGQALQAxAEAAdQBwAGQAYQB0AGUAZAAgAGEAcwBzAGUAbQAEAAAAEAAAAAEAAAABAAAAJAAAAA==</a:base64Binary><a:base64Binary>aEIAAAUAAAD//v8fQwBhAHMAaQBuAGcAIABuAG8AIABlAHIAcgBvAHIALQAxAEAAdQBwAGQAYQB0AGUAZAAgAGEAcwBzAGUAbQAEAAAAEAAAAAEAAAABAAAAIwAAAA==</a:base64Binary><a:base64Binary>aEIAAAUAAAD//v8UMAAuADYAbQAtADEAQAB1AHAAZABhAHQAZQBkACAAYQBzAHMAZQBtAAQAAAAQAAAAAQAAAAEAAAAxAAAA</a:base64Binary><a:base64Binary>aEIAAAUAAAD//v8kbQBvAHUAbgB0ACAAZwBvAG8AZgBlAGQAIABtAHUAaQByAHIAbwByAC0AMQBAAHUAcABkAGEAdABlAGQAIABhAHMAcwBlAG0ABAAAABAAAAABAAAAAQAAADYAAAA=</a:base64Binary><a:base64Binary>aEIAAAUAAAD//v8kTQBvAHUAbgB0ACAAZgBvAHIAIABnAG8AbwBmAHkAdABoAGkAbgBnAC0AMQBAAHUAcABkAGEAdABlAGQAIABhAHMAcwBlAG0ABAAAABAAAAABAAAAAQAAADUAAAA=</a:base64Binary></SWComponentPIDs><SWMainComponentPID i:nil="true"/><Visual z:Ref="i83"/><isFixedFrame>false</isFixedFrame><isIncomplete>false</isIncomplete></Link></Children><Collision z:Ref="i29"/><Inertial z:Ref="i3"/><Joint z:Ref="i36"/><NameAttribute z:Ref="i2"/><Parent i:nil="true"/><STLQualityFine>false</STLQualityFine><SWComponentPIDs xmlns:a="http://schemas.microsoft.com/2003/10/Serialization/Arrays"><a:base64Binary>aEIAAAUAAAD//v8rTQBvAHUAbgB0AC0ARQB4AHQAcgB1AGQAZQAgAFQAbwBwACAAQwB5AGMAbABvAGkAZABhAGwALQAyAEAAdQBwAGQAYQB0AGUAZAAgAGEAcwBzAGUAbQAEAAAAEAAAAAEAAAABAAAAIgAAAA==</a:base64Binary><a:base64Binary>aEIAAAUAAAD//v8rTQBvAHUAbgB0AC0ARQB4AHQAcgB1AGQAZQAgAFQAbwBwACAAQwB5AGMAbABvAGkAZABhAGwALQAxAEAAdQBwAGQAYQB0AGUAZAAgAGEAcwBzAGUAbQAEAAAAEAAAAAEAAAABAAAAGAAAAA==</a:base64Binary></SWComponentPIDs><SWMainComponentPID i:nil="true"/><Visual z:Ref="i16"/><isFixedFrame>false</isFixedFrame><isIncomplete>false</isIncomplete></Link>
2025-07-01 18:09:49,530 INFO  LinkNode.cs: 37 - Building node base_link
2025-07-01 18:09:49,531 INFO  LinkNode.cs: 37 - Building node dof1
2025-07-01 18:09:49,531 INFO  LinkNode.cs: 37 - Building node dof2
2025-07-01 18:09:49,531 INFO  LinkNode.cs: 37 - Building node dof3
2025-07-01 18:09:49,531 INFO  LinkNode.cs: 37 - Building node dof4
2025-07-01 18:09:49,532 INFO  CommonSwOperations.cs: 224 - Loading SolidWorks components for base_link from F:\updated assem\updated assem.SLDASM
2025-07-01 18:09:49,532 INFO  CommonSwOperations.cs: 246 - Loading component with PID hB     ???+M o u n t - E x t r u d e   T o p   C y c l o i d a l - 2 @ u p d a t e d   a s s e m             "   
2025-07-01 18:09:49,532 INFO  CommonSwOperations.cs: 242 - Successfully loaded component F:\updated assem\Mount-Extrude Top Cycloidal.SLDPRT
2025-07-01 18:09:49,532 INFO  CommonSwOperations.cs: 246 - Loading component with PID hB     ???+M o u n t - E x t r u d e   T o p   C y c l o i d a l - 1 @ u p d a t e d   a s s e m                
2025-07-01 18:09:49,533 INFO  CommonSwOperations.cs: 242 - Successfully loaded component F:\updated assem\Mount-Extrude Top Cycloidal.SLDPRT
2025-07-01 18:09:49,533 INFO  CommonSwOperations.cs: 232 - Loaded 2 components for link base_link
2025-07-01 18:09:49,533 INFO  CommonSwOperations.cs: 224 - Loading SolidWorks components for dof1 from F:\updated assem\updated assem.SLDASM
2025-07-01 18:09:49,533 INFO  CommonSwOperations.cs: 246 - Loading component with PID hB     ???c a s i n g   m i r r o r e d - 1 @ u p d a t e d   a s s e m             $   
2025-07-01 18:09:49,534 INFO  CommonSwOperations.cs: 242 - Successfully loaded component F:\updated assem\casing mirrored.SLDPRT
2025-07-01 18:09:49,534 INFO  CommonSwOperations.cs: 246 - Loading component with PID hB     ???C a s i n g   n o   e r r o r - 1 @ u p d a t e d   a s s e m             #   
2025-07-01 18:09:49,534 INFO  CommonSwOperations.cs: 242 - Successfully loaded component F:\updated assem\Casing no error.SLDPRT
2025-07-01 18:09:49,534 INFO  CommonSwOperations.cs: 246 - Loading component with PID hB     ???0 . 6 m - 1 @ u p d a t e d   a s s e m             1   
2025-07-01 18:09:49,535 INFO  CommonSwOperations.cs: 242 - Successfully loaded component F:\updated assem\0.6m.SLDPRT
2025-07-01 18:09:49,535 INFO  CommonSwOperations.cs: 246 - Loading component with PID hB     ???$m o u n t   g o o f e d   m u i r r o r - 1 @ u p d a t e d   a s s e m             6   
2025-07-01 18:09:49,535 INFO  CommonSwOperations.cs: 242 - Successfully loaded component F:\updated assem\mount goofed muirror.SLDPRT
2025-07-01 18:09:49,536 INFO  CommonSwOperations.cs: 246 - Loading component with PID hB     ???$M o u n t   f o r   g o o f y t h i n g - 1 @ u p d a t e d   a s s e m             5   
2025-07-01 18:09:49,536 INFO  CommonSwOperations.cs: 242 - Successfully loaded component F:\updated assem\Mount for goofything.SLDPRT
2025-07-01 18:09:49,536 INFO  CommonSwOperations.cs: 232 - Loaded 5 components for link dof1
2025-07-01 18:09:49,536 INFO  CommonSwOperations.cs: 224 - Loading SolidWorks components for dof2 from F:\updated assem\updated assem.SLDASM
2025-07-01 18:09:49,537 INFO  CommonSwOperations.cs: 246 - Loading component with PID hB     ???C a s i n g - 2 @ u p d a t e d   a s s e m             A   
2025-07-01 18:09:49,537 INFO  CommonSwOperations.cs: 242 - Successfully loaded component F:\updated assem\Casing.SLDPRT
2025-07-01 18:09:49,537 INFO  CommonSwOperations.cs: 246 - Loading component with PID hB     ???,c a s i n g   m i r r o r   m i r o r r   m i r r r r r - 2 @ u p d a t e d   a s s e m             @   
2025-07-01 18:09:49,537 INFO  CommonSwOperations.cs: 242 - Successfully loaded component F:\updated assem\casing mirror mirorr mirrrrr.SLDPRT
2025-07-01 18:09:49,537 INFO  CommonSwOperations.cs: 246 - Loading component with PID hB     ???0 4 m - 1 @ u p d a t e d   a s s e m             2   
2025-07-01 18:09:49,537 INFO  CommonSwOperations.cs: 242 - Successfully loaded component F:\updated assem\04m.SLDPRT
2025-07-01 18:09:49,539 INFO  CommonSwOperations.cs: 246 - Loading component with PID hB     ???$m o t o r   m o u n t   a n d   l i n k - 1 @ u p d a t e d   a s s e m             L   
2025-07-01 18:09:49,539 INFO  CommonSwOperations.cs: 242 - Successfully loaded component F:\updated assem\motor mount and link.SLDPRT
2025-07-01 18:09:49,539 INFO  CommonSwOperations.cs: 246 - Loading component with PID hB     ???&m o t o r   m o u n t   a n d   l i n k   L - 2 @ u p d a t e d   a s s e m             [   
2025-07-01 18:09:49,539 INFO  CommonSwOperations.cs: 242 - Successfully loaded component F:\updated assem\motor mount and link L.SLDPRT
2025-07-01 18:09:49,540 INFO  CommonSwOperations.cs: 246 - Loading component with PID hB     ???&m o t o r   m o u n t   a n d   l i n k   L - 1 @ u p d a t e d   a s s e m             T   
2025-07-01 18:09:49,540 INFO  CommonSwOperations.cs: 242 - Successfully loaded component F:\updated assem\motor mount and link L.SLDPRT
2025-07-01 18:09:49,540 INFO  CommonSwOperations.cs: 246 - Loading component with PID hB     ??? l i n k   f o r   s u p p o r t - 1 @ u p d a t e d   a s s e m             S   
2025-07-01 18:09:49,540 INFO  CommonSwOperations.cs: 242 - Successfully loaded component F:\updated assem\link for support.SLDPRT
2025-07-01 18:09:49,541 INFO  CommonSwOperations.cs: 232 - Loaded 7 components for link dof2
2025-07-01 18:09:49,541 INFO  CommonSwOperations.cs: 224 - Loading SolidWorks components for dof3 from F:\updated assem\updated assem.SLDASM
2025-07-01 18:09:49,541 INFO  CommonSwOperations.cs: 246 - Loading component with PID hB     ???d i f f   C   s e c t i o n - 2 @ u p d a t e d   a s s e m             d   
2025-07-01 18:09:49,541 INFO  CommonSwOperations.cs: 242 - Successfully loaded component F:\updated assem\diff C section.SLDPRT
2025-07-01 18:09:49,542 INFO  CommonSwOperations.cs: 246 - Loading component with PID hB     ???d i f f   C   s e c t i o n - 1 @ u p d a t e d   a s s e m             R   
2025-07-01 18:09:49,542 INFO  CommonSwOperations.cs: 242 - Successfully loaded component F:\updated assem\diff C section.SLDPRT
2025-07-01 18:09:49,542 INFO  CommonSwOperations.cs: 246 - Loading component with PID hB     ???%d i f f   C   s e c t i o n   I   p a r t - 2 @ u p d a t e d   a s s e m             e   
2025-07-01 18:09:49,543 INFO  CommonSwOperations.cs: 242 - Successfully loaded component F:\updated assem\diff C section I part.SLDPRT
2025-07-01 18:09:49,543 INFO  CommonSwOperations.cs: 246 - Loading component with PID hB     ???%d i f f   C   s e c t i o n   I   p a r t - 1 @ u p d a t e d   a s s e m             Q   
2025-07-01 18:09:49,543 INFO  CommonSwOperations.cs: 242 - Successfully loaded component F:\updated assem\diff C section I part.SLDPRT
2025-07-01 18:09:49,543 INFO  CommonSwOperations.cs: 246 - Loading component with PID hB     ???&1 5 - 3 2 - 9   b e a r i n g   h o l d e r - 1 @ u p d a t e d   a s s e m             z   
2025-07-01 18:09:49,544 INFO  CommonSwOperations.cs: 242 - Successfully loaded component F:\updated assem\15-32-9 bearing holder.SLDPRT
2025-07-01 18:09:49,544 INFO  CommonSwOperations.cs: 232 - Loaded 5 components for link dof3
2025-07-01 18:09:49,544 INFO  CommonSwOperations.cs: 224 - Loading SolidWorks components for dof4 from F:\updated assem\updated assem.SLDASM
2025-07-01 18:09:49,544 INFO  CommonSwOperations.cs: 246 - Loading component with PID hB     ???&G r i p p e r   Y P R   C o n n e c t i o n - 1 @ u p d a t e d   a s s e m             {   
2025-07-01 18:09:49,545 INFO  CommonSwOperations.cs: 242 - Successfully loaded component F:\updated assem\Gripper YPR Connection.SLDPRT
2025-07-01 18:09:49,545 INFO  CommonSwOperations.cs: 246 - Loading component with PID hB     ???yg r i p p e r   u p d a t e d _ 5 1 - 1 @ u p d a t e d   a s s e m / g r i p p e r   u p d a t e d _ 5 . S T E P - 1 @ g r i p p e r   u p d a t e d _ 5 1 / f r a m e   g r i p e r . S T E P - 1 @ g r i p p e r   u p d a t e d _ 5 . S T E P             y         
2025-07-01 18:09:49,545 INFO  CommonSwOperations.cs: 242 - Successfully loaded component C:\Temp\swx736\IC~~\frame griper.STEP.SLDPRT
2025-07-01 18:09:49,545 INFO  CommonSwOperations.cs: 246 - Loading component with PID hB     ???d i f f   t o   g r i p p e r - 2 @ u p d a t e d   a s s e m             |   
2025-07-01 18:09:49,546 INFO  CommonSwOperations.cs: 242 - Successfully loaded component F:\updated assem\diff to gripper.SLDPRT
2025-07-01 18:09:49,546 INFO  CommonSwOperations.cs: 246 - Loading component with PID hB     ???yg r i p p e r   u p d a t e d _ 5 1 - 1 @ u p d a t e d   a s s e m / g r i p p e r   u p d a t e d _ 5 . S T E P - 1 @ g r i p p e r   u p d a t e d _ 5 1 / F R A M E   3 ( A L L ) . S T E P - 1 @ g r i p p e r   u p d a t e d _ 5 . S T E P             y         
2025-07-01 18:09:49,546 INFO  CommonSwOperations.cs: 242 - Successfully loaded component C:\Temp\swx736\IC~~\FRAME 3(ALL).STEP.SLDPRT
2025-07-01 18:09:49,547 INFO  CommonSwOperations.cs: 246 - Loading component with PID hB     ???vg r i p p e r   u p d a t e d _ 5 1 - 1 @ u p d a t e d   a s s e m / g r i p p e r   u p d a t e d _ 5 . S T E P - 1 @ g r i p p e r   u p d a t e d _ 5 1 / C L A W ( A L L ) . S T E P - 1 @ g r i p p e r   u p d a t e d _ 5 . S T E P             y         
2025-07-01 18:09:49,547 INFO  CommonSwOperations.cs: 242 - Successfully loaded component C:\Temp\swx736\IC~~\CLAW(ALL).STEP.SLDPRT
2025-07-01 18:09:49,550 INFO  CommonSwOperations.cs: 246 - Loading component with PID hB     ???{g r i p p e r   u p d a t e d _ 5 1 - 1 @ u p d a t e d   a s s e m / g r i p p e r   u p d a t e d _ 5 . S T E P - 1 @ g r i p p e r   u p d a t e d _ 5 1 / L E A D   8 M M   ( A L L ) . S T E P - 1 @ g r i p p e r   u p d a t e d _ 5 . S T E P             y         
2025-07-01 18:09:49,591 INFO  CommonSwOperations.cs: 242 - Successfully loaded component C:\Temp\swx736\IC~~\LEAD 8MM (ALL).STEP.SLDPRT
2025-07-01 18:09:49,591 INFO  CommonSwOperations.cs: 246 - Loading component with PID hB     ????g r i p p e r   u p d a t e d _ 5 1 - 1 @ u p d a t e d   a s s e m / g r i p p e r   u p d a t e d _ 5 . S T E P - 1 @ g r i p p e r   u p d a t e d _ 5 1 / G U I D E   R O D   8 m m   ( A L L ) . S T E P - 1 @ g r i p p e r   u p d a t e d _ 5 . S T E P             y         
2025-07-01 18:09:49,592 INFO  CommonSwOperations.cs: 242 - Successfully loaded component C:\Temp\swx736\IC~~\GUIDE ROD 8mm (ALL).STEP.SLDPRT
2025-07-01 18:09:49,592 INFO  CommonSwOperations.cs: 246 - Loading component with PID hB     ???vg r i p p e r   u p d a t e d _ 5 1 - 1 @ u p d a t e d   a s s e m / g r i p p e r   u p d a t e d _ 5 . S T E P - 1 @ g r i p p e r   u p d a t e d _ 5 1 / N U T   ( A L L ) . S T E P - 1 @ g r i p p e r   u p d a t e d _ 5 . S T E P             y      !   
2025-07-01 18:09:49,593 INFO  CommonSwOperations.cs: 242 - Successfully loaded component C:\Temp\swx736\IC~~\NUT (ALL).STEP.SLDPRT
2025-07-01 18:09:49,593 INFO  CommonSwOperations.cs: 246 - Loading component with PID hB     ????g r i p p e r   u p d a t e d _ 5 1 - 1 @ u p d a t e d   a s s e m / g r i p p e r   u p d a t e d _ 5 . S T E P - 1 @ g r i p p e r   u p d a t e d _ 5 1 / l i n e a r   a c t   s a m p l e   m o d e l ( A L L ) . S T E P - 1 @ g r i p p e r   u p d a t e d _ 5 . S T E P             y         
2025-07-01 18:09:49,593 INFO  CommonSwOperations.cs: 242 - Successfully loaded component C:\Temp\swx736\IC~~\linear act sample model(ALL).STEP.SLDPRT
2025-07-01 18:09:49,594 INFO  CommonSwOperations.cs: 246 - Loading component with PID hB     ????g r i p p e r   u p d a t e d _ 5 1 - 1 @ u p d a t e d   a s s e m / g r i p p e r   u p d a t e d _ 5 . S T E P - 1 @ g r i p p e r   u p d a t e d _ 5 1 / m o t o r   m o u n t   G R I P P E R   A L L . S T E P - 1 @ g r i p p e r   u p d a t e d _ 5 . S T E P             y          
2025-07-01 18:09:49,594 INFO  CommonSwOperations.cs: 242 - Successfully loaded component C:\Temp\swx736\IC~~\motor mount GRIPPER ALL.STEP.SLDPRT
2025-07-01 18:09:49,594 INFO  CommonSwOperations.cs: 246 - Loading component with PID hB     ???yg r i p p e r   u p d a t e d _ 5 1 - 1 @ u p d a t e d   a s s e m / g r i p p e r   u p d a t e d _ 5 . S T E P - 1 @ g r i p p e r   u p d a t e d _ 5 1 / l i m i t   s w i t c h . S T E P - 1 @ g r i p p e r   u p d a t e d _ 5 . S T E P             y      "   
2025-07-01 18:09:49,595 INFO  CommonSwOperations.cs: 242 - Successfully loaded component C:\Temp\swx736\IC~~\limit switch.STEP.SLDPRT
2025-07-01 18:09:49,595 INFO  CommonSwOperations.cs: 246 - Loading component with PID hB     ???~g r i p p e r   u p d a t e d _ 5 1 - 1 @ u p d a t e d   a s s e m / g r i p p e r   u p d a t e d _ 5 . S T E P - 1 @ g r i p p e r   u p d a t e d _ 5 1 / G R I P P E R   A L L   M O T O R . S T E P - 1 @ g r i p p e r   u p d a t e d _ 5 . S T E P             y         
2025-07-01 18:09:49,595 INFO  CommonSwOperations.cs: 242 - Successfully loaded component C:\Temp\swx736\IC~~\GRIPPER ALL MOTOR.STEP.SLDPRT
2025-07-01 18:09:49,595 INFO  CommonSwOperations.cs: 246 - Loading component with PID hB     ????g r i p p e r   u p d a t e d _ 5 1 - 1 @ u p d a t e d   a s s e m / g r i p p e r   u p d a t e d _ 5 . S T E P - 1 @ g r i p p e r   u p d a t e d _ 5 1 / B E A R I N G   1 6 X 8 X 5   ( A L L ) . S T E P - 1 @ g r i p p e r   u p d a t e d _ 5 . S T E P             y      #   
2025-07-01 18:09:49,596 INFO  CommonSwOperations.cs: 242 - Successfully loaded component C:\Temp\swx736\IC~~\BEARING 16X8X5 (ALL).STEP.SLDPRT
2025-07-01 18:09:49,596 INFO  CommonSwOperations.cs: 246 - Loading component with PID hB     ???xg r i p p e r   u p d a t e d _ 5 1 - 1 @ u p d a t e d   a s s e m / g r i p p e r   u p d a t e d _ 5 . S T E P - 1 @ g r i p p e r   u p d a t e d _ 5 1 / c o u p l e r   8 x 5 . S T E P - 1 @ g r i p p e r   u p d a t e d _ 5 . S T E P             y         
2025-07-01 18:09:49,596 INFO  CommonSwOperations.cs: 242 - Successfully loaded component C:\Temp\swx736\IC~~\coupler 8x5.STEP.SLDPRT
2025-07-01 18:09:49,597 INFO  CommonSwOperations.cs: 232 - Loaded 14 components for link dof4
2025-07-01 18:09:49,628 INFO  SwAddin.cs: 345 - Showing property manager
2025-07-01 18:10:04,159 INFO  ExportPropertyManager.cs: 423 - Configuration saved
2025-07-01 18:10:04,162 INFO  ConfigurationSerialization.cs: 278 - URDF Configuration found
<Link z:Id="i1" xmlns="http://schemas.datacontract.org/2004/07/SW2URDF" xmlns:i="http://www.w3.org/2001/XMLSchema-instance" xmlns:z="http://schemas.microsoft.com/2003/10/Serialization/"><Attributes><Attribute z:Id="i2"><AttributeType>name</AttributeType><IsRequired>true</IsRequired><Value i:type="a:string" xmlns:a="http://www.w3.org/2001/XMLSchema">base_link</Value></Attribute></Attributes><ChildElements><URDFElement z:Id="i3" i:type="Inertial"><Attributes/><ChildElements><URDFElement z:Id="i4" i:type="Origin"><Attributes><Attribute z:Id="i5"><AttributeType>xyz</AttributeType><IsRequired>true</IsRequired><Value i:type="a:ArrayOfdouble" xmlns:a="http://schemas.microsoft.com/2003/10/Serialization/Arrays"><a:double>0</a:double><a:double>0</a:double><a:double>0</a:double></Value></Attribute><Attribute z:Id="i6"><AttributeType>rpy</AttributeType><IsRequired>true</IsRequired><Value i:type="a:ArrayOfdouble" xmlns:a="http://schemas.microsoft.com/2003/10/Serialization/Arrays"><a:double>0</a:double><a:double>0</a:double><a:double>0</a:double></Value></Attribute></Attributes><ChildElements/><ElementName>origin</ElementName><required>false</required><RPYAttribute z:Ref="i6"/><XYZAttribute z:Ref="i5"/><isCustomized>false</isCustomized></URDFElement><URDFElement z:Id="i7" i:type="Mass"><Attributes><Attribute z:Id="i8"><AttributeType>value</AttributeType><IsRequired>true</IsRequired><Value i:type="a:double" xmlns:a="http://www.w3.org/2001/XMLSchema">0</Value></Attribute></Attributes><ChildElements/><ElementName>mass</ElementName><required>false</required><ValueAttribute z:Ref="i8"/></URDFElement><URDFElement z:Id="i9" i:type="Inertia"><Attributes><Attribute z:Id="i10"><AttributeType>ixx</AttributeType><IsRequired>true</IsRequired><Value i:type="a:double" xmlns:a="http://www.w3.org/2001/XMLSchema">0</Value></Attribute><Attribute z:Id="i11"><AttributeType>ixy</AttributeType><IsRequired>true</IsRequired><Value i:type="a:double" xmlns:a="http://www.w3.org/2001/XMLSchema">0</Value></Attribute><Attribute z:Id="i12"><AttributeType>ixz</AttributeType><IsRequired>true</IsRequired><Value i:type="a:double" xmlns:a="http://www.w3.org/2001/XMLSchema">0</Value></Attribute><Attribute z:Id="i13"><AttributeType>iyy</AttributeType><IsRequired>true</IsRequired><Value i:type="a:double" xmlns:a="http://www.w3.org/2001/XMLSchema">0</Value></Attribute><Attribute z:Id="i14"><AttributeType>iyz</AttributeType><IsRequired>true</IsRequired><Value i:type="a:double" xmlns:a="http://www.w3.org/2001/XMLSchema">0</Value></Attribute><Attribute z:Id="i15"><AttributeType>izz</AttributeType><IsRequired>true</IsRequired><Value i:type="a:double" xmlns:a="http://www.w3.org/2001/XMLSchema">0</Value></Attribute></Attributes><ChildElements/><ElementName>inertia</ElementName><required>false</required><IxxAttribute z:Ref="i10"/><IxyAttribute z:Ref="i11"/><IxzAttribute z:Ref="i12"/><IyyAttribute z:Ref="i13"/><IyzAttribute z:Ref="i14"/><IzzAttribute z:Ref="i15"/></URDFElement></ChildElements><ElementName>inertial</ElementName><required>false</required><Inertia z:Ref="i9"/><Mass z:Ref="i7"/><Origin z:Ref="i4"/></URDFElement><URDFElement z:Id="i16" i:type="Visual"><Attributes/><ChildElements><URDFElement z:Id="i17" i:type="Origin"><Attributes><Attribute z:Id="i18"><AttributeType>xyz</AttributeType><IsRequired>true</IsRequired><Value i:type="a:ArrayOfdouble" xmlns:a="http://schemas.microsoft.com/2003/10/Serialization/Arrays"><a:double>0</a:double><a:double>0</a:double><a:double>0</a:double></Value></Attribute><Attribute z:Id="i19"><AttributeType>rpy</AttributeType><IsRequired>true</IsRequired><Value i:type="a:ArrayOfdouble" xmlns:a="http://schemas.microsoft.com/2003/10/Serialization/Arrays"><a:double>0</a:double><a:double>0</a:double><a:double>0</a:double></Value></Attribute></Attributes><ChildElements/><ElementName>origin</ElementName><required>false</required><RPYAttribute z:Ref="i19"/><XYZAttribute z:Ref="i18"/><isCustomized>false</isCustomized></URDFElement><URDFElement z:Id="i20" i:type="Geometry"><Attributes/><ChildElements><URDFElement z:Id="i21" i:type="Mesh"><Attributes><Attribute z:Id="i22"><AttributeType>filename</AttributeType><IsRequired>true</IsRequired><Value i:nil="true"/></Attribute></Attributes><ChildElements/><ElementName>mesh</ElementName><required>false</required><FilenameAttribute z:Ref="i22"/></URDFElement></ChildElements><ElementName>geometry</ElementName><required>true</required><Mesh z:Ref="i21"/></URDFElement><URDFElement z:Id="i23" i:type="Material"><Attributes><Attribute z:Id="i24"><AttributeType>name</AttributeType><IsRequired>true</IsRequired><Value i:type="a:string" xmlns:a="http://www.w3.org/2001/XMLSchema"/></Attribute></Attributes><ChildElements><URDFElement z:Id="i25" i:type="Color"><Attributes><Attribute z:Id="i26"><AttributeType>rgba</AttributeType><IsRequired>true</IsRequired><Value i:type="a:ArrayOfdouble" xmlns:a="http://schemas.microsoft.com/2003/10/Serialization/Arrays"><a:double>1</a:double><a:double>1</a:double><a:double>1</a:double><a:double>1</a:double></Value></Attribute></Attributes><ChildElements/><ElementName>color</ElementName><required>false</required><RGBAAttribute z:Ref="i26"/></URDFElement><URDFElement z:Id="i27" i:type="Texture"><Attributes><Attribute z:Id="i28"><AttributeType>filename</AttributeType><IsRequired>true</IsRequired><Value i:nil="true"/></Attribute></Attributes><ChildElements/><ElementName>texture</ElementName><required>false</required><FilenameAttribute z:Ref="i28"/><wFilename/></URDFElement></ChildElements><ElementName>material</ElementName><required>false</required><Color z:Ref="i25"/><NameAttribute z:Ref="i24"/><Texture z:Ref="i27"/></URDFElement></ChildElements><ElementName>visual</ElementName><required>false</required><Geometry z:Ref="i20"/><Material z:Ref="i23"/><Origin z:Ref="i17"/></URDFElement><URDFElement z:Id="i29" i:type="Collision"><Attributes/><ChildElements><URDFElement z:Id="i30" i:type="Origin"><Attributes><Attribute z:Id="i31"><AttributeType>xyz</AttributeType><IsRequired>true</IsRequired><Value i:type="a:ArrayOfdouble" xmlns:a="http://schemas.microsoft.com/2003/10/Serialization/Arrays"><a:double>0</a:double><a:double>0</a:double><a:double>0</a:double></Value></Attribute><Attribute z:Id="i32"><AttributeType>rpy</AttributeType><IsRequired>true</IsRequired><Value i:type="a:ArrayOfdouble" xmlns:a="http://schemas.microsoft.com/2003/10/Serialization/Arrays"><a:double>0</a:double><a:double>0</a:double><a:double>0</a:double></Value></Attribute></Attributes><ChildElements/><ElementName>origin</ElementName><required>false</required><RPYAttribute z:Ref="i32"/><XYZAttribute z:Ref="i31"/><isCustomized>false</isCustomized></URDFElement><URDFElement z:Id="i33" i:type="Geometry"><Attributes/><ChildElements><URDFElement z:Id="i34" i:type="Mesh"><Attributes><Attribute z:Id="i35"><AttributeType>filename</AttributeType><IsRequired>true</IsRequired><Value i:nil="true"/></Attribute></Attributes><ChildElements/><ElementName>mesh</ElementName><required>false</required><FilenameAttribute z:Ref="i35"/></URDFElement></ChildElements><ElementName>geometry</ElementName><required>true</required><Mesh z:Ref="i34"/></URDFElement></ChildElements><ElementName>collision</ElementName><required>false</required><Geometry z:Ref="i33"/><Origin z:Ref="i30"/></URDFElement><URDFElement z:Id="i36" i:type="Joint"><Attributes><Attribute z:Id="i37"><AttributeType>name</AttributeType><IsRequired>true</IsRequired><Value i:type="a:string" xmlns:a="http://www.w3.org/2001/XMLSchema"/></Attribute><Attribute z:Id="i38"><AttributeType>type</AttributeType><IsRequired>true</IsRequired><Value i:type="a:string" xmlns:a="http://www.w3.org/2001/XMLSchema"/></Attribute></Attributes><ChildElements><URDFElement z:Id="i39" i:type="Origin"><Attributes><Attribute z:Id="i40"><AttributeType>xyz</AttributeType><IsRequired>true</IsRequired><Value i:type="a:ArrayOfdouble" xmlns:a="http://schemas.microsoft.com/2003/10/Serialization/Arrays"><a:double>0</a:double><a:double>0</a:double><a:double>0</a:double></Value></Attribute><Attribute z:Id="i41"><AttributeType>rpy</AttributeType><IsRequired>true</IsRequired><Value i:type="a:ArrayOfdouble" xmlns:a="http://schemas.microsoft.com/2003/10/Serialization/Arrays"><a:double>0</a:double><a:double>0</a:double><a:double>0</a:double></Value></Attribute></Attributes><ChildElements/><ElementName>origin</ElementName><required>false</required><RPYAttribute z:Ref="i41"/><XYZAttribute z:Ref="i40"/><isCustomized>false</isCustomized></URDFElement><URDFElement z:Id="i42" i:type="ParentLink"><Attributes><Attribute z:Id="i43"><AttributeType>link</AttributeType><IsRequired>true</IsRequired><Value i:type="a:string" xmlns:a="http://www.w3.org/2001/XMLSchema"/></Attribute></Attributes><ChildElements/><ElementName>parent</ElementName><required>true</required><NameAttribute z:Ref="i43"/></URDFElement><URDFElement z:Id="i44" i:type="ChildLink"><Attributes><Attribute z:Id="i45"><AttributeType>link</AttributeType><IsRequired>true</IsRequired><Value i:type="a:string" xmlns:a="http://www.w3.org/2001/XMLSchema"/></Attribute></Attributes><ChildElements/><ElementName>child</ElementName><required>true</required><NameAttribute z:Ref="i45"/></URDFElement><URDFElement z:Id="i46" i:type="Axis"><Attributes><Attribute z:Id="i47"><AttributeType>xyz</AttributeType><IsRequired>true</IsRequired><Value i:type="a:ArrayOfdouble" xmlns:a="http://schemas.microsoft.com/2003/10/Serialization/Arrays"><a:double>0</a:double><a:double>0</a:double><a:double>0</a:double></Value></Attribute></Attributes><ChildElements/><ElementName>axis</ElementName><required>false</required><XYZAttribute z:Ref="i47"/></URDFElement><URDFElement z:Id="i48" i:type="Limit"><Attributes><Attribute z:Id="i49"><AttributeType>lower</AttributeType><IsRequired>false</IsRequired><Value i:nil="true"/></Attribute><Attribute z:Id="i50"><AttributeType>upper</AttributeType><IsRequired>false</IsRequired><Value i:nil="true"/></Attribute><Attribute z:Id="i51"><AttributeType>effort</AttributeType><IsRequired>true</IsRequired><Value i:nil="true"/></Attribute><Attribute z:Id="i52"><AttributeType>velocity</AttributeType><IsRequired>true</IsRequired><Value i:nil="true"/></Attribute></Attributes><ChildElements/><ElementName>limit</ElementName><required>false</required><EffortAttribute z:Ref="i51"/><LowerAttribute z:Ref="i49"/><UpperAttribute z:Ref="i50"/><VelocityAttribute z:Ref="i52"/></URDFElement><URDFElement z:Id="i53" i:type="Calibration"><Attributes><Attribute z:Id="i54"><AttributeType>rising</AttributeType><IsRequired>false</IsRequired><Value i:nil="true"/></Attribute><Attribute z:Id="i55"><AttributeType>falling</AttributeType><IsRequired>false</IsRequired><Value i:nil="true"/></Attribute></Attributes><ChildElements/><ElementName>calibration</ElementName><required>false</required><FallingAttribute z:Ref="i55"/><RisingAttribute z:Ref="i54"/></URDFElement><URDFElement z:Id="i56" i:type="Dynamics"><Attributes><Attribute z:Id="i57"><AttributeType>damping</AttributeType><IsRequired>false</IsRequired><Value i:nil="true"/></Attribute><Attribute z:Id="i58"><AttributeType>friction</AttributeType><IsRequired>false</IsRequired><Value i:nil="true"/></Attribute></Attributes><ChildElements/><ElementName>dynamics</ElementName><required>false</required><DampingAttribute z:Ref="i57"/><FrictionAttribute z:Ref="i58"/></URDFElement><URDFElement z:Id="i59" i:type="SafetyController"><Attributes><Attribute z:Id="i60"><AttributeType>soft_upper_limit</AttributeType><IsRequired>false</IsRequired><Value i:nil="true"/></Attribute><Attribute z:Id="i61"><AttributeType>soft_lower_limit</AttributeType><IsRequired>false</IsRequired><Value i:nil="true"/></Attribute><Attribute z:Id="i62"><AttributeType>k_position</AttributeType><IsRequired>false</IsRequired><Value i:nil="true"/></Attribute><Attribute z:Id="i63"><AttributeType>k_velocity</AttributeType><IsRequired>true</IsRequired><Value i:nil="true"/></Attribute></Attributes><ChildElements/><ElementName>safety_controller</ElementName><required>false</required><KPositionAttribute z:Ref="i62"/><KVelocityAttribute z:Ref="i63"/><SoftLowerAttribute z:Ref="i61"/><SoftUpperAttribute z:Ref="i60"/></URDFElement><URDFElement z:Id="i64" i:type="Mimic"><Attributes><Attribute z:Id="i65"><AttributeType>joint</AttributeType><IsRequired>true</IsRequired><Value i:nil="true"/></Attribute><Attribute z:Id="i66"><AttributeType>multiplier</AttributeType><IsRequired>false</IsRequired><Value i:nil="true"/></Attribute><Attribute z:Id="i67"><AttributeType>offset</AttributeType><IsRequired>false</IsRequired><Value i:nil="true"/></Attribute></Attributes><ChildElements/><ElementName>mimic</ElementName><required>false</required><JointNameAttribute z:Ref="i65"/><MultiplierAttribute z:Ref="i66"/><OffsetAttribute z:Ref="i67"/></URDFElement></ChildElements><ElementName>joint</ElementName><required>false</required><Axis z:Ref="i46"/><AxisName/><Calibration z:Ref="i53"/><Child z:Ref="i44"/><CoordinateSystemName>Coordinate System1</CoordinateSystemName><Dynamics z:Ref="i56"/><Limit z:Ref="i48"/><Mimic z:Ref="i64"/><NameAttribute z:Ref="i37"/><Origin z:Ref="i39"/><Parent z:Ref="i42"/><Safety z:Ref="i59"/><TypeAttribute z:Ref="i38"/></URDFElement></ChildElements><ElementName>link</ElementName><required>true</required><Children><Link z:Id="i68"><Attributes><Attribute z:Id="i69"><AttributeType>name</AttributeType><IsRequired>true</IsRequired><Value i:type="a:string" xmlns:a="http://www.w3.org/2001/XMLSchema">dof1</Value></Attribute></Attributes><ChildElements><URDFElement z:Id="i70" i:type="Inertial"><Attributes/><ChildElements><URDFElement z:Id="i71" i:type="Origin"><Attributes><Attribute z:Id="i72"><AttributeType>xyz</AttributeType><IsRequired>true</IsRequired><Value i:type="a:ArrayOfdouble" xmlns:a="http://schemas.microsoft.com/2003/10/Serialization/Arrays"><a:double>0</a:double><a:double>0</a:double><a:double>0</a:double></Value></Attribute><Attribute z:Id="i73"><AttributeType>rpy</AttributeType><IsRequired>true</IsRequired><Value i:type="a:ArrayOfdouble" xmlns:a="http://schemas.microsoft.com/2003/10/Serialization/Arrays"><a:double>0</a:double><a:double>0</a:double><a:double>0</a:double></Value></Attribute></Attributes><ChildElements/><ElementName>origin</ElementName><required>false</required><RPYAttribute z:Ref="i73"/><XYZAttribute z:Ref="i72"/><isCustomized>false</isCustomized></URDFElement><URDFElement z:Id="i74" i:type="Mass"><Attributes><Attribute z:Id="i75"><AttributeType>value</AttributeType><IsRequired>true</IsRequired><Value i:type="a:double" xmlns:a="http://www.w3.org/2001/XMLSchema">0</Value></Attribute></Attributes><ChildElements/><ElementName>mass</ElementName><required>false</required><ValueAttribute z:Ref="i75"/></URDFElement><URDFElement z:Id="i76" i:type="Inertia"><Attributes><Attribute z:Id="i77"><AttributeType>ixx</AttributeType><IsRequired>true</IsRequired><Value i:type="a:double" xmlns:a="http://www.w3.org/2001/XMLSchema">0</Value></Attribute><Attribute z:Id="i78"><AttributeType>ixy</AttributeType><IsRequired>true</IsRequired><Value i:type="a:double" xmlns:a="http://www.w3.org/2001/XMLSchema">0</Value></Attribute><Attribute z:Id="i79"><AttributeType>ixz</AttributeType><IsRequired>true</IsRequired><Value i:type="a:double" xmlns:a="http://www.w3.org/2001/XMLSchema">0</Value></Attribute><Attribute z:Id="i80"><AttributeType>iyy</AttributeType><IsRequired>true</IsRequired><Value i:type="a:double" xmlns:a="http://www.w3.org/2001/XMLSchema">0</Value></Attribute><Attribute z:Id="i81"><AttributeType>iyz</AttributeType><IsRequired>true</IsRequired><Value i:type="a:double" xmlns:a="http://www.w3.org/2001/XMLSchema">0</Value></Attribute><Attribute z:Id="i82"><AttributeType>izz</AttributeType><IsRequired>true</IsRequired><Value i:type="a:double" xmlns:a="http://www.w3.org/2001/XMLSchema">0</Value></Attribute></Attributes><ChildElements/><ElementName>inertia</ElementName><required>false</required><IxxAttribute z:Ref="i77"/><IxyAttribute z:Ref="i78"/><IxzAttribute z:Ref="i79"/><IyyAttribute z:Ref="i80"/><IyzAttribute z:Ref="i81"/><IzzAttribute z:Ref="i82"/></URDFElement></ChildElements><ElementName>inertial</ElementName><required>false</required><Inertia z:Ref="i76"/><Mass z:Ref="i74"/><Origin z:Ref="i71"/></URDFElement><URDFElement z:Id="i83" i:type="Visual"><Attributes/><ChildElements><URDFElement z:Id="i84" i:type="Origin"><Attributes><Attribute z:Id="i85"><AttributeType>xyz</AttributeType><IsRequired>true</IsRequired><Value i:type="a:ArrayOfdouble" xmlns:a="http://schemas.microsoft.com/2003/10/Serialization/Arrays"><a:double>0</a:double><a:double>0</a:double><a:double>0</a:double></Value></Attribute><Attribute z:Id="i86"><AttributeType>rpy</AttributeType><IsRequired>true</IsRequired><Value i:type="a:ArrayOfdouble" xmlns:a="http://schemas.microsoft.com/2003/10/Serialization/Arrays"><a:double>0</a:double><a:double>0</a:double><a:double>0</a:double></Value></Attribute></Attributes><ChildElements/><ElementName>origin</ElementName><required>false</required><RPYAttribute z:Ref="i86"/><XYZAttribute z:Ref="i85"/><isCustomized>false</isCustomized></URDFElement><URDFElement z:Id="i87" i:type="Geometry"><Attributes/><ChildElements><URDFElement z:Id="i88" i:type="Mesh"><Attributes><Attribute z:Id="i89"><AttributeType>filename</AttributeType><IsRequired>true</IsRequired><Value i:nil="true"/></Attribute></Attributes><ChildElements/><ElementName>mesh</ElementName><required>false</required><FilenameAttribute z:Ref="i89"/></URDFElement></ChildElements><ElementName>geometry</ElementName><required>true</required><Mesh z:Ref="i88"/></URDFElement><URDFElement z:Id="i90" i:type="Material"><Attributes><Attribute z:Id="i91"><AttributeType>name</AttributeType><IsRequired>true</IsRequired><Value i:type="a:string" xmlns:a="http://www.w3.org/2001/XMLSchema"/></Attribute></Attributes><ChildElements><URDFElement z:Id="i92" i:type="Color"><Attributes><Attribute z:Id="i93"><AttributeType>rgba</AttributeType><IsRequired>true</IsRequired><Value i:type="a:ArrayOfdouble" xmlns:a="http://schemas.microsoft.com/2003/10/Serialization/Arrays"><a:double>1</a:double><a:double>1</a:double><a:double>1</a:double><a:double>1</a:double></Value></Attribute></Attributes><ChildElements/><ElementName>color</ElementName><required>false</required><RGBAAttribute z:Ref="i93"/></URDFElement><URDFElement z:Id="i94" i:type="Texture"><Attributes><Attribute z:Id="i95"><AttributeType>filename</AttributeType><IsRequired>true</IsRequired><Value i:nil="true"/></Attribute></Attributes><ChildElements/><ElementName>texture</ElementName><required>false</required><FilenameAttribute z:Ref="i95"/><wFilename/></URDFElement></ChildElements><ElementName>material</ElementName><required>false</required><Color z:Ref="i92"/><NameAttribute z:Ref="i91"/><Texture z:Ref="i94"/></URDFElement></ChildElements><ElementName>visual</ElementName><required>false</required><Geometry z:Ref="i87"/><Material z:Ref="i90"/><Origin z:Ref="i84"/></URDFElement><URDFElement z:Id="i96" i:type="Collision"><Attributes/><ChildElements><URDFElement z:Id="i97" i:type="Origin"><Attributes><Attribute z:Id="i98"><AttributeType>xyz</AttributeType><IsRequired>true</IsRequired><Value i:type="a:ArrayOfdouble" xmlns:a="http://schemas.microsoft.com/2003/10/Serialization/Arrays"><a:double>0</a:double><a:double>0</a:double><a:double>0</a:double></Value></Attribute><Attribute z:Id="i99"><AttributeType>rpy</AttributeType><IsRequired>true</IsRequired><Value i:type="a:ArrayOfdouble" xmlns:a="http://schemas.microsoft.com/2003/10/Serialization/Arrays"><a:double>0</a:double><a:double>0</a:double><a:double>0</a:double></Value></Attribute></Attributes><ChildElements/><ElementName>origin</ElementName><required>false</required><RPYAttribute z:Ref="i99"/><XYZAttribute z:Ref="i98"/><isCustomized>false</isCustomized></URDFElement><URDFElement z:Id="i100" i:type="Geometry"><Attributes/><ChildElements><URDFElement z:Id="i101" i:type="Mesh"><Attributes><Attribute z:Id="i102"><AttributeType>filename</AttributeType><IsRequired>true</IsRequired><Value i:nil="true"/></Attribute></Attributes><ChildElements/><ElementName>mesh</ElementName><required>false</required><FilenameAttribute z:Ref="i102"/></URDFElement></ChildElements><ElementName>geometry</ElementName><required>true</required><Mesh z:Ref="i101"/></URDFElement></ChildElements><ElementName>collision</ElementName><required>false</required><Geometry z:Ref="i100"/><Origin z:Ref="i97"/></URDFElement><URDFElement z:Id="i103" i:type="Joint"><Attributes><Attribute z:Id="i104"><AttributeType>name</AttributeType><IsRequired>true</IsRequired><Value i:type="a:string" xmlns:a="http://www.w3.org/2001/XMLSchema">dof1</Value></Attribute><Attribute z:Id="i105"><AttributeType>type</AttributeType><IsRequired>true</IsRequired><Value i:type="a:string" xmlns:a="http://www.w3.org/2001/XMLSchema">revolute</Value></Attribute></Attributes><ChildElements><URDFElement z:Id="i106" i:type="Origin"><Attributes><Attribute z:Id="i107"><AttributeType>xyz</AttributeType><IsRequired>true</IsRequired><Value i:type="a:ArrayOfdouble" xmlns:a="http://schemas.microsoft.com/2003/10/Serialization/Arrays"><a:double>0</a:double><a:double>0</a:double><a:double>0</a:double></Value></Attribute><Attribute z:Id="i108"><AttributeType>rpy</AttributeType><IsRequired>true</IsRequired><Value i:type="a:ArrayOfdouble" xmlns:a="http://schemas.microsoft.com/2003/10/Serialization/Arrays"><a:double>0</a:double><a:double>0</a:double><a:double>0</a:double></Value></Attribute></Attributes><ChildElements/><ElementName>origin</ElementName><required>false</required><RPYAttribute z:Ref="i108"/><XYZAttribute z:Ref="i107"/><isCustomized>false</isCustomized></URDFElement><URDFElement z:Id="i109" i:type="ParentLink"><Attributes><Attribute z:Id="i110"><AttributeType>link</AttributeType><IsRequired>true</IsRequired><Value i:type="a:string" xmlns:a="http://www.w3.org/2001/XMLSchema"/></Attribute></Attributes><ChildElements/><ElementName>parent</ElementName><required>true</required><NameAttribute z:Ref="i110"/></URDFElement><URDFElement z:Id="i111" i:type="ChildLink"><Attributes><Attribute z:Id="i112"><AttributeType>link</AttributeType><IsRequired>true</IsRequired><Value i:type="a:string" xmlns:a="http://www.w3.org/2001/XMLSchema"/></Attribute></Attributes><ChildElements/><ElementName>child</ElementName><required>true</required><NameAttribute z:Ref="i112"/></URDFElement><URDFElement z:Id="i113" i:type="Axis"><Attributes><Attribute z:Id="i114"><AttributeType>xyz</AttributeType><IsRequired>true</IsRequired><Value i:type="a:ArrayOfdouble" xmlns:a="http://schemas.microsoft.com/2003/10/Serialization/Arrays"><a:double>0</a:double><a:double>0</a:double><a:double>0</a:double></Value></Attribute></Attributes><ChildElements/><ElementName>axis</ElementName><required>false</required><XYZAttribute z:Ref="i114"/></URDFElement><URDFElement z:Id="i115" i:type="Limit"><Attributes><Attribute z:Id="i116"><AttributeType>lower</AttributeType><IsRequired>true</IsRequired><Value i:nil="true"/></Attribute><Attribute z:Id="i117"><AttributeType>upper</AttributeType><IsRequired>true</IsRequired><Value i:nil="true"/></Attribute><Attribute z:Id="i118"><AttributeType>effort</AttributeType><IsRequired>true</IsRequired><Value i:nil="true"/></Attribute><Attribute z:Id="i119"><AttributeType>velocity</AttributeType><IsRequired>true</IsRequired><Value i:nil="true"/></Attribute></Attributes><ChildElements/><ElementName>limit</ElementName><required>true</required><EffortAttribute z:Ref="i118"/><LowerAttribute z:Ref="i116"/><UpperAttribute z:Ref="i117"/><VelocityAttribute z:Ref="i119"/></URDFElement><URDFElement z:Id="i120" i:type="Calibration"><Attributes><Attribute z:Id="i121"><AttributeType>rising</AttributeType><IsRequired>false</IsRequired><Value i:nil="true"/></Attribute><Attribute z:Id="i122"><AttributeType>falling</AttributeType><IsRequired>false</IsRequired><Value i:nil="true"/></Attribute></Attributes><ChildElements/><ElementName>calibration</ElementName><required>false</required><FallingAttribute z:Ref="i122"/><RisingAttribute z:Ref="i121"/></URDFElement><URDFElement z:Id="i123" i:type="Dynamics"><Attributes><Attribute z:Id="i124"><AttributeType>damping</AttributeType><IsRequired>false</IsRequired><Value i:nil="true"/></Attribute><Attribute z:Id="i125"><AttributeType>friction</AttributeType><IsRequired>false</IsRequired><Value i:nil="true"/></Attribute></Attributes><ChildElements/><ElementName>dynamics</ElementName><required>false</required><DampingAttribute z:Ref="i124"/><FrictionAttribute z:Ref="i125"/></URDFElement><URDFElement z:Id="i126" i:type="SafetyController"><Attributes><Attribute z:Id="i127"><AttributeType>soft_upper_limit</AttributeType><IsRequired>false</IsRequired><Value i:nil="true"/></Attribute><Attribute z:Id="i128"><AttributeType>soft_lower_limit</AttributeType><IsRequired>false</IsRequired><Value i:nil="true"/></Attribute><Attribute z:Id="i129"><AttributeType>k_position</AttributeType><IsRequired>false</IsRequired><Value i:nil="true"/></Attribute><Attribute z:Id="i130"><AttributeType>k_velocity</AttributeType><IsRequired>true</IsRequired><Value i:nil="true"/></Attribute></Attributes><ChildElements/><ElementName>safety_controller</ElementName><required>false</required><KPositionAttribute z:Ref="i129"/><KVelocityAttribute z:Ref="i130"/><SoftLowerAttribute z:Ref="i128"/><SoftUpperAttribute z:Ref="i127"/></URDFElement><URDFElement z:Id="i131" i:type="Mimic"><Attributes><Attribute z:Id="i132"><AttributeType>joint</AttributeType><IsRequired>true</IsRequired><Value i:nil="true"/></Attribute><Attribute z:Id="i133"><AttributeType>multiplier</AttributeType><IsRequired>false</IsRequired><Value i:nil="true"/></Attribute><Attribute z:Id="i134"><AttributeType>offset</AttributeType><IsRequired>false</IsRequired><Value i:nil="true"/></Attribute></Attributes><ChildElements/><ElementName>mimic</ElementName><required>false</required><JointNameAttribute z:Ref="i132"/><MultiplierAttribute z:Ref="i133"/><OffsetAttribute z:Ref="i134"/></URDFElement></ChildElements><ElementName>joint</ElementName><required>false</required><Axis z:Ref="i113"/><AxisName>Axis1</AxisName><Calibration z:Ref="i120"/><Child z:Ref="i111"/><CoordinateSystemName>Automatically Generate</CoordinateSystemName><Dynamics z:Ref="i123"/><Limit z:Ref="i115"/><Mimic z:Ref="i131"/><NameAttribute z:Ref="i104"/><Origin z:Ref="i106"/><Parent z:Ref="i109"/><Safety z:Ref="i126"/><TypeAttribute z:Ref="i105"/></URDFElement></ChildElements><ElementName>link</ElementName><required>true</required><Children><Link z:Id="i135"><Attributes><Attribute z:Id="i136"><AttributeType>name</AttributeType><IsRequired>true</IsRequired><Value i:type="a:string" xmlns:a="http://www.w3.org/2001/XMLSchema">dof2</Value></Attribute></Attributes><ChildElements><URDFElement z:Id="i137" i:type="Inertial"><Attributes/><ChildElements><URDFElement z:Id="i138" i:type="Origin"><Attributes><Attribute z:Id="i139"><AttributeType>xyz</AttributeType><IsRequired>true</IsRequired><Value i:type="a:ArrayOfdouble" xmlns:a="http://schemas.microsoft.com/2003/10/Serialization/Arrays"><a:double>0</a:double><a:double>0</a:double><a:double>0</a:double></Value></Attribute><Attribute z:Id="i140"><AttributeType>rpy</AttributeType><IsRequired>true</IsRequired><Value i:type="a:ArrayOfdouble" xmlns:a="http://schemas.microsoft.com/2003/10/Serialization/Arrays"><a:double>0</a:double><a:double>0</a:double><a:double>0</a:double></Value></Attribute></Attributes><ChildElements/><ElementName>origin</ElementName><required>false</required><RPYAttribute z:Ref="i140"/><XYZAttribute z:Ref="i139"/><isCustomized>false</isCustomized></URDFElement><URDFElement z:Id="i141" i:type="Mass"><Attributes><Attribute z:Id="i142"><AttributeType>value</AttributeType><IsRequired>true</IsRequired><Value i:type="a:double" xmlns:a="http://www.w3.org/2001/XMLSchema">0</Value></Attribute></Attributes><ChildElements/><ElementName>mass</ElementName><required>false</required><ValueAttribute z:Ref="i142"/></URDFElement><URDFElement z:Id="i143" i:type="Inertia"><Attributes><Attribute z:Id="i144"><AttributeType>ixx</AttributeType><IsRequired>true</IsRequired><Value i:type="a:double" xmlns:a="http://www.w3.org/2001/XMLSchema">0</Value></Attribute><Attribute z:Id="i145"><AttributeType>ixy</AttributeType><IsRequired>true</IsRequired><Value i:type="a:double" xmlns:a="http://www.w3.org/2001/XMLSchema">0</Value></Attribute><Attribute z:Id="i146"><AttributeType>ixz</AttributeType><IsRequired>true</IsRequired><Value i:type="a:double" xmlns:a="http://www.w3.org/2001/XMLSchema">0</Value></Attribute><Attribute z:Id="i147"><AttributeType>iyy</AttributeType><IsRequired>true</IsRequired><Value i:type="a:double" xmlns:a="http://www.w3.org/2001/XMLSchema">0</Value></Attribute><Attribute z:Id="i148"><AttributeType>iyz</AttributeType><IsRequired>true</IsRequired><Value i:type="a:double" xmlns:a="http://www.w3.org/2001/XMLSchema">0</Value></Attribute><Attribute z:Id="i149"><AttributeType>izz</AttributeType><IsRequired>true</IsRequired><Value i:type="a:double" xmlns:a="http://www.w3.org/2001/XMLSchema">0</Value></Attribute></Attributes><ChildElements/><ElementName>inertia</ElementName><required>false</required><IxxAttribute z:Ref="i144"/><IxyAttribute z:Ref="i145"/><IxzAttribute z:Ref="i146"/><IyyAttribute z:Ref="i147"/><IyzAttribute z:Ref="i148"/><IzzAttribute z:Ref="i149"/></URDFElement></ChildElements><ElementName>inertial</ElementName><required>false</required><Inertia z:Ref="i143"/><Mass z:Ref="i141"/><Origin z:Ref="i138"/></URDFElement><URDFElement z:Id="i150" i:type="Visual"><Attributes/><ChildElements><URDFElement z:Id="i151" i:type="Origin"><Attributes><Attribute z:Id="i152"><AttributeType>xyz</AttributeType><IsRequired>true</IsRequired><Value i:type="a:ArrayOfdouble" xmlns:a="http://schemas.microsoft.com/2003/10/Serialization/Arrays"><a:double>0</a:double><a:double>0</a:double><a:double>0</a:double></Value></Attribute><Attribute z:Id="i153"><AttributeType>rpy</AttributeType><IsRequired>true</IsRequired><Value i:type="a:ArrayOfdouble" xmlns:a="http://schemas.microsoft.com/2003/10/Serialization/Arrays"><a:double>0</a:double><a:double>0</a:double><a:double>0</a:double></Value></Attribute></Attributes><ChildElements/><ElementName>origin</ElementName><required>false</required><RPYAttribute z:Ref="i153"/><XYZAttribute z:Ref="i152"/><isCustomized>false</isCustomized></URDFElement><URDFElement z:Id="i154" i:type="Geometry"><Attributes/><ChildElements><URDFElement z:Id="i155" i:type="Mesh"><Attributes><Attribute z:Id="i156"><AttributeType>filename</AttributeType><IsRequired>true</IsRequired><Value i:nil="true"/></Attribute></Attributes><ChildElements/><ElementName>mesh</ElementName><required>false</required><FilenameAttribute z:Ref="i156"/></URDFElement></ChildElements><ElementName>geometry</ElementName><required>true</required><Mesh z:Ref="i155"/></URDFElement><URDFElement z:Id="i157" i:type="Material"><Attributes><Attribute z:Id="i158"><AttributeType>name</AttributeType><IsRequired>true</IsRequired><Value i:type="a:string" xmlns:a="http://www.w3.org/2001/XMLSchema"/></Attribute></Attributes><ChildElements><URDFElement z:Id="i159" i:type="Color"><Attributes><Attribute z:Id="i160"><AttributeType>rgba</AttributeType><IsRequired>true</IsRequired><Value i:type="a:ArrayOfdouble" xmlns:a="http://schemas.microsoft.com/2003/10/Serialization/Arrays"><a:double>1</a:double><a:double>1</a:double><a:double>1</a:double><a:double>1</a:double></Value></Attribute></Attributes><ChildElements/><ElementName>color</ElementName><required>false</required><RGBAAttribute z:Ref="i160"/></URDFElement><URDFElement z:Id="i161" i:type="Texture"><Attributes><Attribute z:Id="i162"><AttributeType>filename</AttributeType><IsRequired>true</IsRequired><Value i:nil="true"/></Attribute></Attributes><ChildElements/><ElementName>texture</ElementName><required>false</required><FilenameAttribute z:Ref="i162"/><wFilename/></URDFElement></ChildElements><ElementName>material</ElementName><required>false</required><Color z:Ref="i159"/><NameAttribute z:Ref="i158"/><Texture z:Ref="i161"/></URDFElement></ChildElements><ElementName>visual</ElementName><required>false</required><Geometry z:Ref="i154"/><Material z:Ref="i157"/><Origin z:Ref="i151"/></URDFElement><URDFElement z:Id="i163" i:type="Collision"><Attributes/><ChildElements><URDFElement z:Id="i164" i:type="Origin"><Attributes><Attribute z:Id="i165"><AttributeType>xyz</AttributeType><IsRequired>true</IsRequired><Value i:type="a:ArrayOfdouble" xmlns:a="http://schemas.microsoft.com/2003/10/Serialization/Arrays"><a:double>0</a:double><a:double>0</a:double><a:double>0</a:double></Value></Attribute><Attribute z:Id="i166"><AttributeType>rpy</AttributeType><IsRequired>true</IsRequired><Value i:type="a:ArrayOfdouble" xmlns:a="http://schemas.microsoft.com/2003/10/Serialization/Arrays"><a:double>0</a:double><a:double>0</a:double><a:double>0</a:double></Value></Attribute></Attributes><ChildElements/><ElementName>origin</ElementName><required>false</required><RPYAttribute z:Ref="i166"/><XYZAttribute z:Ref="i165"/><isCustomized>false</isCustomized></URDFElement><URDFElement z:Id="i167" i:type="Geometry"><Attributes/><ChildElements><URDFElement z:Id="i168" i:type="Mesh"><Attributes><Attribute z:Id="i169"><AttributeType>filename</AttributeType><IsRequired>true</IsRequired><Value i:nil="true"/></Attribute></Attributes><ChildElements/><ElementName>mesh</ElementName><required>false</required><FilenameAttribute z:Ref="i169"/></URDFElement></ChildElements><ElementName>geometry</ElementName><required>true</required><Mesh z:Ref="i168"/></URDFElement></ChildElements><ElementName>collision</ElementName><required>false</required><Geometry z:Ref="i167"/><Origin z:Ref="i164"/></URDFElement><URDFElement z:Id="i170" i:type="Joint"><Attributes><Attribute z:Id="i171"><AttributeType>name</AttributeType><IsRequired>true</IsRequired><Value i:type="a:string" xmlns:a="http://www.w3.org/2001/XMLSchema">dof2</Value></Attribute><Attribute z:Id="i172"><AttributeType>type</AttributeType><IsRequired>true</IsRequired><Value i:type="a:string" xmlns:a="http://www.w3.org/2001/XMLSchema">revolute</Value></Attribute></Attributes><ChildElements><URDFElement z:Id="i173" i:type="Origin"><Attributes><Attribute z:Id="i174"><AttributeType>xyz</AttributeType><IsRequired>true</IsRequired><Value i:type="a:ArrayOfdouble" xmlns:a="http://schemas.microsoft.com/2003/10/Serialization/Arrays"><a:double>0</a:double><a:double>0</a:double><a:double>0</a:double></Value></Attribute><Attribute z:Id="i175"><AttributeType>rpy</AttributeType><IsRequired>true</IsRequired><Value i:type="a:ArrayOfdouble" xmlns:a="http://schemas.microsoft.com/2003/10/Serialization/Arrays"><a:double>0</a:double><a:double>0</a:double><a:double>0</a:double></Value></Attribute></Attributes><ChildElements/><ElementName>origin</ElementName><required>false</required><RPYAttribute z:Ref="i175"/><XYZAttribute z:Ref="i174"/><isCustomized>false</isCustomized></URDFElement><URDFElement z:Id="i176" i:type="ParentLink"><Attributes><Attribute z:Id="i177"><AttributeType>link</AttributeType><IsRequired>true</IsRequired><Value i:type="a:string" xmlns:a="http://www.w3.org/2001/XMLSchema"/></Attribute></Attributes><ChildElements/><ElementName>parent</ElementName><required>true</required><NameAttribute z:Ref="i177"/></URDFElement><URDFElement z:Id="i178" i:type="ChildLink"><Attributes><Attribute z:Id="i179"><AttributeType>link</AttributeType><IsRequired>true</IsRequired><Value i:type="a:string" xmlns:a="http://www.w3.org/2001/XMLSchema"/></Attribute></Attributes><ChildElements/><ElementName>child</ElementName><required>true</required><NameAttribute z:Ref="i179"/></URDFElement><URDFElement z:Id="i180" i:type="Axis"><Attributes><Attribute z:Id="i181"><AttributeType>xyz</AttributeType><IsRequired>true</IsRequired><Value i:type="a:ArrayOfdouble" xmlns:a="http://schemas.microsoft.com/2003/10/Serialization/Arrays"><a:double>0</a:double><a:double>0</a:double><a:double>0</a:double></Value></Attribute></Attributes><ChildElements/><ElementName>axis</ElementName><required>false</required><XYZAttribute z:Ref="i181"/></URDFElement><URDFElement z:Id="i182" i:type="Limit"><Attributes><Attribute z:Id="i183"><AttributeType>lower</AttributeType><IsRequired>false</IsRequired><Value i:nil="true"/></Attribute><Attribute z:Id="i184"><AttributeType>upper</AttributeType><IsRequired>false</IsRequired><Value i:nil="true"/></Attribute><Attribute z:Id="i185"><AttributeType>effort</AttributeType><IsRequired>true</IsRequired><Value i:nil="true"/></Attribute><Attribute z:Id="i186"><AttributeType>velocity</AttributeType><IsRequired>true</IsRequired><Value i:nil="true"/></Attribute></Attributes><ChildElements/><ElementName>limit</ElementName><required>false</required><EffortAttribute z:Ref="i185"/><LowerAttribute z:Ref="i183"/><UpperAttribute z:Ref="i184"/><VelocityAttribute z:Ref="i186"/></URDFElement><URDFElement z:Id="i187" i:type="Calibration"><Attributes><Attribute z:Id="i188"><AttributeType>rising</AttributeType><IsRequired>false</IsRequired><Value i:nil="true"/></Attribute><Attribute z:Id="i189"><AttributeType>falling</AttributeType><IsRequired>false</IsRequired><Value i:nil="true"/></Attribute></Attributes><ChildElements/><ElementName>calibration</ElementName><required>false</required><FallingAttribute z:Ref="i189"/><RisingAttribute z:Ref="i188"/></URDFElement><URDFElement z:Id="i190" i:type="Dynamics"><Attributes><Attribute z:Id="i191"><AttributeType>damping</AttributeType><IsRequired>false</IsRequired><Value i:nil="true"/></Attribute><Attribute z:Id="i192"><AttributeType>friction</AttributeType><IsRequired>false</IsRequired><Value i:nil="true"/></Attribute></Attributes><ChildElements/><ElementName>dynamics</ElementName><required>false</required><DampingAttribute z:Ref="i191"/><FrictionAttribute z:Ref="i192"/></URDFElement><URDFElement z:Id="i193" i:type="SafetyController"><Attributes><Attribute z:Id="i194"><AttributeType>soft_upper_limit</AttributeType><IsRequired>false</IsRequired><Value i:nil="true"/></Attribute><Attribute z:Id="i195"><AttributeType>soft_lower_limit</AttributeType><IsRequired>false</IsRequired><Value i:nil="true"/></Attribute><Attribute z:Id="i196"><AttributeType>k_position</AttributeType><IsRequired>false</IsRequired><Value i:nil="true"/></Attribute><Attribute z:Id="i197"><AttributeType>k_velocity</AttributeType><IsRequired>true</IsRequired><Value i:nil="true"/></Attribute></Attributes><ChildElements/><ElementName>safety_controller</ElementName><required>false</required><KPositionAttribute z:Ref="i196"/><KVelocityAttribute z:Ref="i197"/><SoftLowerAttribute z:Ref="i195"/><SoftUpperAttribute z:Ref="i194"/></URDFElement><URDFElement z:Id="i198" i:type="Mimic"><Attributes><Attribute z:Id="i199"><AttributeType>joint</AttributeType><IsRequired>true</IsRequired><Value i:nil="true"/></Attribute><Attribute z:Id="i200"><AttributeType>multiplier</AttributeType><IsRequired>false</IsRequired><Value i:nil="true"/></Attribute><Attribute z:Id="i201"><AttributeType>offset</AttributeType><IsRequired>false</IsRequired><Value i:nil="true"/></Attribute></Attributes><ChildElements/><ElementName>mimic</ElementName><required>false</required><JointNameAttribute z:Ref="i199"/><MultiplierAttribute z:Ref="i200"/><OffsetAttribute z:Ref="i201"/></URDFElement></ChildElements><ElementName>joint</ElementName><required>false</required><Axis z:Ref="i180"/><AxisName>Axis2</AxisName><Calibration z:Ref="i187"/><Child z:Ref="i178"/><CoordinateSystemName>Automatically Generate</CoordinateSystemName><Dynamics z:Ref="i190"/><Limit z:Ref="i182"/><Mimic z:Ref="i198"/><NameAttribute z:Ref="i171"/><Origin z:Ref="i173"/><Parent z:Ref="i176"/><Safety z:Ref="i193"/><TypeAttribute z:Ref="i172"/></URDFElement></ChildElements><ElementName>link</ElementName><required>true</required><Children><Link z:Id="i202"><Attributes><Attribute z:Id="i203"><AttributeType>name</AttributeType><IsRequired>true</IsRequired><Value i:type="a:string" xmlns:a="http://www.w3.org/2001/XMLSchema">dof3</Value></Attribute></Attributes><ChildElements><URDFElement z:Id="i204" i:type="Inertial"><Attributes/><ChildElements><URDFElement z:Id="i205" i:type="Origin"><Attributes><Attribute z:Id="i206"><AttributeType>xyz</AttributeType><IsRequired>true</IsRequired><Value i:type="a:ArrayOfdouble" xmlns:a="http://schemas.microsoft.com/2003/10/Serialization/Arrays"><a:double>0</a:double><a:double>0</a:double><a:double>0</a:double></Value></Attribute><Attribute z:Id="i207"><AttributeType>rpy</AttributeType><IsRequired>true</IsRequired><Value i:type="a:ArrayOfdouble" xmlns:a="http://schemas.microsoft.com/2003/10/Serialization/Arrays"><a:double>0</a:double><a:double>0</a:double><a:double>0</a:double></Value></Attribute></Attributes><ChildElements/><ElementName>origin</ElementName><required>false</required><RPYAttribute z:Ref="i207"/><XYZAttribute z:Ref="i206"/><isCustomized>false</isCustomized></URDFElement><URDFElement z:Id="i208" i:type="Mass"><Attributes><Attribute z:Id="i209"><AttributeType>value</AttributeType><IsRequired>true</IsRequired><Value i:type="a:double" xmlns:a="http://www.w3.org/2001/XMLSchema">0</Value></Attribute></Attributes><ChildElements/><ElementName>mass</ElementName><required>false</required><ValueAttribute z:Ref="i209"/></URDFElement><URDFElement z:Id="i210" i:type="Inertia"><Attributes><Attribute z:Id="i211"><AttributeType>ixx</AttributeType><IsRequired>true</IsRequired><Value i:type="a:double" xmlns:a="http://www.w3.org/2001/XMLSchema">0</Value></Attribute><Attribute z:Id="i212"><AttributeType>ixy</AttributeType><IsRequired>true</IsRequired><Value i:type="a:double" xmlns:a="http://www.w3.org/2001/XMLSchema">0</Value></Attribute><Attribute z:Id="i213"><AttributeType>ixz</AttributeType><IsRequired>true</IsRequired><Value i:type="a:double" xmlns:a="http://www.w3.org/2001/XMLSchema">0</Value></Attribute><Attribute z:Id="i214"><AttributeType>iyy</AttributeType><IsRequired>true</IsRequired><Value i:type="a:double" xmlns:a="http://www.w3.org/2001/XMLSchema">0</Value></Attribute><Attribute z:Id="i215"><AttributeType>iyz</AttributeType><IsRequired>true</IsRequired><Value i:type="a:double" xmlns:a="http://www.w3.org/2001/XMLSchema">0</Value></Attribute><Attribute z:Id="i216"><AttributeType>izz</AttributeType><IsRequired>true</IsRequired><Value i:type="a:double" xmlns:a="http://www.w3.org/2001/XMLSchema">0</Value></Attribute></Attributes><ChildElements/><ElementName>inertia</ElementName><required>false</required><IxxAttribute z:Ref="i211"/><IxyAttribute z:Ref="i212"/><IxzAttribute z:Ref="i213"/><IyyAttribute z:Ref="i214"/><IyzAttribute z:Ref="i215"/><IzzAttribute z:Ref="i216"/></URDFElement></ChildElements><ElementName>inertial</ElementName><required>false</required><Inertia z:Ref="i210"/><Mass z:Ref="i208"/><Origin z:Ref="i205"/></URDFElement><URDFElement z:Id="i217" i:type="Visual"><Attributes/><ChildElements><URDFElement z:Id="i218" i:type="Origin"><Attributes><Attribute z:Id="i219"><AttributeType>xyz</AttributeType><IsRequired>true</IsRequired><Value i:type="a:ArrayOfdouble" xmlns:a="http://schemas.microsoft.com/2003/10/Serialization/Arrays"><a:double>0</a:double><a:double>0</a:double><a:double>0</a:double></Value></Attribute><Attribute z:Id="i220"><AttributeType>rpy</AttributeType><IsRequired>true</IsRequired><Value i:type="a:ArrayOfdouble" xmlns:a="http://schemas.microsoft.com/2003/10/Serialization/Arrays"><a:double>0</a:double><a:double>0</a:double><a:double>0</a:double></Value></Attribute></Attributes><ChildElements/><ElementName>origin</ElementName><required>false</required><RPYAttribute z:Ref="i220"/><XYZAttribute z:Ref="i219"/><isCustomized>false</isCustomized></URDFElement><URDFElement z:Id="i221" i:type="Geometry"><Attributes/><ChildElements><URDFElement z:Id="i222" i:type="Mesh"><Attributes><Attribute z:Id="i223"><AttributeType>filename</AttributeType><IsRequired>true</IsRequired><Value i:nil="true"/></Attribute></Attributes><ChildElements/><ElementName>mesh</ElementName><required>false</required><FilenameAttribute z:Ref="i223"/></URDFElement></ChildElements><ElementName>geometry</ElementName><required>true</required><Mesh z:Ref="i222"/></URDFElement><URDFElement z:Id="i224" i:type="Material"><Attributes><Attribute z:Id="i225"><AttributeType>name</AttributeType><IsRequired>true</IsRequired><Value i:type="a:string" xmlns:a="http://www.w3.org/2001/XMLSchema"/></Attribute></Attributes><ChildElements><URDFElement z:Id="i226" i:type="Color"><Attributes><Attribute z:Id="i227"><AttributeType>rgba</AttributeType><IsRequired>true</IsRequired><Value i:type="a:ArrayOfdouble" xmlns:a="http://schemas.microsoft.com/2003/10/Serialization/Arrays"><a:double>1</a:double><a:double>1</a:double><a:double>1</a:double><a:double>1</a:double></Value></Attribute></Attributes><ChildElements/><ElementName>color</ElementName><required>false</required><RGBAAttribute z:Ref="i227"/></URDFElement><URDFElement z:Id="i228" i:type="Texture"><Attributes><Attribute z:Id="i229"><AttributeType>filename</AttributeType><IsRequired>true</IsRequired><Value i:nil="true"/></Attribute></Attributes><ChildElements/><ElementName>texture</ElementName><required>false</required><FilenameAttribute z:Ref="i229"/><wFilename/></URDFElement></ChildElements><ElementName>material</ElementName><required>false</required><Color z:Ref="i226"/><NameAttribute z:Ref="i225"/><Texture z:Ref="i228"/></URDFElement></ChildElements><ElementName>visual</ElementName><required>false</required><Geometry z:Ref="i221"/><Material z:Ref="i224"/><Origin z:Ref="i218"/></URDFElement><URDFElement z:Id="i230" i:type="Collision"><Attributes/><ChildElements><URDFElement z:Id="i231" i:type="Origin"><Attributes><Attribute z:Id="i232"><AttributeType>xyz</AttributeType><IsRequired>true</IsRequired><Value i:type="a:ArrayOfdouble" xmlns:a="http://schemas.microsoft.com/2003/10/Serialization/Arrays"><a:double>0</a:double><a:double>0</a:double><a:double>0</a:double></Value></Attribute><Attribute z:Id="i233"><AttributeType>rpy</AttributeType><IsRequired>true</IsRequired><Value i:type="a:ArrayOfdouble" xmlns:a="http://schemas.microsoft.com/2003/10/Serialization/Arrays"><a:double>0</a:double><a:double>0</a:double><a:double>0</a:double></Value></Attribute></Attributes><ChildElements/><ElementName>origin</ElementName><required>false</required><RPYAttribute z:Ref="i233"/><XYZAttribute z:Ref="i232"/><isCustomized>false</isCustomized></URDFElement><URDFElement z:Id="i234" i:type="Geometry"><Attributes/><ChildElements><URDFElement z:Id="i235" i:type="Mesh"><Attributes><Attribute z:Id="i236"><AttributeType>filename</AttributeType><IsRequired>true</IsRequired><Value i:nil="true"/></Attribute></Attributes><ChildElements/><ElementName>mesh</ElementName><required>false</required><FilenameAttribute z:Ref="i236"/></URDFElement></ChildElements><ElementName>geometry</ElementName><required>true</required><Mesh z:Ref="i235"/></URDFElement></ChildElements><ElementName>collision</ElementName><required>false</required><Geometry z:Ref="i234"/><Origin z:Ref="i231"/></URDFElement><URDFElement z:Id="i237" i:type="Joint"><Attributes><Attribute z:Id="i238"><AttributeType>name</AttributeType><IsRequired>true</IsRequired><Value i:type="a:string" xmlns:a="http://www.w3.org/2001/XMLSchema">dof3</Value></Attribute><Attribute z:Id="i239"><AttributeType>type</AttributeType><IsRequired>true</IsRequired><Value i:type="a:string" xmlns:a="http://www.w3.org/2001/XMLSchema">revolute</Value></Attribute></Attributes><ChildElements><URDFElement z:Id="i240" i:type="Origin"><Attributes><Attribute z:Id="i241"><AttributeType>xyz</AttributeType><IsRequired>true</IsRequired><Value i:type="a:ArrayOfdouble" xmlns:a="http://schemas.microsoft.com/2003/10/Serialization/Arrays"><a:double>0</a:double><a:double>0</a:double><a:double>0</a:double></Value></Attribute><Attribute z:Id="i242"><AttributeType>rpy</AttributeType><IsRequired>true</IsRequired><Value i:type="a:ArrayOfdouble" xmlns:a="http://schemas.microsoft.com/2003/10/Serialization/Arrays"><a:double>0</a:double><a:double>0</a:double><a:double>0</a:double></Value></Attribute></Attributes><ChildElements/><ElementName>origin</ElementName><required>false</required><RPYAttribute z:Ref="i242"/><XYZAttribute z:Ref="i241"/><isCustomized>false</isCustomized></URDFElement><URDFElement z:Id="i243" i:type="ParentLink"><Attributes><Attribute z:Id="i244"><AttributeType>link</AttributeType><IsRequired>true</IsRequired><Value i:type="a:string" xmlns:a="http://www.w3.org/2001/XMLSchema"/></Attribute></Attributes><ChildElements/><ElementName>parent</ElementName><required>true</required><NameAttribute z:Ref="i244"/></URDFElement><URDFElement z:Id="i245" i:type="ChildLink"><Attributes><Attribute z:Id="i246"><AttributeType>link</AttributeType><IsRequired>true</IsRequired><Value i:type="a:string" xmlns:a="http://www.w3.org/2001/XMLSchema"/></Attribute></Attributes><ChildElements/><ElementName>child</ElementName><required>true</required><NameAttribute z:Ref="i246"/></URDFElement><URDFElement z:Id="i247" i:type="Axis"><Attributes><Attribute z:Id="i248"><AttributeType>xyz</AttributeType><IsRequired>true</IsRequired><Value i:type="a:ArrayOfdouble" xmlns:a="http://schemas.microsoft.com/2003/10/Serialization/Arrays"><a:double>0</a:double><a:double>0</a:double><a:double>0</a:double></Value></Attribute></Attributes><ChildElements/><ElementName>axis</ElementName><required>false</required><XYZAttribute z:Ref="i248"/></URDFElement><URDFElement z:Id="i249" i:type="Limit"><Attributes><Attribute z:Id="i250"><AttributeType>lower</AttributeType><IsRequired>false</IsRequired><Value i:nil="true"/></Attribute><Attribute z:Id="i251"><AttributeType>upper</AttributeType><IsRequired>false</IsRequired><Value i:nil="true"/></Attribute><Attribute z:Id="i252"><AttributeType>effort</AttributeType><IsRequired>true</IsRequired><Value i:nil="true"/></Attribute><Attribute z:Id="i253"><AttributeType>velocity</AttributeType><IsRequired>true</IsRequired><Value i:nil="true"/></Attribute></Attributes><ChildElements/><ElementName>limit</ElementName><required>false</required><EffortAttribute z:Ref="i252"/><LowerAttribute z:Ref="i250"/><UpperAttribute z:Ref="i251"/><VelocityAttribute z:Ref="i253"/></URDFElement><URDFElement z:Id="i254" i:type="Calibration"><Attributes><Attribute z:Id="i255"><AttributeType>rising</AttributeType><IsRequired>false</IsRequired><Value i:nil="true"/></Attribute><Attribute z:Id="i256"><AttributeType>falling</AttributeType><IsRequired>false</IsRequired><Value i:nil="true"/></Attribute></Attributes><ChildElements/><ElementName>calibration</ElementName><required>false</required><FallingAttribute z:Ref="i256"/><RisingAttribute z:Ref="i255"/></URDFElement><URDFElement z:Id="i257" i:type="Dynamics"><Attributes><Attribute z:Id="i258"><AttributeType>damping</AttributeType><IsRequired>false</IsRequired><Value i:nil="true"/></Attribute><Attribute z:Id="i259"><AttributeType>friction</AttributeType><IsRequired>false</IsRequired><Value i:nil="true"/></Attribute></Attributes><ChildElements/><ElementName>dynamics</ElementName><required>false</required><DampingAttribute z:Ref="i258"/><FrictionAttribute z:Ref="i259"/></URDFElement><URDFElement z:Id="i260" i:type="SafetyController"><Attributes><Attribute z:Id="i261"><AttributeType>soft_upper_limit</AttributeType><IsRequired>false</IsRequired><Value i:nil="true"/></Attribute><Attribute z:Id="i262"><AttributeType>soft_lower_limit</AttributeType><IsRequired>false</IsRequired><Value i:nil="true"/></Attribute><Attribute z:Id="i263"><AttributeType>k_position</AttributeType><IsRequired>false</IsRequired><Value i:nil="true"/></Attribute><Attribute z:Id="i264"><AttributeType>k_velocity</AttributeType><IsRequired>true</IsRequired><Value i:nil="true"/></Attribute></Attributes><ChildElements/><ElementName>safety_controller</ElementName><required>false</required><KPositionAttribute z:Ref="i263"/><KVelocityAttribute z:Ref="i264"/><SoftLowerAttribute z:Ref="i262"/><SoftUpperAttribute z:Ref="i261"/></URDFElement><URDFElement z:Id="i265" i:type="Mimic"><Attributes><Attribute z:Id="i266"><AttributeType>joint</AttributeType><IsRequired>true</IsRequired><Value i:nil="true"/></Attribute><Attribute z:Id="i267"><AttributeType>multiplier</AttributeType><IsRequired>false</IsRequired><Value i:nil="true"/></Attribute><Attribute z:Id="i268"><AttributeType>offset</AttributeType><IsRequired>false</IsRequired><Value i:nil="true"/></Attribute></Attributes><ChildElements/><ElementName>mimic</ElementName><required>false</required><JointNameAttribute z:Ref="i266"/><MultiplierAttribute z:Ref="i267"/><OffsetAttribute z:Ref="i268"/></URDFElement></ChildElements><ElementName>joint</ElementName><required>false</required><Axis z:Ref="i247"/><AxisName>Axis3</AxisName><Calibration z:Ref="i254"/><Child z:Ref="i245"/><CoordinateSystemName>Automatically Generate</CoordinateSystemName><Dynamics z:Ref="i257"/><Limit z:Ref="i249"/><Mimic z:Ref="i265"/><NameAttribute z:Ref="i238"/><Origin z:Ref="i240"/><Parent z:Ref="i243"/><Safety z:Ref="i260"/><TypeAttribute z:Ref="i239"/></URDFElement></ChildElements><ElementName>link</ElementName><required>true</required><Children><Link z:Id="i269"><Attributes><Attribute z:Id="i270"><AttributeType>name</AttributeType><IsRequired>true</IsRequired><Value i:type="a:string" xmlns:a="http://www.w3.org/2001/XMLSchema">dof4</Value></Attribute></Attributes><ChildElements><URDFElement z:Id="i271" i:type="Inertial"><Attributes/><ChildElements><URDFElement z:Id="i272" i:type="Origin"><Attributes><Attribute z:Id="i273"><AttributeType>xyz</AttributeType><IsRequired>true</IsRequired><Value i:type="a:ArrayOfdouble" xmlns:a="http://schemas.microsoft.com/2003/10/Serialization/Arrays"><a:double>0</a:double><a:double>0</a:double><a:double>0</a:double></Value></Attribute><Attribute z:Id="i274"><AttributeType>rpy</AttributeType><IsRequired>true</IsRequired><Value i:type="a:ArrayOfdouble" xmlns:a="http://schemas.microsoft.com/2003/10/Serialization/Arrays"><a:double>0</a:double><a:double>0</a:double><a:double>0</a:double></Value></Attribute></Attributes><ChildElements/><ElementName>origin</ElementName><required>false</required><RPYAttribute z:Ref="i274"/><XYZAttribute z:Ref="i273"/><isCustomized>false</isCustomized></URDFElement><URDFElement z:Id="i275" i:type="Mass"><Attributes><Attribute z:Id="i276"><AttributeType>value</AttributeType><IsRequired>true</IsRequired><Value i:type="a:double" xmlns:a="http://www.w3.org/2001/XMLSchema">0</Value></Attribute></Attributes><ChildElements/><ElementName>mass</ElementName><required>false</required><ValueAttribute z:Ref="i276"/></URDFElement><URDFElement z:Id="i277" i:type="Inertia"><Attributes><Attribute z:Id="i278"><AttributeType>ixx</AttributeType><IsRequired>true</IsRequired><Value i:type="a:double" xmlns:a="http://www.w3.org/2001/XMLSchema">0</Value></Attribute><Attribute z:Id="i279"><AttributeType>ixy</AttributeType><IsRequired>true</IsRequired><Value i:type="a:double" xmlns:a="http://www.w3.org/2001/XMLSchema">0</Value></Attribute><Attribute z:Id="i280"><AttributeType>ixz</AttributeType><IsRequired>true</IsRequired><Value i:type="a:double" xmlns:a="http://www.w3.org/2001/XMLSchema">0</Value></Attribute><Attribute z:Id="i281"><AttributeType>iyy</AttributeType><IsRequired>true</IsRequired><Value i:type="a:double" xmlns:a="http://www.w3.org/2001/XMLSchema">0</Value></Attribute><Attribute z:Id="i282"><AttributeType>iyz</AttributeType><IsRequired>true</IsRequired><Value i:type="a:double" xmlns:a="http://www.w3.org/2001/XMLSchema">0</Value></Attribute><Attribute z:Id="i283"><AttributeType>izz</AttributeType><IsRequired>true</IsRequired><Value i:type="a:double" xmlns:a="http://www.w3.org/2001/XMLSchema">0</Value></Attribute></Attributes><ChildElements/><ElementName>inertia</ElementName><required>false</required><IxxAttribute z:Ref="i278"/><IxyAttribute z:Ref="i279"/><IxzAttribute z:Ref="i280"/><IyyAttribute z:Ref="i281"/><IyzAttribute z:Ref="i282"/><IzzAttribute z:Ref="i283"/></URDFElement></ChildElements><ElementName>inertial</ElementName><required>false</required><Inertia z:Ref="i277"/><Mass z:Ref="i275"/><Origin z:Ref="i272"/></URDFElement><URDFElement z:Id="i284" i:type="Visual"><Attributes/><ChildElements><URDFElement z:Id="i285" i:type="Origin"><Attributes><Attribute z:Id="i286"><AttributeType>xyz</AttributeType><IsRequired>true</IsRequired><Value i:type="a:ArrayOfdouble" xmlns:a="http://schemas.microsoft.com/2003/10/Serialization/Arrays"><a:double>0</a:double><a:double>0</a:double><a:double>0</a:double></Value></Attribute><Attribute z:Id="i287"><AttributeType>rpy</AttributeType><IsRequired>true</IsRequired><Value i:type="a:ArrayOfdouble" xmlns:a="http://schemas.microsoft.com/2003/10/Serialization/Arrays"><a:double>0</a:double><a:double>0</a:double><a:double>0</a:double></Value></Attribute></Attributes><ChildElements/><ElementName>origin</ElementName><required>false</required><RPYAttribute z:Ref="i287"/><XYZAttribute z:Ref="i286"/><isCustomized>false</isCustomized></URDFElement><URDFElement z:Id="i288" i:type="Geometry"><Attributes/><ChildElements><URDFElement z:Id="i289" i:type="Mesh"><Attributes><Attribute z:Id="i290"><AttributeType>filename</AttributeType><IsRequired>true</IsRequired><Value i:nil="true"/></Attribute></Attributes><ChildElements/><ElementName>mesh</ElementName><required>false</required><FilenameAttribute z:Ref="i290"/></URDFElement></ChildElements><ElementName>geometry</ElementName><required>true</required><Mesh z:Ref="i289"/></URDFElement><URDFElement z:Id="i291" i:type="Material"><Attributes><Attribute z:Id="i292"><AttributeType>name</AttributeType><IsRequired>true</IsRequired><Value i:type="a:string" xmlns:a="http://www.w3.org/2001/XMLSchema"/></Attribute></Attributes><ChildElements><URDFElement z:Id="i293" i:type="Color"><Attributes><Attribute z:Id="i294"><AttributeType>rgba</AttributeType><IsRequired>true</IsRequired><Value i:type="a:ArrayOfdouble" xmlns:a="http://schemas.microsoft.com/2003/10/Serialization/Arrays"><a:double>1</a:double><a:double>1</a:double><a:double>1</a:double><a:double>1</a:double></Value></Attribute></Attributes><ChildElements/><ElementName>color</ElementName><required>false</required><RGBAAttribute z:Ref="i294"/></URDFElement><URDFElement z:Id="i295" i:type="Texture"><Attributes><Attribute z:Id="i296"><AttributeType>filename</AttributeType><IsRequired>true</IsRequired><Value i:nil="true"/></Attribute></Attributes><ChildElements/><ElementName>texture</ElementName><required>false</required><FilenameAttribute z:Ref="i296"/><wFilename/></URDFElement></ChildElements><ElementName>material</ElementName><required>false</required><Color z:Ref="i293"/><NameAttribute z:Ref="i292"/><Texture z:Ref="i295"/></URDFElement></ChildElements><ElementName>visual</ElementName><required>false</required><Geometry z:Ref="i288"/><Material z:Ref="i291"/><Origin z:Ref="i285"/></URDFElement><URDFElement z:Id="i297" i:type="Collision"><Attributes/><ChildElements><URDFElement z:Id="i298" i:type="Origin"><Attributes><Attribute z:Id="i299"><AttributeType>xyz</AttributeType><IsRequired>true</IsRequired><Value i:type="a:ArrayOfdouble" xmlns:a="http://schemas.microsoft.com/2003/10/Serialization/Arrays"><a:double>0</a:double><a:double>0</a:double><a:double>0</a:double></Value></Attribute><Attribute z:Id="i300"><AttributeType>rpy</AttributeType><IsRequired>true</IsRequired><Value i:type="a:ArrayOfdouble" xmlns:a="http://schemas.microsoft.com/2003/10/Serialization/Arrays"><a:double>0</a:double><a:double>0</a:double><a:double>0</a:double></Value></Attribute></Attributes><ChildElements/><ElementName>origin</ElementName><required>false</required><RPYAttribute z:Ref="i300"/><XYZAttribute z:Ref="i299"/><isCustomized>false</isCustomized></URDFElement><URDFElement z:Id="i301" i:type="Geometry"><Attributes/><ChildElements><URDFElement z:Id="i302" i:type="Mesh"><Attributes><Attribute z:Id="i303"><AttributeType>filename</AttributeType><IsRequired>true</IsRequired><Value i:nil="true"/></Attribute></Attributes><ChildElements/><ElementName>mesh</ElementName><required>false</required><FilenameAttribute z:Ref="i303"/></URDFElement></ChildElements><ElementName>geometry</ElementName><required>true</required><Mesh z:Ref="i302"/></URDFElement></ChildElements><ElementName>collision</ElementName><required>false</required><Geometry z:Ref="i301"/><Origin z:Ref="i298"/></URDFElement><URDFElement z:Id="i304" i:type="Joint"><Attributes><Attribute z:Id="i305"><AttributeType>name</AttributeType><IsRequired>true</IsRequired><Value i:type="a:string" xmlns:a="http://www.w3.org/2001/XMLSchema">dof4</Value></Attribute><Attribute z:Id="i306"><AttributeType>type</AttributeType><IsRequired>true</IsRequired><Value i:type="a:string" xmlns:a="http://www.w3.org/2001/XMLSchema">revolute</Value></Attribute></Attributes><ChildElements><URDFElement z:Id="i307" i:type="Origin"><Attributes><Attribute z:Id="i308"><AttributeType>xyz</AttributeType><IsRequired>true</IsRequired><Value i:type="a:ArrayOfdouble" xmlns:a="http://schemas.microsoft.com/2003/10/Serialization/Arrays"><a:double>0</a:double><a:double>0</a:double><a:double>0</a:double></Value></Attribute><Attribute z:Id="i309"><AttributeType>rpy</AttributeType><IsRequired>true</IsRequired><Value i:type="a:ArrayOfdouble" xmlns:a="http://schemas.microsoft.com/2003/10/Serialization/Arrays"><a:double>0</a:double><a:double>0</a:double><a:double>0</a:double></Value></Attribute></Attributes><ChildElements/><ElementName>origin</ElementName><required>false</required><RPYAttribute z:Ref="i309"/><XYZAttribute z:Ref="i308"/><isCustomized>false</isCustomized></URDFElement><URDFElement z:Id="i310" i:type="ParentLink"><Attributes><Attribute z:Id="i311"><AttributeType>link</AttributeType><IsRequired>true</IsRequired><Value i:type="a:string" xmlns:a="http://www.w3.org/2001/XMLSchema"/></Attribute></Attributes><ChildElements/><ElementName>parent</ElementName><required>true</required><NameAttribute z:Ref="i311"/></URDFElement><URDFElement z:Id="i312" i:type="ChildLink"><Attributes><Attribute z:Id="i313"><AttributeType>link</AttributeType><IsRequired>true</IsRequired><Value i:type="a:string" xmlns:a="http://www.w3.org/2001/XMLSchema"/></Attribute></Attributes><ChildElements/><ElementName>child</ElementName><required>true</required><NameAttribute z:Ref="i313"/></URDFElement><URDFElement z:Id="i314" i:type="Axis"><Attributes><Attribute z:Id="i315"><AttributeType>xyz</AttributeType><IsRequired>true</IsRequired><Value i:type="a:ArrayOfdouble" xmlns:a="http://schemas.microsoft.com/2003/10/Serialization/Arrays"><a:double>0</a:double><a:double>0</a:double><a:double>0</a:double></Value></Attribute></Attributes><ChildElements/><ElementName>axis</ElementName><required>false</required><XYZAttribute z:Ref="i315"/></URDFElement><URDFElement z:Id="i316" i:type="Limit"><Attributes><Attribute z:Id="i317"><AttributeType>lower</AttributeType><IsRequired>false</IsRequired><Value i:nil="true"/></Attribute><Attribute z:Id="i318"><AttributeType>upper</AttributeType><IsRequired>false</IsRequired><Value i:nil="true"/></Attribute><Attribute z:Id="i319"><AttributeType>effort</AttributeType><IsRequired>true</IsRequired><Value i:nil="true"/></Attribute><Attribute z:Id="i320"><AttributeType>velocity</AttributeType><IsRequired>true</IsRequired><Value i:nil="true"/></Attribute></Attributes><ChildElements/><ElementName>limit</ElementName><required>false</required><EffortAttribute z:Ref="i319"/><LowerAttribute z:Ref="i317"/><UpperAttribute z:Ref="i318"/><VelocityAttribute z:Ref="i320"/></URDFElement><URDFElement z:Id="i321" i:type="Calibration"><Attributes><Attribute z:Id="i322"><AttributeType>rising</AttributeType><IsRequired>false</IsRequired><Value i:nil="true"/></Attribute><Attribute z:Id="i323"><AttributeType>falling</AttributeType><IsRequired>false</IsRequired><Value i:nil="true"/></Attribute></Attributes><ChildElements/><ElementName>calibration</ElementName><required>false</required><FallingAttribute z:Ref="i323"/><RisingAttribute z:Ref="i322"/></URDFElement><URDFElement z:Id="i324" i:type="Dynamics"><Attributes><Attribute z:Id="i325"><AttributeType>damping</AttributeType><IsRequired>false</IsRequired><Value i:nil="true"/></Attribute><Attribute z:Id="i326"><AttributeType>friction</AttributeType><IsRequired>false</IsRequired><Value i:nil="true"/></Attribute></Attributes><ChildElements/><ElementName>dynamics</ElementName><required>false</required><DampingAttribute z:Ref="i325"/><FrictionAttribute z:Ref="i326"/></URDFElement><URDFElement z:Id="i327" i:type="SafetyController"><Attributes><Attribute z:Id="i328"><AttributeType>soft_upper_limit</AttributeType><IsRequired>false</IsRequired><Value i:nil="true"/></Attribute><Attribute z:Id="i329"><AttributeType>soft_lower_limit</AttributeType><IsRequired>false</IsRequired><Value i:nil="true"/></Attribute><Attribute z:Id="i330"><AttributeType>k_position</AttributeType><IsRequired>false</IsRequired><Value i:nil="true"/></Attribute><Attribute z:Id="i331"><AttributeType>k_velocity</AttributeType><IsRequired>true</IsRequired><Value i:nil="true"/></Attribute></Attributes><ChildElements/><ElementName>safety_controller</ElementName><required>false</required><KPositionAttribute z:Ref="i330"/><KVelocityAttribute z:Ref="i331"/><SoftLowerAttribute z:Ref="i329"/><SoftUpperAttribute z:Ref="i328"/></URDFElement><URDFElement z:Id="i332" i:type="Mimic"><Attributes><Attribute z:Id="i333"><AttributeType>joint</AttributeType><IsRequired>true</IsRequired><Value i:nil="true"/></Attribute><Attribute z:Id="i334"><AttributeType>multiplier</AttributeType><IsRequired>false</IsRequired><Value i:nil="true"/></Attribute><Attribute z:Id="i335"><AttributeType>offset</AttributeType><IsRequired>false</IsRequired><Value i:nil="true"/></Attribute></Attributes><ChildElements/><ElementName>mimic</ElementName><required>false</required><JointNameAttribute z:Ref="i333"/><MultiplierAttribute z:Ref="i334"/><OffsetAttribute z:Ref="i335"/></URDFElement></ChildElements><ElementName>joint</ElementName><required>false</required><Axis z:Ref="i314"/><AxisName>Axis4</AxisName><Calibration z:Ref="i321"/><Child z:Ref="i312"/><CoordinateSystemName>Automatically Generate</CoordinateSystemName><Dynamics z:Ref="i324"/><Limit z:Ref="i316"/><Mimic z:Ref="i332"/><NameAttribute z:Ref="i305"/><Origin z:Ref="i307"/><Parent z:Ref="i310"/><Safety z:Ref="i327"/><TypeAttribute z:Ref="i306"/></URDFElement></ChildElements><ElementName>link</ElementName><required>true</required><Children/><Collision z:Ref="i297"/><Inertial z:Ref="i271"/><Joint z:Ref="i304"/><NameAttribute z:Ref="i270"/><Parent z:Ref="i202"/><STLQualityFine>false</STLQualityFine><SWComponentPIDs xmlns:a="http://schemas.microsoft.com/2003/10/Serialization/Arrays"><a:base64Binary>aEIAAAUAAAD//v8mRwByAGkAcABwAGUAcgAgAFkAUABSACAAQwBvAG4AbgBlAGMAdABpAG8AbgAtADEAQAB1AHAAZABhAHQAZQBkACAAYQBzAHMAZQBtAAQAAAAQAAAAAQAAAAEAAAB7AAAA</a:base64Binary><a:base64Binary>aEIAAAUAAAD//v95ZwByAGkAcABwAGUAcgAgAHUAcABkAGEAdABlAGQAXwA1ADEALQAxAEAAdQBwAGQAYQB0AGUAZAAgAGEAcwBzAGUAbQAvAGcAcgBpAHAAcABlAHIAIAB1AHAAZABhAHQAZQBkAF8ANQAuAFMAVABFAFAALQAxAEAAZwByAGkAcABwAGUAcgAgAHUAcABkAGEAdABlAGQAXwA1ADEALwBmAHIAYQBtAGUAIABnAHIAaQBwAGUAcgAuAFMAVABFAFAALQAxAEAAZwByAGkAcABwAGUAcgAgAHUAcABkAGEAdABlAGQAXwA1AC4AUwBUAEUAUAAEAAAAEAAAAAEAAAADAAAAeQAAABgAAAAYAAAA</a:base64Binary><a:base64Binary>aEIAAAUAAAD//v8fZABpAGYAZgAgAHQAbwAgAGcAcgBpAHAAcABlAHIALQAyAEAAdQBwAGQAYQB0AGUAZAAgAGEAcwBzAGUAbQAEAAAAEAAAAAEAAAABAAAAfAAAAA==</a:base64Binary><a:base64Binary>aEIAAAUAAAD//v95ZwByAGkAcABwAGUAcgAgAHUAcABkAGEAdABlAGQAXwA1ADEALQAxAEAAdQBwAGQAYQB0AGUAZAAgAGEAcwBzAGUAbQAvAGcAcgBpAHAAcABlAHIAIAB1AHAAZABhAHQAZQBkAF8ANQAuAFMAVABFAFAALQAxAEAAZwByAGkAcABwAGUAcgAgAHUAcABkAGEAdABlAGQAXwA1ADEALwBGAFIAQQBNAEUAIAAzACgAQQBMAEwAKQAuAFMAVABFAFAALQAxAEAAZwByAGkAcABwAGUAcgAgAHUAcABkAGEAdABlAGQAXwA1AC4AUwBUAEUAUAAEAAAAEAAAAAEAAAADAAAAeQAAABgAAAAcAAAA</a:base64Binary><a:base64Binary>aEIAAAUAAAD//v92ZwByAGkAcABwAGUAcgAgAHUAcABkAGEAdABlAGQAXwA1ADEALQAxAEAAdQBwAGQAYQB0AGUAZAAgAGEAcwBzAGUAbQAvAGcAcgBpAHAAcABlAHIAIAB1AHAAZABhAHQAZQBkAF8ANQAuAFMAVABFAFAALQAxAEAAZwByAGkAcABwAGUAcgAgAHUAcABkAGEAdABlAGQAXwA1ADEALwBDAEwAQQBXACgAQQBMAEwAKQAuAFMAVABFAFAALQAxAEAAZwByAGkAcABwAGUAcgAgAHUAcABkAGEAdABlAGQAXwA1AC4AUwBUAEUAUAAEAAAAEAAAAAEAAAADAAAAeQAAABgAAAAaAAAA</a:base64Binary><a:base64Binary>aEIAAAUAAAD//v97ZwByAGkAcABwAGUAcgAgAHUAcABkAGEAdABlAGQAXwA1ADEALQAxAEAAdQBwAGQAYQB0AGUAZAAgAGEAcwBzAGUAbQAvAGcAcgBpAHAAcABlAHIAIAB1AHAAZABhAHQAZQBkAF8ANQAuAFMAVABFAFAALQAxAEAAZwByAGkAcABwAGUAcgAgAHUAcABkAGEAdABlAGQAXwA1ADEALwBMAEUAQQBEACAAOABNAE0AIAAoAEEATABMACkALgBTAFQARQBQAC0AMQBAAGcAcgBpAHAAcABlAHIAIAB1AHAAZABhAHQAZQBkAF8ANQAuAFMAVABFAFAABAAAABAAAAABAAAAAwAAAHkAAAAYAAAAHwAAAA==</a:base64Binary><a:base64Binary>aEIAAAUAAAD//v+AZwByAGkAcABwAGUAcgAgAHUAcABkAGEAdABlAGQAXwA1ADEALQAxAEAAdQBwAGQAYQB0AGUAZAAgAGEAcwBzAGUAbQAvAGcAcgBpAHAAcABlAHIAIAB1AHAAZABhAHQAZQBkAF8ANQAuAFMAVABFAFAALQAxAEAAZwByAGkAcABwAGUAcgAgAHUAcABkAGEAdABlAGQAXwA1ADEALwBHAFUASQBEAEUAIABSAE8ARAAgADgAbQBtACAAKABBAEwATAApAC4AUwBUAEUAUAAtADEAQABnAHIAaQBwAHAAZQByACAAdQBwAGQAYQB0AGUAZABfADUALgBTAFQARQBQAAQAAAAQAAAAAQAAAAMAAAB5AAAAGAAAAB4AAAA=</a:base64Binary><a:base64Binary>aEIAAAUAAAD//v92ZwByAGkAcABwAGUAcgAgAHUAcABkAGEAdABlAGQAXwA1ADEALQAxAEAAdQBwAGQAYQB0AGUAZAAgAGEAcwBzAGUAbQAvAGcAcgBpAHAAcABlAHIAIAB1AHAAZABhAHQAZQBkAF8ANQAuAFMAVABFAFAALQAxAEAAZwByAGkAcABwAGUAcgAgAHUAcABkAGEAdABlAGQAXwA1ADEALwBOAFUAVAAgACgAQQBMAEwAKQAuAFMAVABFAFAALQAxAEAAZwByAGkAcABwAGUAcgAgAHUAcABkAGEAdABlAGQAXwA1AC4AUwBUAEUAUAAEAAAAEAAAAAEAAAADAAAAeQAAABgAAAAhAAAA</a:base64Binary><a:base64Binary>aEIAAAUAAAD//v+JZwByAGkAcABwAGUAcgAgAHUAcABkAGEAdABlAGQAXwA1ADEALQAxAEAAdQBwAGQAYQB0AGUAZAAgAGEAcwBzAGUAbQAvAGcAcgBpAHAAcABlAHIAIAB1AHAAZABhAHQAZQBkAF8ANQAuAFMAVABFAFAALQAxAEAAZwByAGkAcABwAGUAcgAgAHUAcABkAGEAdABlAGQAXwA1ADEALwBsAGkAbgBlAGEAcgAgAGEAYwB0ACAAcwBhAG0AcABsAGUAIABtAG8AZABlAGwAKABBAEwATAApAC4AUwBUAEUAUAAtADEAQABnAHIAaQBwAHAAZQByACAAdQBwAGQAYQB0AGUAZABfADUALgBTAFQARQBQAAQAAAAQAAAAAQAAAAMAAAB5AAAAGAAAABkAAAA=</a:base64Binary><a:base64Binary>aEIAAAUAAAD//v+EZwByAGkAcABwAGUAcgAgAHUAcABkAGEAdABlAGQAXwA1ADEALQAxAEAAdQBwAGQAYQB0AGUAZAAgAGEAcwBzAGUAbQAvAGcAcgBpAHAAcABlAHIAIAB1AHAAZABhAHQAZQBkAF8ANQAuAFMAVABFAFAALQAxAEAAZwByAGkAcABwAGUAcgAgAHUAcABkAGEAdABlAGQAXwA1ADEALwBtAG8AdABvAHIAIABtAG8AdQBuAHQAIABHAFIASQBQAFAARQBSACAAQQBMAEwALgBTAFQARQBQAC0AMQBAAGcAcgBpAHAAcABlAHIAIAB1AHAAZABhAHQAZQBkAF8ANQAuAFMAVABFAFAABAAAABAAAAABAAAAAwAAAHkAAAAYAAAAIAAAAA==</a:base64Binary><a:base64Binary>aEIAAAUAAAD//v95ZwByAGkAcABwAGUAcgAgAHUAcABkAGEAdABlAGQAXwA1ADEALQAxAEAAdQBwAGQAYQB0AGUAZAAgAGEAcwBzAGUAbQAvAGcAcgBpAHAAcABlAHIAIAB1AHAAZABhAHQAZQBkAF8ANQAuAFMAVABFAFAALQAxAEAAZwByAGkAcABwAGUAcgAgAHUAcABkAGEAdABlAGQAXwA1ADEALwBsAGkAbQBpAHQAIABzAHcAaQB0AGMAaAAuAFMAVABFAFAALQAxAEAAZwByAGkAcABwAGUAcgAgAHUAcABkAGEAdABlAGQAXwA1AC4AUwBUAEUAUAAEAAAAEAAAAAEAAAADAAAAeQAAABgAAAAiAAAA</a:base64Binary><a:base64Binary>aEIAAAUAAAD//v9+ZwByAGkAcABwAGUAcgAgAHUAcABkAGEAdABlAGQAXwA1ADEALQAxAEAAdQBwAGQAYQB0AGUAZAAgAGEAcwBzAGUAbQAvAGcAcgBpAHAAcABlAHIAIAB1AHAAZABhAHQAZQBkAF8ANQAuAFMAVABFAFAALQAxAEAAZwByAGkAcABwAGUAcgAgAHUAcABkAGEAdABlAGQAXwA1ADEALwBHAFIASQBQAFAARQBSACAAQQBMAEwAIABNAE8AVABPAFIALgBTAFQARQBQAC0AMQBAAGcAcgBpAHAAcABlAHIAIAB1AHAAZABhAHQAZQBkAF8ANQAuAFMAVABFAFAABAAAABAAAAABAAAAAwAAAHkAAAAYAAAAHQAAAA==</a:base64Binary><a:base64Binary>aEIAAAUAAAD//v+BZwByAGkAcABwAGUAcgAgAHUAcABkAGEAdABlAGQAXwA1ADEALQAxAEAAdQBwAGQAYQB0AGUAZAAgAGEAcwBzAGUAbQAvAGcAcgBpAHAAcABlAHIAIAB1AHAAZABhAHQAZQBkAF8ANQAuAFMAVABFAFAALQAxAEAAZwByAGkAcABwAGUAcgAgAHUAcABkAGEAdABlAGQAXwA1ADEALwBCAEUAQQBSAEkATgBHACAAMQA2AFgAOABYADUAIAAoAEEATABMACkALgBTAFQARQBQAC0AMQBAAGcAcgBpAHAAcABlAHIAIAB1AHAAZABhAHQAZQBkAF8ANQAuAFMAVABFAFAABAAAABAAAAABAAAAAwAAAHkAAAAYAAAAIwAAAA==</a:base64Binary><a:base64Binary>aEIAAAUAAAD//v94ZwByAGkAcABwAGUAcgAgAHUAcABkAGEAdABlAGQAXwA1ADEALQAxAEAAdQBwAGQAYQB0AGUAZAAgAGEAcwBzAGUAbQAvAGcAcgBpAHAAcABlAHIAIAB1AHAAZABhAHQAZQBkAF8ANQAuAFMAVABFAFAALQAxAEAAZwByAGkAcABwAGUAcgAgAHUAcABkAGEAdABlAGQAXwA1ADEALwBjAG8AdQBwAGwAZQByACAAOAB4ADUALgBTAFQARQBQAC0AMQBAAGcAcgBpAHAAcABlAHIAIAB1AHAAZABhAHQAZQBkAF8ANQAuAFMAVABFAFAABAAAABAAAAABAAAAAwAAAHkAAAAYAAAAGwAAAA==</a:base64Binary></SWComponentPIDs><SWMainComponentPID i:nil="true"/><Visual z:Ref="i284"/><isFixedFrame>false</isFixedFrame><isIncomplete>false</isIncomplete></Link></Children><Collision z:Ref="i230"/><Inertial z:Ref="i204"/><Joint z:Ref="i237"/><NameAttribute z:Ref="i203"/><Parent z:Ref="i135"/><STLQualityFine>false</STLQualityFine><SWComponentPIDs xmlns:a="http://schemas.microsoft.com/2003/10/Serialization/Arrays"><a:base64Binary>aEIAAAUAAAD//v8eZABpAGYAZgAgAEMAIABzAGUAYwB0AGkAbwBuAC0AMgBAAHUAcABkAGEAdABlAGQAIABhAHMAcwBlAG0ABAAAABAAAAABAAAAAQAAAGQAAAA=</a:base64Binary><a:base64Binary>aEIAAAUAAAD//v8eZABpAGYAZgAgAEMAIABzAGUAYwB0AGkAbwBuAC0AMQBAAHUAcABkAGEAdABlAGQAIABhAHMAcwBlAG0ABAAAABAAAAABAAAAAQAAAFIAAAA=</a:base64Binary><a:base64Binary>aEIAAAUAAAD//v8lZABpAGYAZgAgAEMAIABzAGUAYwB0AGkAbwBuACAASQAgAHAAYQByAHQALQAyAEAAdQBwAGQAYQB0AGUAZAAgAGEAcwBzAGUAbQAEAAAAEAAAAAEAAAABAAAAZQAAAA==</a:base64Binary><a:base64Binary>aEIAAAUAAAD//v8lZABpAGYAZgAgAEMAIABzAGUAYwB0AGkAbwBuACAASQAgAHAAYQByAHQALQAxAEAAdQBwAGQAYQB0AGUAZAAgAGEAcwBzAGUAbQAEAAAAEAAAAAEAAAABAAAAUQAAAA==</a:base64Binary><a:base64Binary>aEIAAAUAAAD//v8mMQA1AC0AMwAyAC0AOQAgAGIAZQBhAHIAaQBuAGcAIABoAG8AbABkAGUAcgAtADEAQAB1AHAAZABhAHQAZQBkACAAYQBzAHMAZQBtAAQAAAAQAAAAAQAAAAEAAAB6AAAA</a:base64Binary></SWComponentPIDs><SWMainComponentPID i:nil="true"/><Visual z:Ref="i217"/><isFixedFrame>false</isFixedFrame><isIncomplete>false</isIncomplete></Link></Children><Collision z:Ref="i163"/><Inertial z:Ref="i137"/><Joint z:Ref="i170"/><NameAttribute z:Ref="i136"/><Parent z:Ref="i68"/><STLQualityFine>false</STLQualityFine><SWComponentPIDs xmlns:a="http://schemas.microsoft.com/2003/10/Serialization/Arrays"><a:base64Binary>aEIAAAUAAAD//v8WQwBhAHMAaQBuAGcALQAyAEAAdQBwAGQAYQB0AGUAZAAgAGEAcwBzAGUAbQAEAAAAEAAAAAEAAAABAAAAQQAAAA==</a:base64Binary><a:base64Binary>aEIAAAUAAAD//v8sYwBhAHMAaQBuAGcAIABtAGkAcgByAG8AcgAgAG0AaQByAG8AcgByACAAbQBpAHIAcgByAHIAcgAtADIAQAB1AHAAZABhAHQAZQBkACAAYQBzAHMAZQBtAAQAAAAQAAAAAQAAAAEAAABAAAAA</a:base64Binary><a:base64Binary>aEIAAAUAAAD//v8TMAA0AG0ALQAxAEAAdQBwAGQAYQB0AGUAZAAgAGEAcwBzAGUAbQAEAAAAEAAAAAEAAAABAAAAMgAAAA==</a:base64Binary><a:base64Binary>aEIAAAUAAAD//v8kbQBvAHQAbwByACAAbQBvAHUAbgB0ACAAYQBuAGQAIABsAGkAbgBrAC0AMQBAAHUAcABkAGEAdABlAGQAIABhAHMAcwBlAG0ABAAAABAAAAABAAAAAQAAAEwAAAA=</a:base64Binary><a:base64Binary>aEIAAAUAAAD//v8mbQBvAHQAbwByACAAbQBvAHUAbgB0ACAAYQBuAGQAIABsAGkAbgBrACAATAAtADIAQAB1AHAAZABhAHQAZQBkACAAYQBzAHMAZQBtAAQAAAAQAAAAAQAAAAEAAABbAAAA</a:base64Binary><a:base64Binary>aEIAAAUAAAD//v8mbQBvAHQAbwByACAAbQBvAHUAbgB0ACAAYQBuAGQAIABsAGkAbgBrACAATAAtADEAQAB1AHAAZABhAHQAZQBkACAAYQBzAHMAZQBtAAQAAAAQAAAAAQAAAAEAAABUAAAA</a:base64Binary><a:base64Binary>aEIAAAUAAAD//v8gbABpAG4AawAgAGYAbwByACAAcwB1AHAAcABvAHIAdAAtADEAQAB1AHAAZABhAHQAZQBkACAAYQBzAHMAZQBtAAQAAAAQAAAAAQAAAAEAAABTAAAA</a:base64Binary></SWComponentPIDs><SWMainComponentPID i:nil="true"/><Visual z:Ref="i150"/><isFixedFrame>false</isFixedFrame><isIncomplete>false</isIncomplete></Link></Children><Collision z:Ref="i96"/><Inertial z:Ref="i70"/><Joint z:Ref="i103"/><NameAttribute z:Ref="i69"/><Parent z:Ref="i1"/><STLQualityFine>false</STLQualityFine><SWComponentPIDs xmlns:a="http://schemas.microsoft.com/2003/10/Serialization/Arrays"><a:base64Binary>aEIAAAUAAAD//v8fYwBhAHMAaQBuAGcAIABtAGkAcgByAG8AcgBlAGQALQAxAEAAdQBwAGQAYQB0AGUAZAAgAGEAcwBzAGUAbQAEAAAAEAAAAAEAAAABAAAAJAAAAA==</a:base64Binary><a:base64Binary>aEIAAAUAAAD//v8fQwBhAHMAaQBuAGcAIABuAG8AIABlAHIAcgBvAHIALQAxAEAAdQBwAGQAYQB0AGUAZAAgAGEAcwBzAGUAbQAEAAAAEAAAAAEAAAABAAAAIwAAAA==</a:base64Binary><a:base64Binary>aEIAAAUAAAD//v8UMAAuADYAbQAtADEAQAB1AHAAZABhAHQAZQBkACAAYQBzAHMAZQBtAAQAAAAQAAAAAQAAAAEAAAAxAAAA</a:base64Binary><a:base64Binary>aEIAAAUAAAD//v8kbQBvAHUAbgB0ACAAZwBvAG8AZgBlAGQAIABtAHUAaQByAHIAbwByAC0AMQBAAHUAcABkAGEAdABlAGQAIABhAHMAcwBlAG0ABAAAABAAAAABAAAAAQAAADYAAAA=</a:base64Binary><a:base64Binary>aEIAAAUAAAD//v8kTQBvAHUAbgB0ACAAZgBvAHIAIABnAG8AbwBmAHkAdABoAGkAbgBnAC0AMQBAAHUAcABkAGEAdABlAGQAIABhAHMAcwBlAG0ABAAAABAAAAABAAAAAQAAADUAAAA=</a:base64Binary></SWComponentPIDs><SWMainComponentPID i:nil="true"/><Visual z:Ref="i83"/><isFixedFrame>false</isFixedFrame><isIncomplete>false</isIncomplete></Link></Children><Collision z:Ref="i29"/><Inertial z:Ref="i3"/><Joint z:Ref="i36"/><NameAttribute z:Ref="i2"/><Parent i:nil="true"/><STLQualityFine>false</STLQualityFine><SWComponentPIDs xmlns:a="http://schemas.microsoft.com/2003/10/Serialization/Arrays"><a:base64Binary>aEIAAAUAAAD//v8rTQBvAHUAbgB0AC0ARQB4AHQAcgB1AGQAZQAgAFQAbwBwACAAQwB5AGMAbABvAGkAZABhAGwALQAyAEAAdQBwAGQAYQB0AGUAZAAgAGEAcwBzAGUAbQAEAAAAEAAAAAEAAAABAAAAIgAAAA==</a:base64Binary><a:base64Binary>aEIAAAUAAAD//v8rTQBvAHUAbgB0AC0ARQB4AHQAcgB1AGQAZQAgAFQAbwBwACAAQwB5AGMAbABvAGkAZABhAGwALQAxAEAAdQBwAGQAYQB0AGUAZAAgAGEAcwBzAGUAbQAEAAAAEAAAAAEAAAABAAAAGAAAAA==</a:base64Binary></SWComponentPIDs><SWMainComponentPID i:nil="true"/><Visual z:Ref="i16"/><isFixedFrame>false</isFixedFrame><isIncomplete>false</isIncomplete></Link>
2025-07-01 18:10:04,303 INFO  ExportHelperExtension.cs: 348 - Creating joint dof1
2025-07-01 18:10:04,303 INFO  ExportHelperExtension.cs: 1397 - Fixing components for base_link
2025-07-01 18:10:04,303 INFO  ExportHelperExtension.cs: 1403 - Fixing 34
2025-07-01 18:10:04,304 INFO  ExportHelperExtension.cs: 1403 - Fixing 24
2025-07-01 18:10:04,615 INFO  ExportHelperExtension.cs: 835 - R1: 0, 0
2025-07-01 18:10:04,616 INFO  ExportHelperExtension.cs: 843 - R2: 0, 0
2025-07-01 18:10:04,616 INFO  ExportHelperExtension.cs: 851 - L1: 0
2025-07-01 18:10:04,616 INFO  ExportHelperExtension.cs: 863 - L2: 0
2025-07-01 18:10:04,616 INFO  ExportHelperExtension.cs: 1350 - Unfixing component 34
2025-07-01 18:10:04,616 INFO  ExportHelperExtension.cs: 1350 - Unfixing component 24
2025-07-01 18:10:06,458 WARN  ExportHelperExtension.cs: 357 - Creating joint from parent base_link to child dof1 failed
2025-07-01 18:10:06,496 INFO  ExportHelperExtension.cs: 348 - Creating joint dof2
2025-07-01 18:10:06,497 INFO  ExportHelperExtension.cs: 1397 - Fixing components for dof1
2025-07-01 18:10:06,498 INFO  ExportHelperExtension.cs: 1403 - Fixing 36
2025-07-01 18:10:06,498 INFO  ExportHelperExtension.cs: 1403 - Fixing 35
2025-07-01 18:10:06,499 INFO  ExportHelperExtension.cs: 1403 - Fixing 49
2025-07-01 18:10:06,499 INFO  ExportHelperExtension.cs: 1403 - Fixing 54
2025-07-01 18:10:06,499 INFO  ExportHelperExtension.cs: 1403 - Fixing 53
2025-07-01 18:10:06,499 INFO  ExportHelperExtension.cs: 1403 - Fixing 34
2025-07-01 18:10:06,500 INFO  ExportHelperExtension.cs: 1403 - Fixing 24
2025-07-01 18:10:06,937 INFO  ExportHelperExtension.cs: 828 - R1: 1, System.__ComObject, 1, System.Double[]
2025-07-01 18:10:06,937 INFO  ExportHelperExtension.cs: 843 - R2: 0, 0
2025-07-01 18:10:06,938 INFO  ExportHelperExtension.cs: 851 - L1: 0
2025-07-01 18:10:06,938 INFO  ExportHelperExtension.cs: 863 - L2: 0
2025-07-01 18:10:06,938 INFO  ExportHelperExtension.cs: 1350 - Unfixing component 36
2025-07-01 18:10:06,939 INFO  ExportHelperExtension.cs: 1350 - Unfixing component 35
2025-07-01 18:10:06,939 INFO  ExportHelperExtension.cs: 1350 - Unfixing component 49
2025-07-01 18:10:06,939 INFO  ExportHelperExtension.cs: 1350 - Unfixing component 54
2025-07-01 18:10:06,940 INFO  ExportHelperExtension.cs: 1350 - Unfixing component 53
2025-07-01 18:10:06,940 INFO  ExportHelperExtension.cs: 1350 - Unfixing component 34
2025-07-01 18:10:06,940 INFO  ExportHelperExtension.cs: 1350 - Unfixing component 24
2025-07-01 18:10:09,335 WARN  ExportHelperExtension.cs: 357 - Creating joint from parent dof1 to child dof2 failed
2025-07-01 18:10:09,549 INFO  ExportHelperExtension.cs: 348 - Creating joint dof3
2025-07-01 18:10:09,549 INFO  ExportHelperExtension.cs: 1397 - Fixing components for dof2
2025-07-01 18:10:09,550 INFO  ExportHelperExtension.cs: 1403 - Fixing 65
2025-07-01 18:10:09,550 INFO  ExportHelperExtension.cs: 1403 - Fixing 64
2025-07-01 18:10:09,550 INFO  ExportHelperExtension.cs: 1403 - Fixing 50
2025-07-01 18:10:09,551 INFO  ExportHelperExtension.cs: 1403 - Fixing 76
2025-07-01 18:10:09,551 INFO  ExportHelperExtension.cs: 1403 - Fixing 91
2025-07-01 18:10:09,552 INFO  ExportHelperExtension.cs: 1403 - Fixing 84
2025-07-01 18:10:09,552 INFO  ExportHelperExtension.cs: 1403 - Fixing 83
2025-07-01 18:10:09,552 INFO  ExportHelperExtension.cs: 1403 - Fixing 36
2025-07-01 18:10:09,552 INFO  ExportHelperExtension.cs: 1403 - Fixing 35
2025-07-01 18:10:09,553 INFO  ExportHelperExtension.cs: 1403 - Fixing 49
2025-07-01 18:10:09,553 INFO  ExportHelperExtension.cs: 1403 - Fixing 54
2025-07-01 18:10:09,553 INFO  ExportHelperExtension.cs: 1403 - Fixing 53
2025-07-01 18:10:09,554 INFO  ExportHelperExtension.cs: 1403 - Fixing 34
2025-07-01 18:10:09,556 INFO  ExportHelperExtension.cs: 1403 - Fixing 24
2025-07-01 18:10:10,141 INFO  ExportHelperExtension.cs: 828 - R1: 1, System.__ComObject, 1, System.Double[]
2025-07-01 18:10:10,142 INFO  ExportHelperExtension.cs: 843 - R2: 0, 0
2025-07-01 18:10:10,142 INFO  ExportHelperExtension.cs: 851 - L1: 0
2025-07-01 18:10:10,142 INFO  ExportHelperExtension.cs: 863 - L2: 0
2025-07-01 18:10:10,143 INFO  ExportHelperExtension.cs: 1350 - Unfixing component 65
2025-07-01 18:10:10,143 INFO  ExportHelperExtension.cs: 1350 - Unfixing component 64
2025-07-01 18:10:10,143 INFO  ExportHelperExtension.cs: 1350 - Unfixing component 50
2025-07-01 18:10:10,143 INFO  ExportHelperExtension.cs: 1350 - Unfixing component 76
2025-07-01 18:10:10,144 INFO  ExportHelperExtension.cs: 1350 - Unfixing component 91
2025-07-01 18:10:10,144 INFO  ExportHelperExtension.cs: 1350 - Unfixing component 84
2025-07-01 18:10:10,144 INFO  ExportHelperExtension.cs: 1350 - Unfixing component 83
2025-07-01 18:10:10,144 INFO  ExportHelperExtension.cs: 1350 - Unfixing component 36
2025-07-01 18:10:10,145 INFO  ExportHelperExtension.cs: 1350 - Unfixing component 35
2025-07-01 18:10:10,145 INFO  ExportHelperExtension.cs: 1350 - Unfixing component 49
2025-07-01 18:10:10,145 INFO  ExportHelperExtension.cs: 1350 - Unfixing component 54
2025-07-01 18:10:10,146 INFO  ExportHelperExtension.cs: 1350 - Unfixing component 53
2025-07-01 18:10:10,146 INFO  ExportHelperExtension.cs: 1350 - Unfixing component 34
2025-07-01 18:10:10,146 INFO  ExportHelperExtension.cs: 1350 - Unfixing component 24
2025-07-01 18:10:13,015 WARN  ExportHelperExtension.cs: 357 - Creating joint from parent dof2 to child dof3 failed
2025-07-01 18:10:13,036 INFO  ExportHelperExtension.cs: 348 - Creating joint dof4
2025-07-01 18:10:13,036 INFO  ExportHelperExtension.cs: 1397 - Fixing components for dof3
2025-07-01 18:10:13,036 INFO  ExportHelperExtension.cs: 1403 - Fixing 100
2025-07-01 18:10:13,037 INFO  ExportHelperExtension.cs: 1403 - Fixing 82
2025-07-01 18:10:13,037 INFO  ExportHelperExtension.cs: 1403 - Fixing 101
2025-07-01 18:10:13,037 INFO  ExportHelperExtension.cs: 1403 - Fixing 81
2025-07-01 18:10:13,037 INFO  ExportHelperExtension.cs: 1403 - Fixing 122
2025-07-01 18:10:13,037 INFO  ExportHelperExtension.cs: 1403 - Fixing 65
2025-07-01 18:10:13,037 INFO  ExportHelperExtension.cs: 1403 - Fixing 64
2025-07-01 18:10:13,039 INFO  ExportHelperExtension.cs: 1403 - Fixing 50
2025-07-01 18:10:13,039 INFO  ExportHelperExtension.cs: 1403 - Fixing 76
2025-07-01 18:10:13,040 INFO  ExportHelperExtension.cs: 1403 - Fixing 91
2025-07-01 18:10:13,040 INFO  ExportHelperExtension.cs: 1403 - Fixing 84
2025-07-01 18:10:13,040 INFO  ExportHelperExtension.cs: 1403 - Fixing 83
2025-07-01 18:10:13,041 INFO  ExportHelperExtension.cs: 1403 - Fixing 36
2025-07-01 18:10:13,041 INFO  ExportHelperExtension.cs: 1403 - Fixing 35
2025-07-01 18:10:13,042 INFO  ExportHelperExtension.cs: 1403 - Fixing 49
2025-07-01 18:10:13,042 INFO  ExportHelperExtension.cs: 1403 - Fixing 54
2025-07-01 18:10:13,042 INFO  ExportHelperExtension.cs: 1403 - Fixing 53
2025-07-01 18:10:13,042 INFO  ExportHelperExtension.cs: 1403 - Fixing 34
2025-07-01 18:10:13,042 INFO  ExportHelperExtension.cs: 1403 - Fixing 24
2025-07-01 18:10:13,760 INFO  ExportHelperExtension.cs: 828 - R1: 1, System.__ComObject, 1, System.Double[]
2025-07-01 18:10:13,761 INFO  ExportHelperExtension.cs: 843 - R2: 0, 0
2025-07-01 18:10:13,761 INFO  ExportHelperExtension.cs: 851 - L1: 0
2025-07-01 18:10:13,762 INFO  ExportHelperExtension.cs: 863 - L2: 0
2025-07-01 18:10:13,762 INFO  ExportHelperExtension.cs: 1350 - Unfixing component 100
2025-07-01 18:10:13,762 INFO  ExportHelperExtension.cs: 1350 - Unfixing component 82
2025-07-01 18:10:13,762 INFO  ExportHelperExtension.cs: 1350 - Unfixing component 101
2025-07-01 18:10:13,763 INFO  ExportHelperExtension.cs: 1350 - Unfixing component 81
2025-07-01 18:10:13,763 INFO  ExportHelperExtension.cs: 1350 - Unfixing component 122
2025-07-01 18:10:13,763 INFO  ExportHelperExtension.cs: 1350 - Unfixing component 65
2025-07-01 18:10:13,764 INFO  ExportHelperExtension.cs: 1350 - Unfixing component 64
2025-07-01 18:10:13,764 INFO  ExportHelperExtension.cs: 1350 - Unfixing component 50
2025-07-01 18:10:13,765 INFO  ExportHelperExtension.cs: 1350 - Unfixing component 76
2025-07-01 18:10:13,765 INFO  ExportHelperExtension.cs: 1350 - Unfixing component 91
2025-07-01 18:10:13,765 INFO  ExportHelperExtension.cs: 1350 - Unfixing component 84
2025-07-01 18:10:13,765 INFO  ExportHelperExtension.cs: 1350 - Unfixing component 83
2025-07-01 18:10:13,766 INFO  ExportHelperExtension.cs: 1350 - Unfixing component 36
2025-07-01 18:10:13,766 INFO  ExportHelperExtension.cs: 1350 - Unfixing component 35
2025-07-01 18:10:13,766 INFO  ExportHelperExtension.cs: 1350 - Unfixing component 49
2025-07-01 18:10:13,767 INFO  ExportHelperExtension.cs: 1350 - Unfixing component 54
2025-07-01 18:10:13,767 INFO  ExportHelperExtension.cs: 1350 - Unfixing component 53
2025-07-01 18:10:13,767 INFO  ExportHelperExtension.cs: 1350 - Unfixing component 34
2025-07-01 18:10:13,767 INFO  ExportHelperExtension.cs: 1350 - Unfixing component 24
2025-07-01 18:10:16,358 WARN  ExportHelperExtension.cs: 357 - Creating joint from parent dof3 to child dof4 failed
2025-07-01 18:10:16,625 INFO  ExportHelperExtension.cs: 1127 - Retrieving features of type [CoordSys] from updated assem
2025-07-01 18:10:16,626 INFO  ExportHelperExtension.cs: 1137 - Found 127 in updated assem
2025-07-01 18:10:16,627 INFO  ExportHelperExtension.cs: 1146 - Found 12 features of type [CoordSys] in updated assem
2025-07-01 18:10:16,627 INFO  ExportHelperExtension.cs: 1149 - Proceeding through assembly components
2025-07-01 18:10:16,627 INFO  ExportHelperExtension.cs: 1161 - 22 components to check
2025-07-01 18:10:16,628 INFO  ExportHelperExtension.cs: 1127 - Retrieving features of type [CoordSys] from Casing no error-1
2025-07-01 18:10:16,628 INFO  ExportHelperExtension.cs: 1137 - Found 50 in Casing no error-1
2025-07-01 18:10:16,628 INFO  ExportHelperExtension.cs: 1146 - Found 0 features of type [CoordSys] in Casing no error-1
2025-07-01 18:10:16,629 INFO  ExportHelperExtension.cs: 1127 - Retrieving features of type [CoordSys] from casing mirrored-1
2025-07-01 18:10:16,629 INFO  ExportHelperExtension.cs: 1137 - Found 53 in casing mirrored-1
2025-07-01 18:10:16,629 INFO  ExportHelperExtension.cs: 1146 - Found 0 features of type [CoordSys] in casing mirrored-1
2025-07-01 18:10:16,630 INFO  ExportHelperExtension.cs: 1127 - Retrieving features of type [CoordSys] from 0.6m-1
2025-07-01 18:10:16,630 INFO  ExportHelperExtension.cs: 1137 - Found 25 in 0.6m-1
2025-07-01 18:10:16,630 INFO  ExportHelperExtension.cs: 1146 - Found 0 features of type [CoordSys] in 0.6m-1
2025-07-01 18:10:16,630 INFO  ExportHelperExtension.cs: 1127 - Retrieving features of type [CoordSys] from casing mirror mirorr mirrrrr-2
2025-07-01 18:10:16,630 INFO  ExportHelperExtension.cs: 1137 - Found 34 in casing mirror mirorr mirrrrr-2
2025-07-01 18:10:16,632 INFO  ExportHelperExtension.cs: 1146 - Found 0 features of type [CoordSys] in casing mirror mirorr mirrrrr-2
2025-07-01 18:10:16,632 INFO  ExportHelperExtension.cs: 1127 - Retrieving features of type [CoordSys] from Casing-2
2025-07-01 18:10:16,632 INFO  ExportHelperExtension.cs: 1137 - Found 44 in Casing-2
2025-07-01 18:10:16,633 INFO  ExportHelperExtension.cs: 1146 - Found 0 features of type [CoordSys] in Casing-2
2025-07-01 18:10:16,633 INFO  ExportHelperExtension.cs: 1127 - Retrieving features of type [CoordSys] from motor mount and link-1
2025-07-01 18:10:16,634 INFO  ExportHelperExtension.cs: 1137 - Found 46 in motor mount and link-1
2025-07-01 18:10:16,634 INFO  ExportHelperExtension.cs: 1146 - Found 0 features of type [CoordSys] in motor mount and link-1
2025-07-01 18:10:16,635 INFO  ExportHelperExtension.cs: 1127 - Retrieving features of type [CoordSys] from Mount for goofything-1
2025-07-01 18:10:16,635 INFO  ExportHelperExtension.cs: 1137 - Found 39 in Mount for goofything-1
2025-07-01 18:10:16,636 INFO  ExportHelperExtension.cs: 1146 - Found 0 features of type [CoordSys] in Mount for goofything-1
2025-07-01 18:10:16,636 INFO  ExportHelperExtension.cs: 1127 - Retrieving features of type [CoordSys] from diff C section-1
2025-07-01 18:10:16,636 INFO  ExportHelperExtension.cs: 1137 - Found 43 in diff C section-1
2025-07-01 18:10:16,637 INFO  ExportHelperExtension.cs: 1146 - Found 0 features of type [CoordSys] in diff C section-1
2025-07-01 18:10:16,637 INFO  ExportHelperExtension.cs: 1127 - Retrieving features of type [CoordSys] from link for support-1
2025-07-01 18:10:16,638 INFO  ExportHelperExtension.cs: 1137 - Found 46 in link for support-1
2025-07-01 18:10:16,638 INFO  ExportHelperExtension.cs: 1146 - Found 0 features of type [CoordSys] in link for support-1
2025-07-01 18:10:16,638 INFO  ExportHelperExtension.cs: 1127 - Retrieving features of type [CoordSys] from Mount-Extrude Top Cycloidal-1
2025-07-01 18:10:16,639 INFO  ExportHelperExtension.cs: 1137 - Found 69 in Mount-Extrude Top Cycloidal-1
2025-07-01 18:10:16,639 INFO  ExportHelperExtension.cs: 1146 - Found 0 features of type [CoordSys] in Mount-Extrude Top Cycloidal-1
2025-07-01 18:10:16,639 INFO  ExportHelperExtension.cs: 1127 - Retrieving features of type [CoordSys] from 04m-1
2025-07-01 18:10:16,640 INFO  ExportHelperExtension.cs: 1137 - Found 25 in 04m-1
2025-07-01 18:10:16,640 INFO  ExportHelperExtension.cs: 1146 - Found 0 features of type [CoordSys] in 04m-1
2025-07-01 18:10:16,640 INFO  ExportHelperExtension.cs: 1127 - Retrieving features of type [CoordSys] from diff C section I part-1
2025-07-01 18:10:16,640 INFO  ExportHelperExtension.cs: 1137 - Found 43 in diff C section I part-1
2025-07-01 18:10:16,641 INFO  ExportHelperExtension.cs: 1146 - Found 0 features of type [CoordSys] in diff C section I part-1
2025-07-01 18:10:16,641 INFO  ExportHelperExtension.cs: 1127 - Retrieving features of type [CoordSys] from mount goofed muirror-1
2025-07-01 18:10:16,641 INFO  ExportHelperExtension.cs: 1137 - Found 34 in mount goofed muirror-1
2025-07-01 18:10:16,642 INFO  ExportHelperExtension.cs: 1146 - Found 0 features of type [CoordSys] in mount goofed muirror-1
2025-07-01 18:10:16,642 INFO  ExportHelperExtension.cs: 1127 - Retrieving features of type [CoordSys] from Mount-Extrude Top Cycloidal-2
2025-07-01 18:10:16,642 INFO  ExportHelperExtension.cs: 1137 - Found 69 in Mount-Extrude Top Cycloidal-2
2025-07-01 18:10:16,643 INFO  ExportHelperExtension.cs: 1146 - Found 0 features of type [CoordSys] in Mount-Extrude Top Cycloidal-2
2025-07-01 18:10:16,643 INFO  ExportHelperExtension.cs: 1127 - Retrieving features of type [CoordSys] from 15-32-9 bearing holder-1
2025-07-01 18:10:16,643 INFO  ExportHelperExtension.cs: 1137 - Found 27 in 15-32-9 bearing holder-1
2025-07-01 18:10:16,643 INFO  ExportHelperExtension.cs: 1146 - Found 0 features of type [CoordSys] in 15-32-9 bearing holder-1
2025-07-01 18:10:16,643 INFO  ExportHelperExtension.cs: 1127 - Retrieving features of type [CoordSys] from motor mount and link L-2
2025-07-01 18:10:16,645 INFO  ExportHelperExtension.cs: 1137 - Found 68 in motor mount and link L-2
2025-07-01 18:10:16,645 INFO  ExportHelperExtension.cs: 1146 - Found 0 features of type [CoordSys] in motor mount and link L-2
2025-07-01 18:10:16,645 INFO  ExportHelperExtension.cs: 1127 - Retrieving features of type [CoordSys] from diff C section I part-2
2025-07-01 18:10:16,646 INFO  ExportHelperExtension.cs: 1137 - Found 43 in diff C section I part-2
2025-07-01 18:10:16,646 INFO  ExportHelperExtension.cs: 1146 - Found 0 features of type [CoordSys] in diff C section I part-2
2025-07-01 18:10:16,646 INFO  ExportHelperExtension.cs: 1127 - Retrieving features of type [CoordSys] from motor mount and link L-1
2025-07-01 18:10:16,646 INFO  ExportHelperExtension.cs: 1137 - Found 68 in motor mount and link L-1
2025-07-01 18:10:16,647 INFO  ExportHelperExtension.cs: 1146 - Found 0 features of type [CoordSys] in motor mount and link L-1
2025-07-01 18:10:16,647 INFO  ExportHelperExtension.cs: 1127 - Retrieving features of type [CoordSys] from diff C section-2
2025-07-01 18:10:16,647 INFO  ExportHelperExtension.cs: 1137 - Found 43 in diff C section-2
2025-07-01 18:10:16,648 INFO  ExportHelperExtension.cs: 1146 - Found 0 features of type [CoordSys] in diff C section-2
2025-07-01 18:10:16,648 INFO  ExportHelperExtension.cs: 1127 - Retrieving features of type [CoordSys] from Gripper YPR Connection-1
2025-07-01 18:10:16,648 INFO  ExportHelperExtension.cs: 1137 - Found 31 in Gripper YPR Connection-1
2025-07-01 18:10:16,649 INFO  ExportHelperExtension.cs: 1146 - Found 0 features of type [CoordSys] in Gripper YPR Connection-1
2025-07-01 18:10:16,649 INFO  ExportHelperExtension.cs: 1127 - Retrieving features of type [CoordSys] from gripper updated_51-1
2025-07-01 18:10:16,649 INFO  ExportHelperExtension.cs: 1137 - Found 23 in gripper updated_51-1
2025-07-01 18:10:16,650 INFO  ExportHelperExtension.cs: 1146 - Found 0 features of type [CoordSys] in gripper updated_51-1
2025-07-01 18:10:16,650 INFO  ExportHelperExtension.cs: 1127 - Retrieving features of type [CoordSys] from diff to gripper-2
2025-07-01 18:10:16,650 INFO  ExportHelperExtension.cs: 1137 - Found 29 in diff to gripper-2
2025-07-01 18:10:16,651 INFO  ExportHelperExtension.cs: 1146 - Found 0 features of type [CoordSys] in diff to gripper-2
2025-07-01 18:10:16,651 INFO  ExportHelperExtension.cs: 1127 - Retrieving features of type [RefAxis] from updated assem
2025-07-01 18:10:16,651 INFO  ExportHelperExtension.cs: 1137 - Found 127 in updated assem
2025-07-01 18:10:16,652 INFO  ExportHelperExtension.cs: 1146 - Found 4 features of type [RefAxis] in updated assem
2025-07-01 18:10:16,652 INFO  ExportHelperExtension.cs: 1149 - Proceeding through assembly components
2025-07-01 18:10:16,652 INFO  ExportHelperExtension.cs: 1161 - 22 components to check
2025-07-01 18:10:16,652 INFO  ExportHelperExtension.cs: 1127 - Retrieving features of type [RefAxis] from Casing no error-1
2025-07-01 18:10:16,652 INFO  ExportHelperExtension.cs: 1137 - Found 50 in Casing no error-1
2025-07-01 18:10:16,653 INFO  ExportHelperExtension.cs: 1146 - Found 0 features of type [RefAxis] in Casing no error-1
2025-07-01 18:10:16,653 INFO  ExportHelperExtension.cs: 1127 - Retrieving features of type [RefAxis] from casing mirrored-1
2025-07-01 18:10:16,653 INFO  ExportHelperExtension.cs: 1137 - Found 53 in casing mirrored-1
2025-07-01 18:10:16,654 INFO  ExportHelperExtension.cs: 1146 - Found 0 features of type [RefAxis] in casing mirrored-1
2025-07-01 18:10:16,654 INFO  ExportHelperExtension.cs: 1127 - Retrieving features of type [RefAxis] from 0.6m-1
2025-07-01 18:10:16,654 INFO  ExportHelperExtension.cs: 1137 - Found 25 in 0.6m-1
2025-07-01 18:10:16,654 INFO  ExportHelperExtension.cs: 1146 - Found 0 features of type [RefAxis] in 0.6m-1
2025-07-01 18:10:16,655 INFO  ExportHelperExtension.cs: 1127 - Retrieving features of type [RefAxis] from casing mirror mirorr mirrrrr-2
2025-07-01 18:10:16,655 INFO  ExportHelperExtension.cs: 1137 - Found 34 in casing mirror mirorr mirrrrr-2
2025-07-01 18:10:16,655 INFO  ExportHelperExtension.cs: 1146 - Found 0 features of type [RefAxis] in casing mirror mirorr mirrrrr-2
2025-07-01 18:10:16,656 INFO  ExportHelperExtension.cs: 1127 - Retrieving features of type [RefAxis] from Casing-2
2025-07-01 18:10:16,656 INFO  ExportHelperExtension.cs: 1137 - Found 44 in Casing-2
2025-07-01 18:10:16,656 INFO  ExportHelperExtension.cs: 1146 - Found 0 features of type [RefAxis] in Casing-2
2025-07-01 18:10:16,657 INFO  ExportHelperExtension.cs: 1127 - Retrieving features of type [RefAxis] from motor mount and link-1
2025-07-01 18:10:16,657 INFO  ExportHelperExtension.cs: 1137 - Found 46 in motor mount and link-1
2025-07-01 18:10:16,657 INFO  ExportHelperExtension.cs: 1146 - Found 0 features of type [RefAxis] in motor mount and link-1
2025-07-01 18:10:16,658 INFO  ExportHelperExtension.cs: 1127 - Retrieving features of type [RefAxis] from Mount for goofything-1
2025-07-01 18:10:16,658 INFO  ExportHelperExtension.cs: 1137 - Found 39 in Mount for goofything-1
2025-07-01 18:10:16,658 INFO  ExportHelperExtension.cs: 1146 - Found 0 features of type [RefAxis] in Mount for goofything-1
2025-07-01 18:10:16,659 INFO  ExportHelperExtension.cs: 1127 - Retrieving features of type [RefAxis] from diff C section-1
2025-07-01 18:10:16,659 INFO  ExportHelperExtension.cs: 1137 - Found 43 in diff C section-1
2025-07-01 18:10:16,659 INFO  ExportHelperExtension.cs: 1146 - Found 0 features of type [RefAxis] in diff C section-1
2025-07-01 18:10:16,660 INFO  ExportHelperExtension.cs: 1127 - Retrieving features of type [RefAxis] from link for support-1
2025-07-01 18:10:16,660 INFO  ExportHelperExtension.cs: 1137 - Found 46 in link for support-1
2025-07-01 18:10:16,660 INFO  ExportHelperExtension.cs: 1146 - Found 0 features of type [RefAxis] in link for support-1
2025-07-01 18:10:16,660 INFO  ExportHelperExtension.cs: 1127 - Retrieving features of type [RefAxis] from Mount-Extrude Top Cycloidal-1
2025-07-01 18:10:16,660 INFO  ExportHelperExtension.cs: 1137 - Found 69 in Mount-Extrude Top Cycloidal-1
2025-07-01 18:10:16,662 INFO  ExportHelperExtension.cs: 1146 - Found 0 features of type [RefAxis] in Mount-Extrude Top Cycloidal-1
2025-07-01 18:10:16,662 INFO  ExportHelperExtension.cs: 1127 - Retrieving features of type [RefAxis] from 04m-1
2025-07-01 18:10:16,662 INFO  ExportHelperExtension.cs: 1137 - Found 25 in 04m-1
2025-07-01 18:10:16,663 INFO  ExportHelperExtension.cs: 1146 - Found 0 features of type [RefAxis] in 04m-1
2025-07-01 18:10:16,663 INFO  ExportHelperExtension.cs: 1127 - Retrieving features of type [RefAxis] from diff C section I part-1
2025-07-01 18:10:16,663 INFO  ExportHelperExtension.cs: 1137 - Found 43 in diff C section I part-1
2025-07-01 18:10:16,664 INFO  ExportHelperExtension.cs: 1146 - Found 0 features of type [RefAxis] in diff C section I part-1
2025-07-01 18:10:16,664 INFO  ExportHelperExtension.cs: 1127 - Retrieving features of type [RefAxis] from mount goofed muirror-1
2025-07-01 18:10:16,664 INFO  ExportHelperExtension.cs: 1137 - Found 34 in mount goofed muirror-1
2025-07-01 18:10:16,664 INFO  ExportHelperExtension.cs: 1146 - Found 0 features of type [RefAxis] in mount goofed muirror-1
2025-07-01 18:10:16,665 INFO  ExportHelperExtension.cs: 1127 - Retrieving features of type [RefAxis] from Mount-Extrude Top Cycloidal-2
2025-07-01 18:10:16,665 INFO  ExportHelperExtension.cs: 1137 - Found 69 in Mount-Extrude Top Cycloidal-2
2025-07-01 18:10:16,665 INFO  ExportHelperExtension.cs: 1146 - Found 0 features of type [RefAxis] in Mount-Extrude Top Cycloidal-2
2025-07-01 18:10:16,666 INFO  ExportHelperExtension.cs: 1127 - Retrieving features of type [RefAxis] from 15-32-9 bearing holder-1
2025-07-01 18:10:16,678 INFO  ExportHelperExtension.cs: 1137 - Found 27 in 15-32-9 bearing holder-1
2025-07-01 18:10:16,678 INFO  ExportHelperExtension.cs: 1146 - Found 0 features of type [RefAxis] in 15-32-9 bearing holder-1
2025-07-01 18:10:16,679 INFO  ExportHelperExtension.cs: 1127 - Retrieving features of type [RefAxis] from motor mount and link L-2
2025-07-01 18:10:16,679 INFO  ExportHelperExtension.cs: 1137 - Found 68 in motor mount and link L-2
2025-07-01 18:10:16,680 INFO  ExportHelperExtension.cs: 1146 - Found 0 features of type [RefAxis] in motor mount and link L-2
2025-07-01 18:10:16,680 INFO  ExportHelperExtension.cs: 1127 - Retrieving features of type [RefAxis] from diff C section I part-2
2025-07-01 18:10:16,680 INFO  ExportHelperExtension.cs: 1137 - Found 43 in diff C section I part-2
2025-07-01 18:10:16,680 INFO  ExportHelperExtension.cs: 1146 - Found 0 features of type [RefAxis] in diff C section I part-2
2025-07-01 18:10:16,682 INFO  ExportHelperExtension.cs: 1127 - Retrieving features of type [RefAxis] from motor mount and link L-1
2025-07-01 18:10:16,682 INFO  ExportHelperExtension.cs: 1137 - Found 68 in motor mount and link L-1
2025-07-01 18:10:16,682 INFO  ExportHelperExtension.cs: 1146 - Found 0 features of type [RefAxis] in motor mount and link L-1
2025-07-01 18:10:16,682 INFO  ExportHelperExtension.cs: 1127 - Retrieving features of type [RefAxis] from diff C section-2
2025-07-01 18:10:16,682 INFO  ExportHelperExtension.cs: 1137 - Found 43 in diff C section-2
2025-07-01 18:10:16,683 INFO  ExportHelperExtension.cs: 1146 - Found 0 features of type [RefAxis] in diff C section-2
2025-07-01 18:10:16,683 INFO  ExportHelperExtension.cs: 1127 - Retrieving features of type [RefAxis] from Gripper YPR Connection-1
2025-07-01 18:10:16,683 INFO  ExportHelperExtension.cs: 1137 - Found 31 in Gripper YPR Connection-1
2025-07-01 18:10:16,684 INFO  ExportHelperExtension.cs: 1146 - Found 0 features of type [RefAxis] in Gripper YPR Connection-1
2025-07-01 18:10:16,684 INFO  ExportHelperExtension.cs: 1127 - Retrieving features of type [RefAxis] from gripper updated_51-1
2025-07-01 18:10:16,684 INFO  ExportHelperExtension.cs: 1137 - Found 23 in gripper updated_51-1
2025-07-01 18:10:16,685 INFO  ExportHelperExtension.cs: 1146 - Found 0 features of type [RefAxis] in gripper updated_51-1
2025-07-01 18:10:16,685 INFO  ExportHelperExtension.cs: 1127 - Retrieving features of type [RefAxis] from diff to gripper-2
2025-07-01 18:10:16,685 INFO  ExportHelperExtension.cs: 1137 - Found 29 in diff to gripper-2
2025-07-01 18:10:16,686 INFO  ExportHelperExtension.cs: 1146 - Found 0 features of type [RefAxis] in diff to gripper-2
2025-07-01 18:10:16,740 INFO  ?: ? - AfterClose called. This method no longer throws an Exception. It just silently does nothing. Ok, except for this logging message
2025-07-01 18:14:27,612 INFO  AssemblyExportForm.cs: 254 - Completing URDF export
2025-07-01 18:14:27,614 INFO  ConfigurationSerialization.cs: 278 - URDF Configuration found
<Link z:Id="i1" xmlns="http://schemas.datacontract.org/2004/07/SW2URDF" xmlns:i="http://www.w3.org/2001/XMLSchema-instance" xmlns:z="http://schemas.microsoft.com/2003/10/Serialization/"><Attributes><Attribute z:Id="i2"><AttributeType>name</AttributeType><IsRequired>true</IsRequired><Value i:type="a:string" xmlns:a="http://www.w3.org/2001/XMLSchema">base_link</Value></Attribute></Attributes><ChildElements><URDFElement z:Id="i3" i:type="Inertial"><Attributes/><ChildElements><URDFElement z:Id="i4" i:type="Origin"><Attributes><Attribute z:Id="i5"><AttributeType>xyz</AttributeType><IsRequired>true</IsRequired><Value i:type="a:ArrayOfdouble" xmlns:a="http://schemas.microsoft.com/2003/10/Serialization/Arrays"><a:double>0</a:double><a:double>0</a:double><a:double>0</a:double></Value></Attribute><Attribute z:Id="i6"><AttributeType>rpy</AttributeType><IsRequired>true</IsRequired><Value i:type="a:ArrayOfdouble" xmlns:a="http://schemas.microsoft.com/2003/10/Serialization/Arrays"><a:double>0</a:double><a:double>0</a:double><a:double>0</a:double></Value></Attribute></Attributes><ChildElements/><ElementName>origin</ElementName><required>false</required><RPYAttribute z:Ref="i6"/><XYZAttribute z:Ref="i5"/><isCustomized>false</isCustomized></URDFElement><URDFElement z:Id="i7" i:type="Mass"><Attributes><Attribute z:Id="i8"><AttributeType>value</AttributeType><IsRequired>true</IsRequired><Value i:type="a:double" xmlns:a="http://www.w3.org/2001/XMLSchema">0</Value></Attribute></Attributes><ChildElements/><ElementName>mass</ElementName><required>false</required><ValueAttribute z:Ref="i8"/></URDFElement><URDFElement z:Id="i9" i:type="Inertia"><Attributes><Attribute z:Id="i10"><AttributeType>ixx</AttributeType><IsRequired>true</IsRequired><Value i:type="a:double" xmlns:a="http://www.w3.org/2001/XMLSchema">0</Value></Attribute><Attribute z:Id="i11"><AttributeType>ixy</AttributeType><IsRequired>true</IsRequired><Value i:type="a:double" xmlns:a="http://www.w3.org/2001/XMLSchema">0</Value></Attribute><Attribute z:Id="i12"><AttributeType>ixz</AttributeType><IsRequired>true</IsRequired><Value i:type="a:double" xmlns:a="http://www.w3.org/2001/XMLSchema">0</Value></Attribute><Attribute z:Id="i13"><AttributeType>iyy</AttributeType><IsRequired>true</IsRequired><Value i:type="a:double" xmlns:a="http://www.w3.org/2001/XMLSchema">0</Value></Attribute><Attribute z:Id="i14"><AttributeType>iyz</AttributeType><IsRequired>true</IsRequired><Value i:type="a:double" xmlns:a="http://www.w3.org/2001/XMLSchema">0</Value></Attribute><Attribute z:Id="i15"><AttributeType>izz</AttributeType><IsRequired>true</IsRequired><Value i:type="a:double" xmlns:a="http://www.w3.org/2001/XMLSchema">0</Value></Attribute></Attributes><ChildElements/><ElementName>inertia</ElementName><required>false</required><IxxAttribute z:Ref="i10"/><IxyAttribute z:Ref="i11"/><IxzAttribute z:Ref="i12"/><IyyAttribute z:Ref="i13"/><IyzAttribute z:Ref="i14"/><IzzAttribute z:Ref="i15"/></URDFElement></ChildElements><ElementName>inertial</ElementName><required>false</required><Inertia z:Ref="i9"/><Mass z:Ref="i7"/><Origin z:Ref="i4"/></URDFElement><URDFElement z:Id="i16" i:type="Visual"><Attributes/><ChildElements><URDFElement z:Id="i17" i:type="Origin"><Attributes><Attribute z:Id="i18"><AttributeType>xyz</AttributeType><IsRequired>true</IsRequired><Value i:type="a:ArrayOfdouble" xmlns:a="http://schemas.microsoft.com/2003/10/Serialization/Arrays"><a:double>0</a:double><a:double>0</a:double><a:double>0</a:double></Value></Attribute><Attribute z:Id="i19"><AttributeType>rpy</AttributeType><IsRequired>true</IsRequired><Value i:type="a:ArrayOfdouble" xmlns:a="http://schemas.microsoft.com/2003/10/Serialization/Arrays"><a:double>0</a:double><a:double>0</a:double><a:double>0</a:double></Value></Attribute></Attributes><ChildElements/><ElementName>origin</ElementName><required>false</required><RPYAttribute z:Ref="i19"/><XYZAttribute z:Ref="i18"/><isCustomized>false</isCustomized></URDFElement><URDFElement z:Id="i20" i:type="Geometry"><Attributes/><ChildElements><URDFElement z:Id="i21" i:type="Mesh"><Attributes><Attribute z:Id="i22"><AttributeType>filename</AttributeType><IsRequired>true</IsRequired><Value i:nil="true"/></Attribute></Attributes><ChildElements/><ElementName>mesh</ElementName><required>false</required><FilenameAttribute z:Ref="i22"/></URDFElement></ChildElements><ElementName>geometry</ElementName><required>true</required><Mesh z:Ref="i21"/></URDFElement><URDFElement z:Id="i23" i:type="Material"><Attributes><Attribute z:Id="i24"><AttributeType>name</AttributeType><IsRequired>true</IsRequired><Value i:type="a:string" xmlns:a="http://www.w3.org/2001/XMLSchema"/></Attribute></Attributes><ChildElements><URDFElement z:Id="i25" i:type="Color"><Attributes><Attribute z:Id="i26"><AttributeType>rgba</AttributeType><IsRequired>true</IsRequired><Value i:type="a:ArrayOfdouble" xmlns:a="http://schemas.microsoft.com/2003/10/Serialization/Arrays"><a:double>1</a:double><a:double>1</a:double><a:double>1</a:double><a:double>1</a:double></Value></Attribute></Attributes><ChildElements/><ElementName>color</ElementName><required>false</required><RGBAAttribute z:Ref="i26"/></URDFElement><URDFElement z:Id="i27" i:type="Texture"><Attributes><Attribute z:Id="i28"><AttributeType>filename</AttributeType><IsRequired>true</IsRequired><Value i:nil="true"/></Attribute></Attributes><ChildElements/><ElementName>texture</ElementName><required>false</required><FilenameAttribute z:Ref="i28"/><wFilename/></URDFElement></ChildElements><ElementName>material</ElementName><required>false</required><Color z:Ref="i25"/><NameAttribute z:Ref="i24"/><Texture z:Ref="i27"/></URDFElement></ChildElements><ElementName>visual</ElementName><required>false</required><Geometry z:Ref="i20"/><Material z:Ref="i23"/><Origin z:Ref="i17"/></URDFElement><URDFElement z:Id="i29" i:type="Collision"><Attributes/><ChildElements><URDFElement z:Id="i30" i:type="Origin"><Attributes><Attribute z:Id="i31"><AttributeType>xyz</AttributeType><IsRequired>true</IsRequired><Value i:type="a:ArrayOfdouble" xmlns:a="http://schemas.microsoft.com/2003/10/Serialization/Arrays"><a:double>0</a:double><a:double>0</a:double><a:double>0</a:double></Value></Attribute><Attribute z:Id="i32"><AttributeType>rpy</AttributeType><IsRequired>true</IsRequired><Value i:type="a:ArrayOfdouble" xmlns:a="http://schemas.microsoft.com/2003/10/Serialization/Arrays"><a:double>0</a:double><a:double>0</a:double><a:double>0</a:double></Value></Attribute></Attributes><ChildElements/><ElementName>origin</ElementName><required>false</required><RPYAttribute z:Ref="i32"/><XYZAttribute z:Ref="i31"/><isCustomized>false</isCustomized></URDFElement><URDFElement z:Id="i33" i:type="Geometry"><Attributes/><ChildElements><URDFElement z:Id="i34" i:type="Mesh"><Attributes><Attribute z:Id="i35"><AttributeType>filename</AttributeType><IsRequired>true</IsRequired><Value i:nil="true"/></Attribute></Attributes><ChildElements/><ElementName>mesh</ElementName><required>false</required><FilenameAttribute z:Ref="i35"/></URDFElement></ChildElements><ElementName>geometry</ElementName><required>true</required><Mesh z:Ref="i34"/></URDFElement></ChildElements><ElementName>collision</ElementName><required>false</required><Geometry z:Ref="i33"/><Origin z:Ref="i30"/></URDFElement><URDFElement z:Id="i36" i:type="Joint"><Attributes><Attribute z:Id="i37"><AttributeType>name</AttributeType><IsRequired>true</IsRequired><Value i:type="a:string" xmlns:a="http://www.w3.org/2001/XMLSchema"/></Attribute><Attribute z:Id="i38"><AttributeType>type</AttributeType><IsRequired>true</IsRequired><Value i:type="a:string" xmlns:a="http://www.w3.org/2001/XMLSchema"/></Attribute></Attributes><ChildElements><URDFElement z:Id="i39" i:type="Origin"><Attributes><Attribute z:Id="i40"><AttributeType>xyz</AttributeType><IsRequired>true</IsRequired><Value i:type="a:ArrayOfdouble" xmlns:a="http://schemas.microsoft.com/2003/10/Serialization/Arrays"><a:double>0</a:double><a:double>0</a:double><a:double>0</a:double></Value></Attribute><Attribute z:Id="i41"><AttributeType>rpy</AttributeType><IsRequired>true</IsRequired><Value i:type="a:ArrayOfdouble" xmlns:a="http://schemas.microsoft.com/2003/10/Serialization/Arrays"><a:double>0</a:double><a:double>0</a:double><a:double>0</a:double></Value></Attribute></Attributes><ChildElements/><ElementName>origin</ElementName><required>false</required><RPYAttribute z:Ref="i41"/><XYZAttribute z:Ref="i40"/><isCustomized>false</isCustomized></URDFElement><URDFElement z:Id="i42" i:type="ParentLink"><Attributes><Attribute z:Id="i43"><AttributeType>link</AttributeType><IsRequired>true</IsRequired><Value i:type="a:string" xmlns:a="http://www.w3.org/2001/XMLSchema"/></Attribute></Attributes><ChildElements/><ElementName>parent</ElementName><required>true</required><NameAttribute z:Ref="i43"/></URDFElement><URDFElement z:Id="i44" i:type="ChildLink"><Attributes><Attribute z:Id="i45"><AttributeType>link</AttributeType><IsRequired>true</IsRequired><Value i:type="a:string" xmlns:a="http://www.w3.org/2001/XMLSchema"/></Attribute></Attributes><ChildElements/><ElementName>child</ElementName><required>true</required><NameAttribute z:Ref="i45"/></URDFElement><URDFElement z:Id="i46" i:type="Axis"><Attributes><Attribute z:Id="i47"><AttributeType>xyz</AttributeType><IsRequired>true</IsRequired><Value i:type="a:ArrayOfdouble" xmlns:a="http://schemas.microsoft.com/2003/10/Serialization/Arrays"><a:double>0</a:double><a:double>0</a:double><a:double>0</a:double></Value></Attribute></Attributes><ChildElements/><ElementName>axis</ElementName><required>false</required><XYZAttribute z:Ref="i47"/></URDFElement><URDFElement z:Id="i48" i:type="Limit"><Attributes><Attribute z:Id="i49"><AttributeType>lower</AttributeType><IsRequired>false</IsRequired><Value i:nil="true"/></Attribute><Attribute z:Id="i50"><AttributeType>upper</AttributeType><IsRequired>false</IsRequired><Value i:nil="true"/></Attribute><Attribute z:Id="i51"><AttributeType>effort</AttributeType><IsRequired>true</IsRequired><Value i:nil="true"/></Attribute><Attribute z:Id="i52"><AttributeType>velocity</AttributeType><IsRequired>true</IsRequired><Value i:nil="true"/></Attribute></Attributes><ChildElements/><ElementName>limit</ElementName><required>false</required><EffortAttribute z:Ref="i51"/><LowerAttribute z:Ref="i49"/><UpperAttribute z:Ref="i50"/><VelocityAttribute z:Ref="i52"/></URDFElement><URDFElement z:Id="i53" i:type="Calibration"><Attributes><Attribute z:Id="i54"><AttributeType>rising</AttributeType><IsRequired>false</IsRequired><Value i:nil="true"/></Attribute><Attribute z:Id="i55"><AttributeType>falling</AttributeType><IsRequired>false</IsRequired><Value i:nil="true"/></Attribute></Attributes><ChildElements/><ElementName>calibration</ElementName><required>false</required><FallingAttribute z:Ref="i55"/><RisingAttribute z:Ref="i54"/></URDFElement><URDFElement z:Id="i56" i:type="Dynamics"><Attributes><Attribute z:Id="i57"><AttributeType>damping</AttributeType><IsRequired>false</IsRequired><Value i:nil="true"/></Attribute><Attribute z:Id="i58"><AttributeType>friction</AttributeType><IsRequired>false</IsRequired><Value i:nil="true"/></Attribute></Attributes><ChildElements/><ElementName>dynamics</ElementName><required>false</required><DampingAttribute z:Ref="i57"/><FrictionAttribute z:Ref="i58"/></URDFElement><URDFElement z:Id="i59" i:type="SafetyController"><Attributes><Attribute z:Id="i60"><AttributeType>soft_upper_limit</AttributeType><IsRequired>false</IsRequired><Value i:nil="true"/></Attribute><Attribute z:Id="i61"><AttributeType>soft_lower_limit</AttributeType><IsRequired>false</IsRequired><Value i:nil="true"/></Attribute><Attribute z:Id="i62"><AttributeType>k_position</AttributeType><IsRequired>false</IsRequired><Value i:nil="true"/></Attribute><Attribute z:Id="i63"><AttributeType>k_velocity</AttributeType><IsRequired>true</IsRequired><Value i:nil="true"/></Attribute></Attributes><ChildElements/><ElementName>safety_controller</ElementName><required>false</required><KPositionAttribute z:Ref="i62"/><KVelocityAttribute z:Ref="i63"/><SoftLowerAttribute z:Ref="i61"/><SoftUpperAttribute z:Ref="i60"/></URDFElement><URDFElement z:Id="i64" i:type="Mimic"><Attributes><Attribute z:Id="i65"><AttributeType>joint</AttributeType><IsRequired>true</IsRequired><Value i:nil="true"/></Attribute><Attribute z:Id="i66"><AttributeType>multiplier</AttributeType><IsRequired>false</IsRequired><Value i:nil="true"/></Attribute><Attribute z:Id="i67"><AttributeType>offset</AttributeType><IsRequired>false</IsRequired><Value i:nil="true"/></Attribute></Attributes><ChildElements/><ElementName>mimic</ElementName><required>false</required><JointNameAttribute z:Ref="i65"/><MultiplierAttribute z:Ref="i66"/><OffsetAttribute z:Ref="i67"/></URDFElement></ChildElements><ElementName>joint</ElementName><required>false</required><Axis z:Ref="i46"/><AxisName/><Calibration z:Ref="i53"/><Child z:Ref="i44"/><CoordinateSystemName>Coordinate System1</CoordinateSystemName><Dynamics z:Ref="i56"/><Limit z:Ref="i48"/><Mimic z:Ref="i64"/><NameAttribute z:Ref="i37"/><Origin z:Ref="i39"/><Parent z:Ref="i42"/><Safety z:Ref="i59"/><TypeAttribute z:Ref="i38"/></URDFElement></ChildElements><ElementName>link</ElementName><required>true</required><Children><Link z:Id="i68"><Attributes><Attribute z:Id="i69"><AttributeType>name</AttributeType><IsRequired>true</IsRequired><Value i:type="a:string" xmlns:a="http://www.w3.org/2001/XMLSchema">dof1</Value></Attribute></Attributes><ChildElements><URDFElement z:Id="i70" i:type="Inertial"><Attributes/><ChildElements><URDFElement z:Id="i71" i:type="Origin"><Attributes><Attribute z:Id="i72"><AttributeType>xyz</AttributeType><IsRequired>true</IsRequired><Value i:type="a:ArrayOfdouble" xmlns:a="http://schemas.microsoft.com/2003/10/Serialization/Arrays"><a:double>0</a:double><a:double>0</a:double><a:double>0</a:double></Value></Attribute><Attribute z:Id="i73"><AttributeType>rpy</AttributeType><IsRequired>true</IsRequired><Value i:type="a:ArrayOfdouble" xmlns:a="http://schemas.microsoft.com/2003/10/Serialization/Arrays"><a:double>0</a:double><a:double>0</a:double><a:double>0</a:double></Value></Attribute></Attributes><ChildElements/><ElementName>origin</ElementName><required>false</required><RPYAttribute z:Ref="i73"/><XYZAttribute z:Ref="i72"/><isCustomized>false</isCustomized></URDFElement><URDFElement z:Id="i74" i:type="Mass"><Attributes><Attribute z:Id="i75"><AttributeType>value</AttributeType><IsRequired>true</IsRequired><Value i:type="a:double" xmlns:a="http://www.w3.org/2001/XMLSchema">0</Value></Attribute></Attributes><ChildElements/><ElementName>mass</ElementName><required>false</required><ValueAttribute z:Ref="i75"/></URDFElement><URDFElement z:Id="i76" i:type="Inertia"><Attributes><Attribute z:Id="i77"><AttributeType>ixx</AttributeType><IsRequired>true</IsRequired><Value i:type="a:double" xmlns:a="http://www.w3.org/2001/XMLSchema">0</Value></Attribute><Attribute z:Id="i78"><AttributeType>ixy</AttributeType><IsRequired>true</IsRequired><Value i:type="a:double" xmlns:a="http://www.w3.org/2001/XMLSchema">0</Value></Attribute><Attribute z:Id="i79"><AttributeType>ixz</AttributeType><IsRequired>true</IsRequired><Value i:type="a:double" xmlns:a="http://www.w3.org/2001/XMLSchema">0</Value></Attribute><Attribute z:Id="i80"><AttributeType>iyy</AttributeType><IsRequired>true</IsRequired><Value i:type="a:double" xmlns:a="http://www.w3.org/2001/XMLSchema">0</Value></Attribute><Attribute z:Id="i81"><AttributeType>iyz</AttributeType><IsRequired>true</IsRequired><Value i:type="a:double" xmlns:a="http://www.w3.org/2001/XMLSchema">0</Value></Attribute><Attribute z:Id="i82"><AttributeType>izz</AttributeType><IsRequired>true</IsRequired><Value i:type="a:double" xmlns:a="http://www.w3.org/2001/XMLSchema">0</Value></Attribute></Attributes><ChildElements/><ElementName>inertia</ElementName><required>false</required><IxxAttribute z:Ref="i77"/><IxyAttribute z:Ref="i78"/><IxzAttribute z:Ref="i79"/><IyyAttribute z:Ref="i80"/><IyzAttribute z:Ref="i81"/><IzzAttribute z:Ref="i82"/></URDFElement></ChildElements><ElementName>inertial</ElementName><required>false</required><Inertia z:Ref="i76"/><Mass z:Ref="i74"/><Origin z:Ref="i71"/></URDFElement><URDFElement z:Id="i83" i:type="Visual"><Attributes/><ChildElements><URDFElement z:Id="i84" i:type="Origin"><Attributes><Attribute z:Id="i85"><AttributeType>xyz</AttributeType><IsRequired>true</IsRequired><Value i:type="a:ArrayOfdouble" xmlns:a="http://schemas.microsoft.com/2003/10/Serialization/Arrays"><a:double>0</a:double><a:double>0</a:double><a:double>0</a:double></Value></Attribute><Attribute z:Id="i86"><AttributeType>rpy</AttributeType><IsRequired>true</IsRequired><Value i:type="a:ArrayOfdouble" xmlns:a="http://schemas.microsoft.com/2003/10/Serialization/Arrays"><a:double>0</a:double><a:double>0</a:double><a:double>0</a:double></Value></Attribute></Attributes><ChildElements/><ElementName>origin</ElementName><required>false</required><RPYAttribute z:Ref="i86"/><XYZAttribute z:Ref="i85"/><isCustomized>false</isCustomized></URDFElement><URDFElement z:Id="i87" i:type="Geometry"><Attributes/><ChildElements><URDFElement z:Id="i88" i:type="Mesh"><Attributes><Attribute z:Id="i89"><AttributeType>filename</AttributeType><IsRequired>true</IsRequired><Value i:nil="true"/></Attribute></Attributes><ChildElements/><ElementName>mesh</ElementName><required>false</required><FilenameAttribute z:Ref="i89"/></URDFElement></ChildElements><ElementName>geometry</ElementName><required>true</required><Mesh z:Ref="i88"/></URDFElement><URDFElement z:Id="i90" i:type="Material"><Attributes><Attribute z:Id="i91"><AttributeType>name</AttributeType><IsRequired>true</IsRequired><Value i:type="a:string" xmlns:a="http://www.w3.org/2001/XMLSchema"/></Attribute></Attributes><ChildElements><URDFElement z:Id="i92" i:type="Color"><Attributes><Attribute z:Id="i93"><AttributeType>rgba</AttributeType><IsRequired>true</IsRequired><Value i:type="a:ArrayOfdouble" xmlns:a="http://schemas.microsoft.com/2003/10/Serialization/Arrays"><a:double>1</a:double><a:double>1</a:double><a:double>1</a:double><a:double>1</a:double></Value></Attribute></Attributes><ChildElements/><ElementName>color</ElementName><required>false</required><RGBAAttribute z:Ref="i93"/></URDFElement><URDFElement z:Id="i94" i:type="Texture"><Attributes><Attribute z:Id="i95"><AttributeType>filename</AttributeType><IsRequired>true</IsRequired><Value i:nil="true"/></Attribute></Attributes><ChildElements/><ElementName>texture</ElementName><required>false</required><FilenameAttribute z:Ref="i95"/><wFilename/></URDFElement></ChildElements><ElementName>material</ElementName><required>false</required><Color z:Ref="i92"/><NameAttribute z:Ref="i91"/><Texture z:Ref="i94"/></URDFElement></ChildElements><ElementName>visual</ElementName><required>false</required><Geometry z:Ref="i87"/><Material z:Ref="i90"/><Origin z:Ref="i84"/></URDFElement><URDFElement z:Id="i96" i:type="Collision"><Attributes/><ChildElements><URDFElement z:Id="i97" i:type="Origin"><Attributes><Attribute z:Id="i98"><AttributeType>xyz</AttributeType><IsRequired>true</IsRequired><Value i:type="a:ArrayOfdouble" xmlns:a="http://schemas.microsoft.com/2003/10/Serialization/Arrays"><a:double>0</a:double><a:double>0</a:double><a:double>0</a:double></Value></Attribute><Attribute z:Id="i99"><AttributeType>rpy</AttributeType><IsRequired>true</IsRequired><Value i:type="a:ArrayOfdouble" xmlns:a="http://schemas.microsoft.com/2003/10/Serialization/Arrays"><a:double>0</a:double><a:double>0</a:double><a:double>0</a:double></Value></Attribute></Attributes><ChildElements/><ElementName>origin</ElementName><required>false</required><RPYAttribute z:Ref="i99"/><XYZAttribute z:Ref="i98"/><isCustomized>false</isCustomized></URDFElement><URDFElement z:Id="i100" i:type="Geometry"><Attributes/><ChildElements><URDFElement z:Id="i101" i:type="Mesh"><Attributes><Attribute z:Id="i102"><AttributeType>filename</AttributeType><IsRequired>true</IsRequired><Value i:nil="true"/></Attribute></Attributes><ChildElements/><ElementName>mesh</ElementName><required>false</required><FilenameAttribute z:Ref="i102"/></URDFElement></ChildElements><ElementName>geometry</ElementName><required>true</required><Mesh z:Ref="i101"/></URDFElement></ChildElements><ElementName>collision</ElementName><required>false</required><Geometry z:Ref="i100"/><Origin z:Ref="i97"/></URDFElement><URDFElement z:Id="i103" i:type="Joint"><Attributes><Attribute z:Id="i104"><AttributeType>name</AttributeType><IsRequired>true</IsRequired><Value i:type="a:string" xmlns:a="http://www.w3.org/2001/XMLSchema">dof1</Value></Attribute><Attribute z:Id="i105"><AttributeType>type</AttributeType><IsRequired>true</IsRequired><Value i:type="a:string" xmlns:a="http://www.w3.org/2001/XMLSchema">revolute</Value></Attribute></Attributes><ChildElements><URDFElement z:Id="i106" i:type="Origin"><Attributes><Attribute z:Id="i107"><AttributeType>xyz</AttributeType><IsRequired>true</IsRequired><Value i:type="a:ArrayOfdouble" xmlns:a="http://schemas.microsoft.com/2003/10/Serialization/Arrays"><a:double>0</a:double><a:double>0</a:double><a:double>0</a:double></Value></Attribute><Attribute z:Id="i108"><AttributeType>rpy</AttributeType><IsRequired>true</IsRequired><Value i:type="a:ArrayOfdouble" xmlns:a="http://schemas.microsoft.com/2003/10/Serialization/Arrays"><a:double>0</a:double><a:double>0</a:double><a:double>0</a:double></Value></Attribute></Attributes><ChildElements/><ElementName>origin</ElementName><required>false</required><RPYAttribute z:Ref="i108"/><XYZAttribute z:Ref="i107"/><isCustomized>false</isCustomized></URDFElement><URDFElement z:Id="i109" i:type="ParentLink"><Attributes><Attribute z:Id="i110"><AttributeType>link</AttributeType><IsRequired>true</IsRequired><Value i:type="a:string" xmlns:a="http://www.w3.org/2001/XMLSchema"/></Attribute></Attributes><ChildElements/><ElementName>parent</ElementName><required>true</required><NameAttribute z:Ref="i110"/></URDFElement><URDFElement z:Id="i111" i:type="ChildLink"><Attributes><Attribute z:Id="i112"><AttributeType>link</AttributeType><IsRequired>true</IsRequired><Value i:type="a:string" xmlns:a="http://www.w3.org/2001/XMLSchema"/></Attribute></Attributes><ChildElements/><ElementName>child</ElementName><required>true</required><NameAttribute z:Ref="i112"/></URDFElement><URDFElement z:Id="i113" i:type="Axis"><Attributes><Attribute z:Id="i114"><AttributeType>xyz</AttributeType><IsRequired>true</IsRequired><Value i:type="a:ArrayOfdouble" xmlns:a="http://schemas.microsoft.com/2003/10/Serialization/Arrays"><a:double>0</a:double><a:double>0</a:double><a:double>0</a:double></Value></Attribute></Attributes><ChildElements/><ElementName>axis</ElementName><required>false</required><XYZAttribute z:Ref="i114"/></URDFElement><URDFElement z:Id="i115" i:type="Limit"><Attributes><Attribute z:Id="i116"><AttributeType>lower</AttributeType><IsRequired>true</IsRequired><Value i:nil="true"/></Attribute><Attribute z:Id="i117"><AttributeType>upper</AttributeType><IsRequired>true</IsRequired><Value i:nil="true"/></Attribute><Attribute z:Id="i118"><AttributeType>effort</AttributeType><IsRequired>true</IsRequired><Value i:nil="true"/></Attribute><Attribute z:Id="i119"><AttributeType>velocity</AttributeType><IsRequired>true</IsRequired><Value i:nil="true"/></Attribute></Attributes><ChildElements/><ElementName>limit</ElementName><required>true</required><EffortAttribute z:Ref="i118"/><LowerAttribute z:Ref="i116"/><UpperAttribute z:Ref="i117"/><VelocityAttribute z:Ref="i119"/></URDFElement><URDFElement z:Id="i120" i:type="Calibration"><Attributes><Attribute z:Id="i121"><AttributeType>rising</AttributeType><IsRequired>false</IsRequired><Value i:nil="true"/></Attribute><Attribute z:Id="i122"><AttributeType>falling</AttributeType><IsRequired>false</IsRequired><Value i:nil="true"/></Attribute></Attributes><ChildElements/><ElementName>calibration</ElementName><required>false</required><FallingAttribute z:Ref="i122"/><RisingAttribute z:Ref="i121"/></URDFElement><URDFElement z:Id="i123" i:type="Dynamics"><Attributes><Attribute z:Id="i124"><AttributeType>damping</AttributeType><IsRequired>false</IsRequired><Value i:nil="true"/></Attribute><Attribute z:Id="i125"><AttributeType>friction</AttributeType><IsRequired>false</IsRequired><Value i:nil="true"/></Attribute></Attributes><ChildElements/><ElementName>dynamics</ElementName><required>false</required><DampingAttribute z:Ref="i124"/><FrictionAttribute z:Ref="i125"/></URDFElement><URDFElement z:Id="i126" i:type="SafetyController"><Attributes><Attribute z:Id="i127"><AttributeType>soft_upper_limit</AttributeType><IsRequired>false</IsRequired><Value i:nil="true"/></Attribute><Attribute z:Id="i128"><AttributeType>soft_lower_limit</AttributeType><IsRequired>false</IsRequired><Value i:nil="true"/></Attribute><Attribute z:Id="i129"><AttributeType>k_position</AttributeType><IsRequired>false</IsRequired><Value i:nil="true"/></Attribute><Attribute z:Id="i130"><AttributeType>k_velocity</AttributeType><IsRequired>true</IsRequired><Value i:nil="true"/></Attribute></Attributes><ChildElements/><ElementName>safety_controller</ElementName><required>false</required><KPositionAttribute z:Ref="i129"/><KVelocityAttribute z:Ref="i130"/><SoftLowerAttribute z:Ref="i128"/><SoftUpperAttribute z:Ref="i127"/></URDFElement><URDFElement z:Id="i131" i:type="Mimic"><Attributes><Attribute z:Id="i132"><AttributeType>joint</AttributeType><IsRequired>true</IsRequired><Value i:nil="true"/></Attribute><Attribute z:Id="i133"><AttributeType>multiplier</AttributeType><IsRequired>false</IsRequired><Value i:nil="true"/></Attribute><Attribute z:Id="i134"><AttributeType>offset</AttributeType><IsRequired>false</IsRequired><Value i:nil="true"/></Attribute></Attributes><ChildElements/><ElementName>mimic</ElementName><required>false</required><JointNameAttribute z:Ref="i132"/><MultiplierAttribute z:Ref="i133"/><OffsetAttribute z:Ref="i134"/></URDFElement></ChildElements><ElementName>joint</ElementName><required>false</required><Axis z:Ref="i113"/><AxisName>Axis1</AxisName><Calibration z:Ref="i120"/><Child z:Ref="i111"/><CoordinateSystemName>Automatically Generate</CoordinateSystemName><Dynamics z:Ref="i123"/><Limit z:Ref="i115"/><Mimic z:Ref="i131"/><NameAttribute z:Ref="i104"/><Origin z:Ref="i106"/><Parent z:Ref="i109"/><Safety z:Ref="i126"/><TypeAttribute z:Ref="i105"/></URDFElement></ChildElements><ElementName>link</ElementName><required>true</required><Children><Link z:Id="i135"><Attributes><Attribute z:Id="i136"><AttributeType>name</AttributeType><IsRequired>true</IsRequired><Value i:type="a:string" xmlns:a="http://www.w3.org/2001/XMLSchema">dof2</Value></Attribute></Attributes><ChildElements><URDFElement z:Id="i137" i:type="Inertial"><Attributes/><ChildElements><URDFElement z:Id="i138" i:type="Origin"><Attributes><Attribute z:Id="i139"><AttributeType>xyz</AttributeType><IsRequired>true</IsRequired><Value i:type="a:ArrayOfdouble" xmlns:a="http://schemas.microsoft.com/2003/10/Serialization/Arrays"><a:double>0</a:double><a:double>0</a:double><a:double>0</a:double></Value></Attribute><Attribute z:Id="i140"><AttributeType>rpy</AttributeType><IsRequired>true</IsRequired><Value i:type="a:ArrayOfdouble" xmlns:a="http://schemas.microsoft.com/2003/10/Serialization/Arrays"><a:double>0</a:double><a:double>0</a:double><a:double>0</a:double></Value></Attribute></Attributes><ChildElements/><ElementName>origin</ElementName><required>false</required><RPYAttribute z:Ref="i140"/><XYZAttribute z:Ref="i139"/><isCustomized>false</isCustomized></URDFElement><URDFElement z:Id="i141" i:type="Mass"><Attributes><Attribute z:Id="i142"><AttributeType>value</AttributeType><IsRequired>true</IsRequired><Value i:type="a:double" xmlns:a="http://www.w3.org/2001/XMLSchema">0</Value></Attribute></Attributes><ChildElements/><ElementName>mass</ElementName><required>false</required><ValueAttribute z:Ref="i142"/></URDFElement><URDFElement z:Id="i143" i:type="Inertia"><Attributes><Attribute z:Id="i144"><AttributeType>ixx</AttributeType><IsRequired>true</IsRequired><Value i:type="a:double" xmlns:a="http://www.w3.org/2001/XMLSchema">0</Value></Attribute><Attribute z:Id="i145"><AttributeType>ixy</AttributeType><IsRequired>true</IsRequired><Value i:type="a:double" xmlns:a="http://www.w3.org/2001/XMLSchema">0</Value></Attribute><Attribute z:Id="i146"><AttributeType>ixz</AttributeType><IsRequired>true</IsRequired><Value i:type="a:double" xmlns:a="http://www.w3.org/2001/XMLSchema">0</Value></Attribute><Attribute z:Id="i147"><AttributeType>iyy</AttributeType><IsRequired>true</IsRequired><Value i:type="a:double" xmlns:a="http://www.w3.org/2001/XMLSchema">0</Value></Attribute><Attribute z:Id="i148"><AttributeType>iyz</AttributeType><IsRequired>true</IsRequired><Value i:type="a:double" xmlns:a="http://www.w3.org/2001/XMLSchema">0</Value></Attribute><Attribute z:Id="i149"><AttributeType>izz</AttributeType><IsRequired>true</IsRequired><Value i:type="a:double" xmlns:a="http://www.w3.org/2001/XMLSchema">0</Value></Attribute></Attributes><ChildElements/><ElementName>inertia</ElementName><required>false</required><IxxAttribute z:Ref="i144"/><IxyAttribute z:Ref="i145"/><IxzAttribute z:Ref="i146"/><IyyAttribute z:Ref="i147"/><IyzAttribute z:Ref="i148"/><IzzAttribute z:Ref="i149"/></URDFElement></ChildElements><ElementName>inertial</ElementName><required>false</required><Inertia z:Ref="i143"/><Mass z:Ref="i141"/><Origin z:Ref="i138"/></URDFElement><URDFElement z:Id="i150" i:type="Visual"><Attributes/><ChildElements><URDFElement z:Id="i151" i:type="Origin"><Attributes><Attribute z:Id="i152"><AttributeType>xyz</AttributeType><IsRequired>true</IsRequired><Value i:type="a:ArrayOfdouble" xmlns:a="http://schemas.microsoft.com/2003/10/Serialization/Arrays"><a:double>0</a:double><a:double>0</a:double><a:double>0</a:double></Value></Attribute><Attribute z:Id="i153"><AttributeType>rpy</AttributeType><IsRequired>true</IsRequired><Value i:type="a:ArrayOfdouble" xmlns:a="http://schemas.microsoft.com/2003/10/Serialization/Arrays"><a:double>0</a:double><a:double>0</a:double><a:double>0</a:double></Value></Attribute></Attributes><ChildElements/><ElementName>origin</ElementName><required>false</required><RPYAttribute z:Ref="i153"/><XYZAttribute z:Ref="i152"/><isCustomized>false</isCustomized></URDFElement><URDFElement z:Id="i154" i:type="Geometry"><Attributes/><ChildElements><URDFElement z:Id="i155" i:type="Mesh"><Attributes><Attribute z:Id="i156"><AttributeType>filename</AttributeType><IsRequired>true</IsRequired><Value i:nil="true"/></Attribute></Attributes><ChildElements/><ElementName>mesh</ElementName><required>false</required><FilenameAttribute z:Ref="i156"/></URDFElement></ChildElements><ElementName>geometry</ElementName><required>true</required><Mesh z:Ref="i155"/></URDFElement><URDFElement z:Id="i157" i:type="Material"><Attributes><Attribute z:Id="i158"><AttributeType>name</AttributeType><IsRequired>true</IsRequired><Value i:type="a:string" xmlns:a="http://www.w3.org/2001/XMLSchema"/></Attribute></Attributes><ChildElements><URDFElement z:Id="i159" i:type="Color"><Attributes><Attribute z:Id="i160"><AttributeType>rgba</AttributeType><IsRequired>true</IsRequired><Value i:type="a:ArrayOfdouble" xmlns:a="http://schemas.microsoft.com/2003/10/Serialization/Arrays"><a:double>1</a:double><a:double>1</a:double><a:double>1</a:double><a:double>1</a:double></Value></Attribute></Attributes><ChildElements/><ElementName>color</ElementName><required>false</required><RGBAAttribute z:Ref="i160"/></URDFElement><URDFElement z:Id="i161" i:type="Texture"><Attributes><Attribute z:Id="i162"><AttributeType>filename</AttributeType><IsRequired>true</IsRequired><Value i:nil="true"/></Attribute></Attributes><ChildElements/><ElementName>texture</ElementName><required>false</required><FilenameAttribute z:Ref="i162"/><wFilename/></URDFElement></ChildElements><ElementName>material</ElementName><required>false</required><Color z:Ref="i159"/><NameAttribute z:Ref="i158"/><Texture z:Ref="i161"/></URDFElement></ChildElements><ElementName>visual</ElementName><required>false</required><Geometry z:Ref="i154"/><Material z:Ref="i157"/><Origin z:Ref="i151"/></URDFElement><URDFElement z:Id="i163" i:type="Collision"><Attributes/><ChildElements><URDFElement z:Id="i164" i:type="Origin"><Attributes><Attribute z:Id="i165"><AttributeType>xyz</AttributeType><IsRequired>true</IsRequired><Value i:type="a:ArrayOfdouble" xmlns:a="http://schemas.microsoft.com/2003/10/Serialization/Arrays"><a:double>0</a:double><a:double>0</a:double><a:double>0</a:double></Value></Attribute><Attribute z:Id="i166"><AttributeType>rpy</AttributeType><IsRequired>true</IsRequired><Value i:type="a:ArrayOfdouble" xmlns:a="http://schemas.microsoft.com/2003/10/Serialization/Arrays"><a:double>0</a:double><a:double>0</a:double><a:double>0</a:double></Value></Attribute></Attributes><ChildElements/><ElementName>origin</ElementName><required>false</required><RPYAttribute z:Ref="i166"/><XYZAttribute z:Ref="i165"/><isCustomized>false</isCustomized></URDFElement><URDFElement z:Id="i167" i:type="Geometry"><Attributes/><ChildElements><URDFElement z:Id="i168" i:type="Mesh"><Attributes><Attribute z:Id="i169"><AttributeType>filename</AttributeType><IsRequired>true</IsRequired><Value i:nil="true"/></Attribute></Attributes><ChildElements/><ElementName>mesh</ElementName><required>false</required><FilenameAttribute z:Ref="i169"/></URDFElement></ChildElements><ElementName>geometry</ElementName><required>true</required><Mesh z:Ref="i168"/></URDFElement></ChildElements><ElementName>collision</ElementName><required>false</required><Geometry z:Ref="i167"/><Origin z:Ref="i164"/></URDFElement><URDFElement z:Id="i170" i:type="Joint"><Attributes><Attribute z:Id="i171"><AttributeType>name</AttributeType><IsRequired>true</IsRequired><Value i:type="a:string" xmlns:a="http://www.w3.org/2001/XMLSchema">dof2</Value></Attribute><Attribute z:Id="i172"><AttributeType>type</AttributeType><IsRequired>true</IsRequired><Value i:type="a:string" xmlns:a="http://www.w3.org/2001/XMLSchema">revolute</Value></Attribute></Attributes><ChildElements><URDFElement z:Id="i173" i:type="Origin"><Attributes><Attribute z:Id="i174"><AttributeType>xyz</AttributeType><IsRequired>true</IsRequired><Value i:type="a:ArrayOfdouble" xmlns:a="http://schemas.microsoft.com/2003/10/Serialization/Arrays"><a:double>0</a:double><a:double>0</a:double><a:double>0</a:double></Value></Attribute><Attribute z:Id="i175"><AttributeType>rpy</AttributeType><IsRequired>true</IsRequired><Value i:type="a:ArrayOfdouble" xmlns:a="http://schemas.microsoft.com/2003/10/Serialization/Arrays"><a:double>0</a:double><a:double>0</a:double><a:double>0</a:double></Value></Attribute></Attributes><ChildElements/><ElementName>origin</ElementName><required>false</required><RPYAttribute z:Ref="i175"/><XYZAttribute z:Ref="i174"/><isCustomized>false</isCustomized></URDFElement><URDFElement z:Id="i176" i:type="ParentLink"><Attributes><Attribute z:Id="i177"><AttributeType>link</AttributeType><IsRequired>true</IsRequired><Value i:type="a:string" xmlns:a="http://www.w3.org/2001/XMLSchema"/></Attribute></Attributes><ChildElements/><ElementName>parent</ElementName><required>true</required><NameAttribute z:Ref="i177"/></URDFElement><URDFElement z:Id="i178" i:type="ChildLink"><Attributes><Attribute z:Id="i179"><AttributeType>link</AttributeType><IsRequired>true</IsRequired><Value i:type="a:string" xmlns:a="http://www.w3.org/2001/XMLSchema"/></Attribute></Attributes><ChildElements/><ElementName>child</ElementName><required>true</required><NameAttribute z:Ref="i179"/></URDFElement><URDFElement z:Id="i180" i:type="Axis"><Attributes><Attribute z:Id="i181"><AttributeType>xyz</AttributeType><IsRequired>true</IsRequired><Value i:type="a:ArrayOfdouble" xmlns:a="http://schemas.microsoft.com/2003/10/Serialization/Arrays"><a:double>0</a:double><a:double>0</a:double><a:double>0</a:double></Value></Attribute></Attributes><ChildElements/><ElementName>axis</ElementName><required>false</required><XYZAttribute z:Ref="i181"/></URDFElement><URDFElement z:Id="i182" i:type="Limit"><Attributes><Attribute z:Id="i183"><AttributeType>lower</AttributeType><IsRequired>false</IsRequired><Value i:nil="true"/></Attribute><Attribute z:Id="i184"><AttributeType>upper</AttributeType><IsRequired>false</IsRequired><Value i:nil="true"/></Attribute><Attribute z:Id="i185"><AttributeType>effort</AttributeType><IsRequired>true</IsRequired><Value i:nil="true"/></Attribute><Attribute z:Id="i186"><AttributeType>velocity</AttributeType><IsRequired>true</IsRequired><Value i:nil="true"/></Attribute></Attributes><ChildElements/><ElementName>limit</ElementName><required>false</required><EffortAttribute z:Ref="i185"/><LowerAttribute z:Ref="i183"/><UpperAttribute z:Ref="i184"/><VelocityAttribute z:Ref="i186"/></URDFElement><URDFElement z:Id="i187" i:type="Calibration"><Attributes><Attribute z:Id="i188"><AttributeType>rising</AttributeType><IsRequired>false</IsRequired><Value i:nil="true"/></Attribute><Attribute z:Id="i189"><AttributeType>falling</AttributeType><IsRequired>false</IsRequired><Value i:nil="true"/></Attribute></Attributes><ChildElements/><ElementName>calibration</ElementName><required>false</required><FallingAttribute z:Ref="i189"/><RisingAttribute z:Ref="i188"/></URDFElement><URDFElement z:Id="i190" i:type="Dynamics"><Attributes><Attribute z:Id="i191"><AttributeType>damping</AttributeType><IsRequired>false</IsRequired><Value i:nil="true"/></Attribute><Attribute z:Id="i192"><AttributeType>friction</AttributeType><IsRequired>false</IsRequired><Value i:nil="true"/></Attribute></Attributes><ChildElements/><ElementName>dynamics</ElementName><required>false</required><DampingAttribute z:Ref="i191"/><FrictionAttribute z:Ref="i192"/></URDFElement><URDFElement z:Id="i193" i:type="SafetyController"><Attributes><Attribute z:Id="i194"><AttributeType>soft_upper_limit</AttributeType><IsRequired>false</IsRequired><Value i:nil="true"/></Attribute><Attribute z:Id="i195"><AttributeType>soft_lower_limit</AttributeType><IsRequired>false</IsRequired><Value i:nil="true"/></Attribute><Attribute z:Id="i196"><AttributeType>k_position</AttributeType><IsRequired>false</IsRequired><Value i:nil="true"/></Attribute><Attribute z:Id="i197"><AttributeType>k_velocity</AttributeType><IsRequired>true</IsRequired><Value i:nil="true"/></Attribute></Attributes><ChildElements/><ElementName>safety_controller</ElementName><required>false</required><KPositionAttribute z:Ref="i196"/><KVelocityAttribute z:Ref="i197"/><SoftLowerAttribute z:Ref="i195"/><SoftUpperAttribute z:Ref="i194"/></URDFElement><URDFElement z:Id="i198" i:type="Mimic"><Attributes><Attribute z:Id="i199"><AttributeType>joint</AttributeType><IsRequired>true</IsRequired><Value i:nil="true"/></Attribute><Attribute z:Id="i200"><AttributeType>multiplier</AttributeType><IsRequired>false</IsRequired><Value i:nil="true"/></Attribute><Attribute z:Id="i201"><AttributeType>offset</AttributeType><IsRequired>false</IsRequired><Value i:nil="true"/></Attribute></Attributes><ChildElements/><ElementName>mimic</ElementName><required>false</required><JointNameAttribute z:Ref="i199"/><MultiplierAttribute z:Ref="i200"/><OffsetAttribute z:Ref="i201"/></URDFElement></ChildElements><ElementName>joint</ElementName><required>false</required><Axis z:Ref="i180"/><AxisName>Axis2</AxisName><Calibration z:Ref="i187"/><Child z:Ref="i178"/><CoordinateSystemName>Automatically Generate</CoordinateSystemName><Dynamics z:Ref="i190"/><Limit z:Ref="i182"/><Mimic z:Ref="i198"/><NameAttribute z:Ref="i171"/><Origin z:Ref="i173"/><Parent z:Ref="i176"/><Safety z:Ref="i193"/><TypeAttribute z:Ref="i172"/></URDFElement></ChildElements><ElementName>link</ElementName><required>true</required><Children><Link z:Id="i202"><Attributes><Attribute z:Id="i203"><AttributeType>name</AttributeType><IsRequired>true</IsRequired><Value i:type="a:string" xmlns:a="http://www.w3.org/2001/XMLSchema">dof3</Value></Attribute></Attributes><ChildElements><URDFElement z:Id="i204" i:type="Inertial"><Attributes/><ChildElements><URDFElement z:Id="i205" i:type="Origin"><Attributes><Attribute z:Id="i206"><AttributeType>xyz</AttributeType><IsRequired>true</IsRequired><Value i:type="a:ArrayOfdouble" xmlns:a="http://schemas.microsoft.com/2003/10/Serialization/Arrays"><a:double>0</a:double><a:double>0</a:double><a:double>0</a:double></Value></Attribute><Attribute z:Id="i207"><AttributeType>rpy</AttributeType><IsRequired>true</IsRequired><Value i:type="a:ArrayOfdouble" xmlns:a="http://schemas.microsoft.com/2003/10/Serialization/Arrays"><a:double>0</a:double><a:double>0</a:double><a:double>0</a:double></Value></Attribute></Attributes><ChildElements/><ElementName>origin</ElementName><required>false</required><RPYAttribute z:Ref="i207"/><XYZAttribute z:Ref="i206"/><isCustomized>false</isCustomized></URDFElement><URDFElement z:Id="i208" i:type="Mass"><Attributes><Attribute z:Id="i209"><AttributeType>value</AttributeType><IsRequired>true</IsRequired><Value i:type="a:double" xmlns:a="http://www.w3.org/2001/XMLSchema">0</Value></Attribute></Attributes><ChildElements/><ElementName>mass</ElementName><required>false</required><ValueAttribute z:Ref="i209"/></URDFElement><URDFElement z:Id="i210" i:type="Inertia"><Attributes><Attribute z:Id="i211"><AttributeType>ixx</AttributeType><IsRequired>true</IsRequired><Value i:type="a:double" xmlns:a="http://www.w3.org/2001/XMLSchema">0</Value></Attribute><Attribute z:Id="i212"><AttributeType>ixy</AttributeType><IsRequired>true</IsRequired><Value i:type="a:double" xmlns:a="http://www.w3.org/2001/XMLSchema">0</Value></Attribute><Attribute z:Id="i213"><AttributeType>ixz</AttributeType><IsRequired>true</IsRequired><Value i:type="a:double" xmlns:a="http://www.w3.org/2001/XMLSchema">0</Value></Attribute><Attribute z:Id="i214"><AttributeType>iyy</AttributeType><IsRequired>true</IsRequired><Value i:type="a:double" xmlns:a="http://www.w3.org/2001/XMLSchema">0</Value></Attribute><Attribute z:Id="i215"><AttributeType>iyz</AttributeType><IsRequired>true</IsRequired><Value i:type="a:double" xmlns:a="http://www.w3.org/2001/XMLSchema">0</Value></Attribute><Attribute z:Id="i216"><AttributeType>izz</AttributeType><IsRequired>true</IsRequired><Value i:type="a:double" xmlns:a="http://www.w3.org/2001/XMLSchema">0</Value></Attribute></Attributes><ChildElements/><ElementName>inertia</ElementName><required>false</required><IxxAttribute z:Ref="i211"/><IxyAttribute z:Ref="i212"/><IxzAttribute z:Ref="i213"/><IyyAttribute z:Ref="i214"/><IyzAttribute z:Ref="i215"/><IzzAttribute z:Ref="i216"/></URDFElement></ChildElements><ElementName>inertial</ElementName><required>false</required><Inertia z:Ref="i210"/><Mass z:Ref="i208"/><Origin z:Ref="i205"/></URDFElement><URDFElement z:Id="i217" i:type="Visual"><Attributes/><ChildElements><URDFElement z:Id="i218" i:type="Origin"><Attributes><Attribute z:Id="i219"><AttributeType>xyz</AttributeType><IsRequired>true</IsRequired><Value i:type="a:ArrayOfdouble" xmlns:a="http://schemas.microsoft.com/2003/10/Serialization/Arrays"><a:double>0</a:double><a:double>0</a:double><a:double>0</a:double></Value></Attribute><Attribute z:Id="i220"><AttributeType>rpy</AttributeType><IsRequired>true</IsRequired><Value i:type="a:ArrayOfdouble" xmlns:a="http://schemas.microsoft.com/2003/10/Serialization/Arrays"><a:double>0</a:double><a:double>0</a:double><a:double>0</a:double></Value></Attribute></Attributes><ChildElements/><ElementName>origin</ElementName><required>false</required><RPYAttribute z:Ref="i220"/><XYZAttribute z:Ref="i219"/><isCustomized>false</isCustomized></URDFElement><URDFElement z:Id="i221" i:type="Geometry"><Attributes/><ChildElements><URDFElement z:Id="i222" i:type="Mesh"><Attributes><Attribute z:Id="i223"><AttributeType>filename</AttributeType><IsRequired>true</IsRequired><Value i:nil="true"/></Attribute></Attributes><ChildElements/><ElementName>mesh</ElementName><required>false</required><FilenameAttribute z:Ref="i223"/></URDFElement></ChildElements><ElementName>geometry</ElementName><required>true</required><Mesh z:Ref="i222"/></URDFElement><URDFElement z:Id="i224" i:type="Material"><Attributes><Attribute z:Id="i225"><AttributeType>name</AttributeType><IsRequired>true</IsRequired><Value i:type="a:string" xmlns:a="http://www.w3.org/2001/XMLSchema"/></Attribute></Attributes><ChildElements><URDFElement z:Id="i226" i:type="Color"><Attributes><Attribute z:Id="i227"><AttributeType>rgba</AttributeType><IsRequired>true</IsRequired><Value i:type="a:ArrayOfdouble" xmlns:a="http://schemas.microsoft.com/2003/10/Serialization/Arrays"><a:double>1</a:double><a:double>1</a:double><a:double>1</a:double><a:double>1</a:double></Value></Attribute></Attributes><ChildElements/><ElementName>color</ElementName><required>false</required><RGBAAttribute z:Ref="i227"/></URDFElement><URDFElement z:Id="i228" i:type="Texture"><Attributes><Attribute z:Id="i229"><AttributeType>filename</AttributeType><IsRequired>true</IsRequired><Value i:nil="true"/></Attribute></Attributes><ChildElements/><ElementName>texture</ElementName><required>false</required><FilenameAttribute z:Ref="i229"/><wFilename/></URDFElement></ChildElements><ElementName>material</ElementName><required>false</required><Color z:Ref="i226"/><NameAttribute z:Ref="i225"/><Texture z:Ref="i228"/></URDFElement></ChildElements><ElementName>visual</ElementName><required>false</required><Geometry z:Ref="i221"/><Material z:Ref="i224"/><Origin z:Ref="i218"/></URDFElement><URDFElement z:Id="i230" i:type="Collision"><Attributes/><ChildElements><URDFElement z:Id="i231" i:type="Origin"><Attributes><Attribute z:Id="i232"><AttributeType>xyz</AttributeType><IsRequired>true</IsRequired><Value i:type="a:ArrayOfdouble" xmlns:a="http://schemas.microsoft.com/2003/10/Serialization/Arrays"><a:double>0</a:double><a:double>0</a:double><a:double>0</a:double></Value></Attribute><Attribute z:Id="i233"><AttributeType>rpy</AttributeType><IsRequired>true</IsRequired><Value i:type="a:ArrayOfdouble" xmlns:a="http://schemas.microsoft.com/2003/10/Serialization/Arrays"><a:double>0</a:double><a:double>0</a:double><a:double>0</a:double></Value></Attribute></Attributes><ChildElements/><ElementName>origin</ElementName><required>false</required><RPYAttribute z:Ref="i233"/><XYZAttribute z:Ref="i232"/><isCustomized>false</isCustomized></URDFElement><URDFElement z:Id="i234" i:type="Geometry"><Attributes/><ChildElements><URDFElement z:Id="i235" i:type="Mesh"><Attributes><Attribute z:Id="i236"><AttributeType>filename</AttributeType><IsRequired>true</IsRequired><Value i:nil="true"/></Attribute></Attributes><ChildElements/><ElementName>mesh</ElementName><required>false</required><FilenameAttribute z:Ref="i236"/></URDFElement></ChildElements><ElementName>geometry</ElementName><required>true</required><Mesh z:Ref="i235"/></URDFElement></ChildElements><ElementName>collision</ElementName><required>false</required><Geometry z:Ref="i234"/><Origin z:Ref="i231"/></URDFElement><URDFElement z:Id="i237" i:type="Joint"><Attributes><Attribute z:Id="i238"><AttributeType>name</AttributeType><IsRequired>true</IsRequired><Value i:type="a:string" xmlns:a="http://www.w3.org/2001/XMLSchema">dof3</Value></Attribute><Attribute z:Id="i239"><AttributeType>type</AttributeType><IsRequired>true</IsRequired><Value i:type="a:string" xmlns:a="http://www.w3.org/2001/XMLSchema">revolute</Value></Attribute></Attributes><ChildElements><URDFElement z:Id="i240" i:type="Origin"><Attributes><Attribute z:Id="i241"><AttributeType>xyz</AttributeType><IsRequired>true</IsRequired><Value i:type="a:ArrayOfdouble" xmlns:a="http://schemas.microsoft.com/2003/10/Serialization/Arrays"><a:double>0</a:double><a:double>0</a:double><a:double>0</a:double></Value></Attribute><Attribute z:Id="i242"><AttributeType>rpy</AttributeType><IsRequired>true</IsRequired><Value i:type="a:ArrayOfdouble" xmlns:a="http://schemas.microsoft.com/2003/10/Serialization/Arrays"><a:double>0</a:double><a:double>0</a:double><a:double>0</a:double></Value></Attribute></Attributes><ChildElements/><ElementName>origin</ElementName><required>false</required><RPYAttribute z:Ref="i242"/><XYZAttribute z:Ref="i241"/><isCustomized>false</isCustomized></URDFElement><URDFElement z:Id="i243" i:type="ParentLink"><Attributes><Attribute z:Id="i244"><AttributeType>link</AttributeType><IsRequired>true</IsRequired><Value i:type="a:string" xmlns:a="http://www.w3.org/2001/XMLSchema"/></Attribute></Attributes><ChildElements/><ElementName>parent</ElementName><required>true</required><NameAttribute z:Ref="i244"/></URDFElement><URDFElement z:Id="i245" i:type="ChildLink"><Attributes><Attribute z:Id="i246"><AttributeType>link</AttributeType><IsRequired>true</IsRequired><Value i:type="a:string" xmlns:a="http://www.w3.org/2001/XMLSchema"/></Attribute></Attributes><ChildElements/><ElementName>child</ElementName><required>true</required><NameAttribute z:Ref="i246"/></URDFElement><URDFElement z:Id="i247" i:type="Axis"><Attributes><Attribute z:Id="i248"><AttributeType>xyz</AttributeType><IsRequired>true</IsRequired><Value i:type="a:ArrayOfdouble" xmlns:a="http://schemas.microsoft.com/2003/10/Serialization/Arrays"><a:double>0</a:double><a:double>0</a:double><a:double>0</a:double></Value></Attribute></Attributes><ChildElements/><ElementName>axis</ElementName><required>false</required><XYZAttribute z:Ref="i248"/></URDFElement><URDFElement z:Id="i249" i:type="Limit"><Attributes><Attribute z:Id="i250"><AttributeType>lower</AttributeType><IsRequired>false</IsRequired><Value i:nil="true"/></Attribute><Attribute z:Id="i251"><AttributeType>upper</AttributeType><IsRequired>false</IsRequired><Value i:nil="true"/></Attribute><Attribute z:Id="i252"><AttributeType>effort</AttributeType><IsRequired>true</IsRequired><Value i:nil="true"/></Attribute><Attribute z:Id="i253"><AttributeType>velocity</AttributeType><IsRequired>true</IsRequired><Value i:nil="true"/></Attribute></Attributes><ChildElements/><ElementName>limit</ElementName><required>false</required><EffortAttribute z:Ref="i252"/><LowerAttribute z:Ref="i250"/><UpperAttribute z:Ref="i251"/><VelocityAttribute z:Ref="i253"/></URDFElement><URDFElement z:Id="i254" i:type="Calibration"><Attributes><Attribute z:Id="i255"><AttributeType>rising</AttributeType><IsRequired>false</IsRequired><Value i:nil="true"/></Attribute><Attribute z:Id="i256"><AttributeType>falling</AttributeType><IsRequired>false</IsRequired><Value i:nil="true"/></Attribute></Attributes><ChildElements/><ElementName>calibration</ElementName><required>false</required><FallingAttribute z:Ref="i256"/><RisingAttribute z:Ref="i255"/></URDFElement><URDFElement z:Id="i257" i:type="Dynamics"><Attributes><Attribute z:Id="i258"><AttributeType>damping</AttributeType><IsRequired>false</IsRequired><Value i:nil="true"/></Attribute><Attribute z:Id="i259"><AttributeType>friction</AttributeType><IsRequired>false</IsRequired><Value i:nil="true"/></Attribute></Attributes><ChildElements/><ElementName>dynamics</ElementName><required>false</required><DampingAttribute z:Ref="i258"/><FrictionAttribute z:Ref="i259"/></URDFElement><URDFElement z:Id="i260" i:type="SafetyController"><Attributes><Attribute z:Id="i261"><AttributeType>soft_upper_limit</AttributeType><IsRequired>false</IsRequired><Value i:nil="true"/></Attribute><Attribute z:Id="i262"><AttributeType>soft_lower_limit</AttributeType><IsRequired>false</IsRequired><Value i:nil="true"/></Attribute><Attribute z:Id="i263"><AttributeType>k_position</AttributeType><IsRequired>false</IsRequired><Value i:nil="true"/></Attribute><Attribute z:Id="i264"><AttributeType>k_velocity</AttributeType><IsRequired>true</IsRequired><Value i:nil="true"/></Attribute></Attributes><ChildElements/><ElementName>safety_controller</ElementName><required>false</required><KPositionAttribute z:Ref="i263"/><KVelocityAttribute z:Ref="i264"/><SoftLowerAttribute z:Ref="i262"/><SoftUpperAttribute z:Ref="i261"/></URDFElement><URDFElement z:Id="i265" i:type="Mimic"><Attributes><Attribute z:Id="i266"><AttributeType>joint</AttributeType><IsRequired>true</IsRequired><Value i:nil="true"/></Attribute><Attribute z:Id="i267"><AttributeType>multiplier</AttributeType><IsRequired>false</IsRequired><Value i:nil="true"/></Attribute><Attribute z:Id="i268"><AttributeType>offset</AttributeType><IsRequired>false</IsRequired><Value i:nil="true"/></Attribute></Attributes><ChildElements/><ElementName>mimic</ElementName><required>false</required><JointNameAttribute z:Ref="i266"/><MultiplierAttribute z:Ref="i267"/><OffsetAttribute z:Ref="i268"/></URDFElement></ChildElements><ElementName>joint</ElementName><required>false</required><Axis z:Ref="i247"/><AxisName>Axis3</AxisName><Calibration z:Ref="i254"/><Child z:Ref="i245"/><CoordinateSystemName>Automatically Generate</CoordinateSystemName><Dynamics z:Ref="i257"/><Limit z:Ref="i249"/><Mimic z:Ref="i265"/><NameAttribute z:Ref="i238"/><Origin z:Ref="i240"/><Parent z:Ref="i243"/><Safety z:Ref="i260"/><TypeAttribute z:Ref="i239"/></URDFElement></ChildElements><ElementName>link</ElementName><required>true</required><Children><Link z:Id="i269"><Attributes><Attribute z:Id="i270"><AttributeType>name</AttributeType><IsRequired>true</IsRequired><Value i:type="a:string" xmlns:a="http://www.w3.org/2001/XMLSchema">dof4</Value></Attribute></Attributes><ChildElements><URDFElement z:Id="i271" i:type="Inertial"><Attributes/><ChildElements><URDFElement z:Id="i272" i:type="Origin"><Attributes><Attribute z:Id="i273"><AttributeType>xyz</AttributeType><IsRequired>true</IsRequired><Value i:type="a:ArrayOfdouble" xmlns:a="http://schemas.microsoft.com/2003/10/Serialization/Arrays"><a:double>0</a:double><a:double>0</a:double><a:double>0</a:double></Value></Attribute><Attribute z:Id="i274"><AttributeType>rpy</AttributeType><IsRequired>true</IsRequired><Value i:type="a:ArrayOfdouble" xmlns:a="http://schemas.microsoft.com/2003/10/Serialization/Arrays"><a:double>0</a:double><a:double>0</a:double><a:double>0</a:double></Value></Attribute></Attributes><ChildElements/><ElementName>origin</ElementName><required>false</required><RPYAttribute z:Ref="i274"/><XYZAttribute z:Ref="i273"/><isCustomized>false</isCustomized></URDFElement><URDFElement z:Id="i275" i:type="Mass"><Attributes><Attribute z:Id="i276"><AttributeType>value</AttributeType><IsRequired>true</IsRequired><Value i:type="a:double" xmlns:a="http://www.w3.org/2001/XMLSchema">0</Value></Attribute></Attributes><ChildElements/><ElementName>mass</ElementName><required>false</required><ValueAttribute z:Ref="i276"/></URDFElement><URDFElement z:Id="i277" i:type="Inertia"><Attributes><Attribute z:Id="i278"><AttributeType>ixx</AttributeType><IsRequired>true</IsRequired><Value i:type="a:double" xmlns:a="http://www.w3.org/2001/XMLSchema">0</Value></Attribute><Attribute z:Id="i279"><AttributeType>ixy</AttributeType><IsRequired>true</IsRequired><Value i:type="a:double" xmlns:a="http://www.w3.org/2001/XMLSchema">0</Value></Attribute><Attribute z:Id="i280"><AttributeType>ixz</AttributeType><IsRequired>true</IsRequired><Value i:type="a:double" xmlns:a="http://www.w3.org/2001/XMLSchema">0</Value></Attribute><Attribute z:Id="i281"><AttributeType>iyy</AttributeType><IsRequired>true</IsRequired><Value i:type="a:double" xmlns:a="http://www.w3.org/2001/XMLSchema">0</Value></Attribute><Attribute z:Id="i282"><AttributeType>iyz</AttributeType><IsRequired>true</IsRequired><Value i:type="a:double" xmlns:a="http://www.w3.org/2001/XMLSchema">0</Value></Attribute><Attribute z:Id="i283"><AttributeType>izz</AttributeType><IsRequired>true</IsRequired><Value i:type="a:double" xmlns:a="http://www.w3.org/2001/XMLSchema">0</Value></Attribute></Attributes><ChildElements/><ElementName>inertia</ElementName><required>false</required><IxxAttribute z:Ref="i278"/><IxyAttribute z:Ref="i279"/><IxzAttribute z:Ref="i280"/><IyyAttribute z:Ref="i281"/><IyzAttribute z:Ref="i282"/><IzzAttribute z:Ref="i283"/></URDFElement></ChildElements><ElementName>inertial</ElementName><required>false</required><Inertia z:Ref="i277"/><Mass z:Ref="i275"/><Origin z:Ref="i272"/></URDFElement><URDFElement z:Id="i284" i:type="Visual"><Attributes/><ChildElements><URDFElement z:Id="i285" i:type="Origin"><Attributes><Attribute z:Id="i286"><AttributeType>xyz</AttributeType><IsRequired>true</IsRequired><Value i:type="a:ArrayOfdouble" xmlns:a="http://schemas.microsoft.com/2003/10/Serialization/Arrays"><a:double>0</a:double><a:double>0</a:double><a:double>0</a:double></Value></Attribute><Attribute z:Id="i287"><AttributeType>rpy</AttributeType><IsRequired>true</IsRequired><Value i:type="a:ArrayOfdouble" xmlns:a="http://schemas.microsoft.com/2003/10/Serialization/Arrays"><a:double>0</a:double><a:double>0</a:double><a:double>0</a:double></Value></Attribute></Attributes><ChildElements/><ElementName>origin</ElementName><required>false</required><RPYAttribute z:Ref="i287"/><XYZAttribute z:Ref="i286"/><isCustomized>false</isCustomized></URDFElement><URDFElement z:Id="i288" i:type="Geometry"><Attributes/><ChildElements><URDFElement z:Id="i289" i:type="Mesh"><Attributes><Attribute z:Id="i290"><AttributeType>filename</AttributeType><IsRequired>true</IsRequired><Value i:nil="true"/></Attribute></Attributes><ChildElements/><ElementName>mesh</ElementName><required>false</required><FilenameAttribute z:Ref="i290"/></URDFElement></ChildElements><ElementName>geometry</ElementName><required>true</required><Mesh z:Ref="i289"/></URDFElement><URDFElement z:Id="i291" i:type="Material"><Attributes><Attribute z:Id="i292"><AttributeType>name</AttributeType><IsRequired>true</IsRequired><Value i:type="a:string" xmlns:a="http://www.w3.org/2001/XMLSchema"/></Attribute></Attributes><ChildElements><URDFElement z:Id="i293" i:type="Color"><Attributes><Attribute z:Id="i294"><AttributeType>rgba</AttributeType><IsRequired>true</IsRequired><Value i:type="a:ArrayOfdouble" xmlns:a="http://schemas.microsoft.com/2003/10/Serialization/Arrays"><a:double>1</a:double><a:double>1</a:double><a:double>1</a:double><a:double>1</a:double></Value></Attribute></Attributes><ChildElements/><ElementName>color</ElementName><required>false</required><RGBAAttribute z:Ref="i294"/></URDFElement><URDFElement z:Id="i295" i:type="Texture"><Attributes><Attribute z:Id="i296"><AttributeType>filename</AttributeType><IsRequired>true</IsRequired><Value i:nil="true"/></Attribute></Attributes><ChildElements/><ElementName>texture</ElementName><required>false</required><FilenameAttribute z:Ref="i296"/><wFilename/></URDFElement></ChildElements><ElementName>material</ElementName><required>false</required><Color z:Ref="i293"/><NameAttribute z:Ref="i292"/><Texture z:Ref="i295"/></URDFElement></ChildElements><ElementName>visual</ElementName><required>false</required><Geometry z:Ref="i288"/><Material z:Ref="i291"/><Origin z:Ref="i285"/></URDFElement><URDFElement z:Id="i297" i:type="Collision"><Attributes/><ChildElements><URDFElement z:Id="i298" i:type="Origin"><Attributes><Attribute z:Id="i299"><AttributeType>xyz</AttributeType><IsRequired>true</IsRequired><Value i:type="a:ArrayOfdouble" xmlns:a="http://schemas.microsoft.com/2003/10/Serialization/Arrays"><a:double>0</a:double><a:double>0</a:double><a:double>0</a:double></Value></Attribute><Attribute z:Id="i300"><AttributeType>rpy</AttributeType><IsRequired>true</IsRequired><Value i:type="a:ArrayOfdouble" xmlns:a="http://schemas.microsoft.com/2003/10/Serialization/Arrays"><a:double>0</a:double><a:double>0</a:double><a:double>0</a:double></Value></Attribute></Attributes><ChildElements/><ElementName>origin</ElementName><required>false</required><RPYAttribute z:Ref="i300"/><XYZAttribute z:Ref="i299"/><isCustomized>false</isCustomized></URDFElement><URDFElement z:Id="i301" i:type="Geometry"><Attributes/><ChildElements><URDFElement z:Id="i302" i:type="Mesh"><Attributes><Attribute z:Id="i303"><AttributeType>filename</AttributeType><IsRequired>true</IsRequired><Value i:nil="true"/></Attribute></Attributes><ChildElements/><ElementName>mesh</ElementName><required>false</required><FilenameAttribute z:Ref="i303"/></URDFElement></ChildElements><ElementName>geometry</ElementName><required>true</required><Mesh z:Ref="i302"/></URDFElement></ChildElements><ElementName>collision</ElementName><required>false</required><Geometry z:Ref="i301"/><Origin z:Ref="i298"/></URDFElement><URDFElement z:Id="i304" i:type="Joint"><Attributes><Attribute z:Id="i305"><AttributeType>name</AttributeType><IsRequired>true</IsRequired><Value i:type="a:string" xmlns:a="http://www.w3.org/2001/XMLSchema">dof4</Value></Attribute><Attribute z:Id="i306"><AttributeType>type</AttributeType><IsRequired>true</IsRequired><Value i:type="a:string" xmlns:a="http://www.w3.org/2001/XMLSchema">revolute</Value></Attribute></Attributes><ChildElements><URDFElement z:Id="i307" i:type="Origin"><Attributes><Attribute z:Id="i308"><AttributeType>xyz</AttributeType><IsRequired>true</IsRequired><Value i:type="a:ArrayOfdouble" xmlns:a="http://schemas.microsoft.com/2003/10/Serialization/Arrays"><a:double>0</a:double><a:double>0</a:double><a:double>0</a:double></Value></Attribute><Attribute z:Id="i309"><AttributeType>rpy</AttributeType><IsRequired>true</IsRequired><Value i:type="a:ArrayOfdouble" xmlns:a="http://schemas.microsoft.com/2003/10/Serialization/Arrays"><a:double>0</a:double><a:double>0</a:double><a:double>0</a:double></Value></Attribute></Attributes><ChildElements/><ElementName>origin</ElementName><required>false</required><RPYAttribute z:Ref="i309"/><XYZAttribute z:Ref="i308"/><isCustomized>false</isCustomized></URDFElement><URDFElement z:Id="i310" i:type="ParentLink"><Attributes><Attribute z:Id="i311"><AttributeType>link</AttributeType><IsRequired>true</IsRequired><Value i:type="a:string" xmlns:a="http://www.w3.org/2001/XMLSchema"/></Attribute></Attributes><ChildElements/><ElementName>parent</ElementName><required>true</required><NameAttribute z:Ref="i311"/></URDFElement><URDFElement z:Id="i312" i:type="ChildLink"><Attributes><Attribute z:Id="i313"><AttributeType>link</AttributeType><IsRequired>true</IsRequired><Value i:type="a:string" xmlns:a="http://www.w3.org/2001/XMLSchema"/></Attribute></Attributes><ChildElements/><ElementName>child</ElementName><required>true</required><NameAttribute z:Ref="i313"/></URDFElement><URDFElement z:Id="i314" i:type="Axis"><Attributes><Attribute z:Id="i315"><AttributeType>xyz</AttributeType><IsRequired>true</IsRequired><Value i:type="a:ArrayOfdouble" xmlns:a="http://schemas.microsoft.com/2003/10/Serialization/Arrays"><a:double>0</a:double><a:double>0</a:double><a:double>0</a:double></Value></Attribute></Attributes><ChildElements/><ElementName>axis</ElementName><required>false</required><XYZAttribute z:Ref="i315"/></URDFElement><URDFElement z:Id="i316" i:type="Limit"><Attributes><Attribute z:Id="i317"><AttributeType>lower</AttributeType><IsRequired>false</IsRequired><Value i:nil="true"/></Attribute><Attribute z:Id="i318"><AttributeType>upper</AttributeType><IsRequired>false</IsRequired><Value i:nil="true"/></Attribute><Attribute z:Id="i319"><AttributeType>effort</AttributeType><IsRequired>true</IsRequired><Value i:nil="true"/></Attribute><Attribute z:Id="i320"><AttributeType>velocity</AttributeType><IsRequired>true</IsRequired><Value i:nil="true"/></Attribute></Attributes><ChildElements/><ElementName>limit</ElementName><required>false</required><EffortAttribute z:Ref="i319"/><LowerAttribute z:Ref="i317"/><UpperAttribute z:Ref="i318"/><VelocityAttribute z:Ref="i320"/></URDFElement><URDFElement z:Id="i321" i:type="Calibration"><Attributes><Attribute z:Id="i322"><AttributeType>rising</AttributeType><IsRequired>false</IsRequired><Value i:nil="true"/></Attribute><Attribute z:Id="i323"><AttributeType>falling</AttributeType><IsRequired>false</IsRequired><Value i:nil="true"/></Attribute></Attributes><ChildElements/><ElementName>calibration</ElementName><required>false</required><FallingAttribute z:Ref="i323"/><RisingAttribute z:Ref="i322"/></URDFElement><URDFElement z:Id="i324" i:type="Dynamics"><Attributes><Attribute z:Id="i325"><AttributeType>damping</AttributeType><IsRequired>false</IsRequired><Value i:nil="true"/></Attribute><Attribute z:Id="i326"><AttributeType>friction</AttributeType><IsRequired>false</IsRequired><Value i:nil="true"/></Attribute></Attributes><ChildElements/><ElementName>dynamics</ElementName><required>false</required><DampingAttribute z:Ref="i325"/><FrictionAttribute z:Ref="i326"/></URDFElement><URDFElement z:Id="i327" i:type="SafetyController"><Attributes><Attribute z:Id="i328"><AttributeType>soft_upper_limit</AttributeType><IsRequired>false</IsRequired><Value i:nil="true"/></Attribute><Attribute z:Id="i329"><AttributeType>soft_lower_limit</AttributeType><IsRequired>false</IsRequired><Value i:nil="true"/></Attribute><Attribute z:Id="i330"><AttributeType>k_position</AttributeType><IsRequired>false</IsRequired><Value i:nil="true"/></Attribute><Attribute z:Id="i331"><AttributeType>k_velocity</AttributeType><IsRequired>true</IsRequired><Value i:nil="true"/></Attribute></Attributes><ChildElements/><ElementName>safety_controller</ElementName><required>false</required><KPositionAttribute z:Ref="i330"/><KVelocityAttribute z:Ref="i331"/><SoftLowerAttribute z:Ref="i329"/><SoftUpperAttribute z:Ref="i328"/></URDFElement><URDFElement z:Id="i332" i:type="Mimic"><Attributes><Attribute z:Id="i333"><AttributeType>joint</AttributeType><IsRequired>true</IsRequired><Value i:nil="true"/></Attribute><Attribute z:Id="i334"><AttributeType>multiplier</AttributeType><IsRequired>false</IsRequired><Value i:nil="true"/></Attribute><Attribute z:Id="i335"><AttributeType>offset</AttributeType><IsRequired>false</IsRequired><Value i:nil="true"/></Attribute></Attributes><ChildElements/><ElementName>mimic</ElementName><required>false</required><JointNameAttribute z:Ref="i333"/><MultiplierAttribute z:Ref="i334"/><OffsetAttribute z:Ref="i335"/></URDFElement></ChildElements><ElementName>joint</ElementName><required>false</required><Axis z:Ref="i314"/><AxisName>Axis4</AxisName><Calibration z:Ref="i321"/><Child z:Ref="i312"/><CoordinateSystemName>Automatically Generate</CoordinateSystemName><Dynamics z:Ref="i324"/><Limit z:Ref="i316"/><Mimic z:Ref="i332"/><NameAttribute z:Ref="i305"/><Origin z:Ref="i307"/><Parent z:Ref="i310"/><Safety z:Ref="i327"/><TypeAttribute z:Ref="i306"/></URDFElement></ChildElements><ElementName>link</ElementName><required>true</required><Children/><Collision z:Ref="i297"/><Inertial z:Ref="i271"/><Joint z:Ref="i304"/><NameAttribute z:Ref="i270"/><Parent z:Ref="i202"/><STLQualityFine>false</STLQualityFine><SWComponentPIDs xmlns:a="http://schemas.microsoft.com/2003/10/Serialization/Arrays"><a:base64Binary>aEIAAAUAAAD//v8mRwByAGkAcABwAGUAcgAgAFkAUABSACAAQwBvAG4AbgBlAGMAdABpAG8AbgAtADEAQAB1AHAAZABhAHQAZQBkACAAYQBzAHMAZQBtAAQAAAAQAAAAAQAAAAEAAAB7AAAA</a:base64Binary><a:base64Binary>aEIAAAUAAAD//v95ZwByAGkAcABwAGUAcgAgAHUAcABkAGEAdABlAGQAXwA1ADEALQAxAEAAdQBwAGQAYQB0AGUAZAAgAGEAcwBzAGUAbQAvAGcAcgBpAHAAcABlAHIAIAB1AHAAZABhAHQAZQBkAF8ANQAuAFMAVABFAFAALQAxAEAAZwByAGkAcABwAGUAcgAgAHUAcABkAGEAdABlAGQAXwA1ADEALwBmAHIAYQBtAGUAIABnAHIAaQBwAGUAcgAuAFMAVABFAFAALQAxAEAAZwByAGkAcABwAGUAcgAgAHUAcABkAGEAdABlAGQAXwA1AC4AUwBUAEUAUAAEAAAAEAAAAAEAAAADAAAAeQAAABgAAAAYAAAA</a:base64Binary><a:base64Binary>aEIAAAUAAAD//v8fZABpAGYAZgAgAHQAbwAgAGcAcgBpAHAAcABlAHIALQAyAEAAdQBwAGQAYQB0AGUAZAAgAGEAcwBzAGUAbQAEAAAAEAAAAAEAAAABAAAAfAAAAA==</a:base64Binary><a:base64Binary>aEIAAAUAAAD//v95ZwByAGkAcABwAGUAcgAgAHUAcABkAGEAdABlAGQAXwA1ADEALQAxAEAAdQBwAGQAYQB0AGUAZAAgAGEAcwBzAGUAbQAvAGcAcgBpAHAAcABlAHIAIAB1AHAAZABhAHQAZQBkAF8ANQAuAFMAVABFAFAALQAxAEAAZwByAGkAcABwAGUAcgAgAHUAcABkAGEAdABlAGQAXwA1ADEALwBGAFIAQQBNAEUAIAAzACgAQQBMAEwAKQAuAFMAVABFAFAALQAxAEAAZwByAGkAcABwAGUAcgAgAHUAcABkAGEAdABlAGQAXwA1AC4AUwBUAEUAUAAEAAAAEAAAAAEAAAADAAAAeQAAABgAAAAcAAAA</a:base64Binary><a:base64Binary>aEIAAAUAAAD//v92ZwByAGkAcABwAGUAcgAgAHUAcABkAGEAdABlAGQAXwA1ADEALQAxAEAAdQBwAGQAYQB0AGUAZAAgAGEAcwBzAGUAbQAvAGcAcgBpAHAAcABlAHIAIAB1AHAAZABhAHQAZQBkAF8ANQAuAFMAVABFAFAALQAxAEAAZwByAGkAcABwAGUAcgAgAHUAcABkAGEAdABlAGQAXwA1ADEALwBDAEwAQQBXACgAQQBMAEwAKQAuAFMAVABFAFAALQAxAEAAZwByAGkAcABwAGUAcgAgAHUAcABkAGEAdABlAGQAXwA1AC4AUwBUAEUAUAAEAAAAEAAAAAEAAAADAAAAeQAAABgAAAAaAAAA</a:base64Binary><a:base64Binary>aEIAAAUAAAD//v97ZwByAGkAcABwAGUAcgAgAHUAcABkAGEAdABlAGQAXwA1ADEALQAxAEAAdQBwAGQAYQB0AGUAZAAgAGEAcwBzAGUAbQAvAGcAcgBpAHAAcABlAHIAIAB1AHAAZABhAHQAZQBkAF8ANQAuAFMAVABFAFAALQAxAEAAZwByAGkAcABwAGUAcgAgAHUAcABkAGEAdABlAGQAXwA1ADEALwBMAEUAQQBEACAAOABNAE0AIAAoAEEATABMACkALgBTAFQARQBQAC0AMQBAAGcAcgBpAHAAcABlAHIAIAB1AHAAZABhAHQAZQBkAF8ANQAuAFMAVABFAFAABAAAABAAAAABAAAAAwAAAHkAAAAYAAAAHwAAAA==</a:base64Binary><a:base64Binary>aEIAAAUAAAD//v+AZwByAGkAcABwAGUAcgAgAHUAcABkAGEAdABlAGQAXwA1ADEALQAxAEAAdQBwAGQAYQB0AGUAZAAgAGEAcwBzAGUAbQAvAGcAcgBpAHAAcABlAHIAIAB1AHAAZABhAHQAZQBkAF8ANQAuAFMAVABFAFAALQAxAEAAZwByAGkAcABwAGUAcgAgAHUAcABkAGEAdABlAGQAXwA1ADEALwBHAFUASQBEAEUAIABSAE8ARAAgADgAbQBtACAAKABBAEwATAApAC4AUwBUAEUAUAAtADEAQABnAHIAaQBwAHAAZQByACAAdQBwAGQAYQB0AGUAZABfADUALgBTAFQARQBQAAQAAAAQAAAAAQAAAAMAAAB5AAAAGAAAAB4AAAA=</a:base64Binary><a:base64Binary>aEIAAAUAAAD//v92ZwByAGkAcABwAGUAcgAgAHUAcABkAGEAdABlAGQAXwA1ADEALQAxAEAAdQBwAGQAYQB0AGUAZAAgAGEAcwBzAGUAbQAvAGcAcgBpAHAAcABlAHIAIAB1AHAAZABhAHQAZQBkAF8ANQAuAFMAVABFAFAALQAxAEAAZwByAGkAcABwAGUAcgAgAHUAcABkAGEAdABlAGQAXwA1ADEALwBOAFUAVAAgACgAQQBMAEwAKQAuAFMAVABFAFAALQAxAEAAZwByAGkAcABwAGUAcgAgAHUAcABkAGEAdABlAGQAXwA1AC4AUwBUAEUAUAAEAAAAEAAAAAEAAAADAAAAeQAAABgAAAAhAAAA</a:base64Binary><a:base64Binary>aEIAAAUAAAD//v+JZwByAGkAcABwAGUAcgAgAHUAcABkAGEAdABlAGQAXwA1ADEALQAxAEAAdQBwAGQAYQB0AGUAZAAgAGEAcwBzAGUAbQAvAGcAcgBpAHAAcABlAHIAIAB1AHAAZABhAHQAZQBkAF8ANQAuAFMAVABFAFAALQAxAEAAZwByAGkAcABwAGUAcgAgAHUAcABkAGEAdABlAGQAXwA1ADEALwBsAGkAbgBlAGEAcgAgAGEAYwB0ACAAcwBhAG0AcABsAGUAIABtAG8AZABlAGwAKABBAEwATAApAC4AUwBUAEUAUAAtADEAQABnAHIAaQBwAHAAZQByACAAdQBwAGQAYQB0AGUAZABfADUALgBTAFQARQBQAAQAAAAQAAAAAQAAAAMAAAB5AAAAGAAAABkAAAA=</a:base64Binary><a:base64Binary>aEIAAAUAAAD//v+EZwByAGkAcABwAGUAcgAgAHUAcABkAGEAdABlAGQAXwA1ADEALQAxAEAAdQBwAGQAYQB0AGUAZAAgAGEAcwBzAGUAbQAvAGcAcgBpAHAAcABlAHIAIAB1AHAAZABhAHQAZQBkAF8ANQAuAFMAVABFAFAALQAxAEAAZwByAGkAcABwAGUAcgAgAHUAcABkAGEAdABlAGQAXwA1ADEALwBtAG8AdABvAHIAIABtAG8AdQBuAHQAIABHAFIASQBQAFAARQBSACAAQQBMAEwALgBTAFQARQBQAC0AMQBAAGcAcgBpAHAAcABlAHIAIAB1AHAAZABhAHQAZQBkAF8ANQAuAFMAVABFAFAABAAAABAAAAABAAAAAwAAAHkAAAAYAAAAIAAAAA==</a:base64Binary><a:base64Binary>aEIAAAUAAAD//v95ZwByAGkAcABwAGUAcgAgAHUAcABkAGEAdABlAGQAXwA1ADEALQAxAEAAdQBwAGQAYQB0AGUAZAAgAGEAcwBzAGUAbQAvAGcAcgBpAHAAcABlAHIAIAB1AHAAZABhAHQAZQBkAF8ANQAuAFMAVABFAFAALQAxAEAAZwByAGkAcABwAGUAcgAgAHUAcABkAGEAdABlAGQAXwA1ADEALwBsAGkAbQBpAHQAIABzAHcAaQB0AGMAaAAuAFMAVABFAFAALQAxAEAAZwByAGkAcABwAGUAcgAgAHUAcABkAGEAdABlAGQAXwA1AC4AUwBUAEUAUAAEAAAAEAAAAAEAAAADAAAAeQAAABgAAAAiAAAA</a:base64Binary><a:base64Binary>aEIAAAUAAAD//v9+ZwByAGkAcABwAGUAcgAgAHUAcABkAGEAdABlAGQAXwA1ADEALQAxAEAAdQBwAGQAYQB0AGUAZAAgAGEAcwBzAGUAbQAvAGcAcgBpAHAAcABlAHIAIAB1AHAAZABhAHQAZQBkAF8ANQAuAFMAVABFAFAALQAxAEAAZwByAGkAcABwAGUAcgAgAHUAcABkAGEAdABlAGQAXwA1ADEALwBHAFIASQBQAFAARQBSACAAQQBMAEwAIABNAE8AVABPAFIALgBTAFQARQBQAC0AMQBAAGcAcgBpAHAAcABlAHIAIAB1AHAAZABhAHQAZQBkAF8ANQAuAFMAVABFAFAABAAAABAAAAABAAAAAwAAAHkAAAAYAAAAHQAAAA==</a:base64Binary><a:base64Binary>aEIAAAUAAAD//v+BZwByAGkAcABwAGUAcgAgAHUAcABkAGEAdABlAGQAXwA1ADEALQAxAEAAdQBwAGQAYQB0AGUAZAAgAGEAcwBzAGUAbQAvAGcAcgBpAHAAcABlAHIAIAB1AHAAZABhAHQAZQBkAF8ANQAuAFMAVABFAFAALQAxAEAAZwByAGkAcABwAGUAcgAgAHUAcABkAGEAdABlAGQAXwA1ADEALwBCAEUAQQBSAEkATgBHACAAMQA2AFgAOABYADUAIAAoAEEATABMACkALgBTAFQARQBQAC0AMQBAAGcAcgBpAHAAcABlAHIAIAB1AHAAZABhAHQAZQBkAF8ANQAuAFMAVABFAFAABAAAABAAAAABAAAAAwAAAHkAAAAYAAAAIwAAAA==</a:base64Binary><a:base64Binary>aEIAAAUAAAD//v94ZwByAGkAcABwAGUAcgAgAHUAcABkAGEAdABlAGQAXwA1ADEALQAxAEAAdQBwAGQAYQB0AGUAZAAgAGEAcwBzAGUAbQAvAGcAcgBpAHAAcABlAHIAIAB1AHAAZABhAHQAZQBkAF8ANQAuAFMAVABFAFAALQAxAEAAZwByAGkAcABwAGUAcgAgAHUAcABkAGEAdABlAGQAXwA1ADEALwBjAG8AdQBwAGwAZQByACAAOAB4ADUALgBTAFQARQBQAC0AMQBAAGcAcgBpAHAAcABlAHIAIAB1AHAAZABhAHQAZQBkAF8ANQAuAFMAVABFAFAABAAAABAAAAABAAAAAwAAAHkAAAAYAAAAGwAAAA==</a:base64Binary></SWComponentPIDs><SWMainComponentPID i:nil="true"/><Visual z:Ref="i284"/><isFixedFrame>false</isFixedFrame><isIncomplete>false</isIncomplete></Link></Children><Collision z:Ref="i230"/><Inertial z:Ref="i204"/><Joint z:Ref="i237"/><NameAttribute z:Ref="i203"/><Parent z:Ref="i135"/><STLQualityFine>false</STLQualityFine><SWComponentPIDs xmlns:a="http://schemas.microsoft.com/2003/10/Serialization/Arrays"><a:base64Binary>aEIAAAUAAAD//v8eZABpAGYAZgAgAEMAIABzAGUAYwB0AGkAbwBuAC0AMgBAAHUAcABkAGEAdABlAGQAIABhAHMAcwBlAG0ABAAAABAAAAABAAAAAQAAAGQAAAA=</a:base64Binary><a:base64Binary>aEIAAAUAAAD//v8eZABpAGYAZgAgAEMAIABzAGUAYwB0AGkAbwBuAC0AMQBAAHUAcABkAGEAdABlAGQAIABhAHMAcwBlAG0ABAAAABAAAAABAAAAAQAAAFIAAAA=</a:base64Binary><a:base64Binary>aEIAAAUAAAD//v8lZABpAGYAZgAgAEMAIABzAGUAYwB0AGkAbwBuACAASQAgAHAAYQByAHQALQAyAEAAdQBwAGQAYQB0AGUAZAAgAGEAcwBzAGUAbQAEAAAAEAAAAAEAAAABAAAAZQAAAA==</a:base64Binary><a:base64Binary>aEIAAAUAAAD//v8lZABpAGYAZgAgAEMAIABzAGUAYwB0AGkAbwBuACAASQAgAHAAYQByAHQALQAxAEAAdQBwAGQAYQB0AGUAZAAgAGEAcwBzAGUAbQAEAAAAEAAAAAEAAAABAAAAUQAAAA==</a:base64Binary><a:base64Binary>aEIAAAUAAAD//v8mMQA1AC0AMwAyAC0AOQAgAGIAZQBhAHIAaQBuAGcAIABoAG8AbABkAGUAcgAtADEAQAB1AHAAZABhAHQAZQBkACAAYQBzAHMAZQBtAAQAAAAQAAAAAQAAAAEAAAB6AAAA</a:base64Binary></SWComponentPIDs><SWMainComponentPID i:nil="true"/><Visual z:Ref="i217"/><isFixedFrame>false</isFixedFrame><isIncomplete>false</isIncomplete></Link></Children><Collision z:Ref="i163"/><Inertial z:Ref="i137"/><Joint z:Ref="i170"/><NameAttribute z:Ref="i136"/><Parent z:Ref="i68"/><STLQualityFine>false</STLQualityFine><SWComponentPIDs xmlns:a="http://schemas.microsoft.com/2003/10/Serialization/Arrays"><a:base64Binary>aEIAAAUAAAD//v8WQwBhAHMAaQBuAGcALQAyAEAAdQBwAGQAYQB0AGUAZAAgAGEAcwBzAGUAbQAEAAAAEAAAAAEAAAABAAAAQQAAAA==</a:base64Binary><a:base64Binary>aEIAAAUAAAD//v8sYwBhAHMAaQBuAGcAIABtAGkAcgByAG8AcgAgAG0AaQByAG8AcgByACAAbQBpAHIAcgByAHIAcgAtADIAQAB1AHAAZABhAHQAZQBkACAAYQBzAHMAZQBtAAQAAAAQAAAAAQAAAAEAAABAAAAA</a:base64Binary><a:base64Binary>aEIAAAUAAAD//v8TMAA0AG0ALQAxAEAAdQBwAGQAYQB0AGUAZAAgAGEAcwBzAGUAbQAEAAAAEAAAAAEAAAABAAAAMgAAAA==</a:base64Binary><a:base64Binary>aEIAAAUAAAD//v8kbQBvAHQAbwByACAAbQBvAHUAbgB0ACAAYQBuAGQAIABsAGkAbgBrAC0AMQBAAHUAcABkAGEAdABlAGQAIABhAHMAcwBlAG0ABAAAABAAAAABAAAAAQAAAEwAAAA=</a:base64Binary><a:base64Binary>aEIAAAUAAAD//v8mbQBvAHQAbwByACAAbQBvAHUAbgB0ACAAYQBuAGQAIABsAGkAbgBrACAATAAtADIAQAB1AHAAZABhAHQAZQBkACAAYQBzAHMAZQBtAAQAAAAQAAAAAQAAAAEAAABbAAAA</a:base64Binary><a:base64Binary>aEIAAAUAAAD//v8mbQBvAHQAbwByACAAbQBvAHUAbgB0ACAAYQBuAGQAIABsAGkAbgBrACAATAAtADEAQAB1AHAAZABhAHQAZQBkACAAYQBzAHMAZQBtAAQAAAAQAAAAAQAAAAEAAABUAAAA</a:base64Binary><a:base64Binary>aEIAAAUAAAD//v8gbABpAG4AawAgAGYAbwByACAAcwB1AHAAcABvAHIAdAAtADEAQAB1AHAAZABhAHQAZQBkACAAYQBzAHMAZQBtAAQAAAAQAAAAAQAAAAEAAABTAAAA</a:base64Binary></SWComponentPIDs><SWMainComponentPID i:nil="true"/><Visual z:Ref="i150"/><isFixedFrame>false</isFixedFrame><isIncomplete>false</isIncomplete></Link></Children><Collision z:Ref="i96"/><Inertial z:Ref="i70"/><Joint z:Ref="i103"/><NameAttribute z:Ref="i69"/><Parent z:Ref="i1"/><STLQualityFine>false</STLQualityFine><SWComponentPIDs xmlns:a="http://schemas.microsoft.com/2003/10/Serialization/Arrays"><a:base64Binary>aEIAAAUAAAD//v8fYwBhAHMAaQBuAGcAIABtAGkAcgByAG8AcgBlAGQALQAxAEAAdQBwAGQAYQB0AGUAZAAgAGEAcwBzAGUAbQAEAAAAEAAAAAEAAAABAAAAJAAAAA==</a:base64Binary><a:base64Binary>aEIAAAUAAAD//v8fQwBhAHMAaQBuAGcAIABuAG8AIABlAHIAcgBvAHIALQAxAEAAdQBwAGQAYQB0AGUAZAAgAGEAcwBzAGUAbQAEAAAAEAAAAAEAAAABAAAAIwAAAA==</a:base64Binary><a:base64Binary>aEIAAAUAAAD//v8UMAAuADYAbQAtADEAQAB1AHAAZABhAHQAZQBkACAAYQBzAHMAZQBtAAQAAAAQAAAAAQAAAAEAAAAxAAAA</a:base64Binary><a:base64Binary>aEIAAAUAAAD//v8kbQBvAHUAbgB0ACAAZwBvAG8AZgBlAGQAIABtAHUAaQByAHIAbwByAC0AMQBAAHUAcABkAGEAdABlAGQAIABhAHMAcwBlAG0ABAAAABAAAAABAAAAAQAAADYAAAA=</a:base64Binary><a:base64Binary>aEIAAAUAAAD//v8kTQBvAHUAbgB0ACAAZgBvAHIAIABnAG8AbwBmAHkAdABoAGkAbgBnAC0AMQBAAHUAcABkAGEAdABlAGQAIABhAHMAcwBlAG0ABAAAABAAAAABAAAAAQAAADUAAAA=</a:base64Binary></SWComponentPIDs><SWMainComponentPID i:nil="true"/><Visual z:Ref="i83"/><isFixedFrame>false</isFixedFrame><isIncomplete>false</isIncomplete></Link></Children><Collision z:Ref="i29"/><Inertial z:Ref="i3"/><Joint z:Ref="i36"/><NameAttribute z:Ref="i2"/><Parent i:nil="true"/><STLQualityFine>false</STLQualityFine><SWComponentPIDs xmlns:a="http://schemas.microsoft.com/2003/10/Serialization/Arrays"><a:base64Binary>aEIAAAUAAAD//v8rTQBvAHUAbgB0AC0ARQB4AHQAcgB1AGQAZQAgAFQAbwBwACAAQwB5AGMAbABvAGkAZABhAGwALQAyAEAAdQBwAGQAYQB0AGUAZAAgAGEAcwBzAGUAbQAEAAAAEAAAAAEAAAABAAAAIgAAAA==</a:base64Binary><a:base64Binary>aEIAAAUAAAD//v8rTQBvAHUAbgB0AC0ARQB4AHQAcgB1AGQAZQAgAFQAbwBwACAAQwB5AGMAbABvAGkAZABhAGwALQAxAEAAdQBwAGQAYQB0AGUAZAAgAGEAcwBzAGUAbQAEAAAAEAAAAAEAAAABAAAAGAAAAA==</a:base64Binary></SWComponentPIDs><SWMainComponentPID i:nil="true"/><Visual z:Ref="i16"/><isFixedFrame>false</isFixedFrame><isIncomplete>false</isIncomplete></Link>
2025-07-01 18:14:42,902 INFO  AssemblyExportForm.cs: 312 - Saving URDF package to F:\oden
2025-07-01 18:14:42,905 INFO  ExportHelper.cs: 148 - Beginning the export process
2025-07-01 18:14:42,907 INFO  ExportHelper.cs: 154 - Creating package directories with name oden and save path F:\
2025-07-01 18:14:44,341 INFO  ExportHelper.cs: 164 - Creating CMakeLists.txt at F:\oden\CMakeLists.txt
2025-07-01 18:14:44,343 INFO  ExportHelper.cs: 167 - Creating joint names config at F:\oden\config\joint_names_oden.yaml
2025-07-01 18:14:44,344 INFO  ExportHelper.cs: 172 - Creating package.xml at F:\oden\package.xml
2025-07-01 18:14:44,344 INFO  PackageXMLWriter.cs: 21 - Creating package.xml at F:\oden\package.xml
2025-07-01 18:14:44,347 INFO  ExportHelper.cs: 178 - Creating RVIZ launch file in F:\oden\launch\
2025-07-01 18:14:44,349 INFO  ExportHelper.cs: 183 - Creating Gazebo launch file in F:\oden\launch\
2025-07-01 18:14:44,351 INFO  ExportHelper.cs: 189 - Saving existing STL preferences
2025-07-01 18:14:44,352 INFO  ExportHelper.cs: 569 - Saving users preferences
2025-07-01 18:14:44,353 INFO  ExportHelper.cs: 192 - Modifying STL preferences
2025-07-01 18:14:44,353 INFO  ExportHelper.cs: 583 - Setting STL preferences
2025-07-01 18:14:44,358 INFO  ExportHelper.cs: 198 - Found 0 hidden components 
2025-07-01 18:14:44,358 INFO  ExportHelper.cs: 199 - Hiding all components
2025-07-01 18:14:44,681 INFO  ExportHelper.cs: 205 - Beginning individual files export
2025-07-01 18:14:44,686 INFO  ExportHelper.cs: 273 - Exporting link: base_link
2025-07-01 18:14:44,686 INFO  ExportHelper.cs: 274 - Link base_link has 1 children
2025-07-01 18:14:44,687 INFO  ExportHelper.cs: 273 - Exporting link: dof1
2025-07-01 18:14:44,687 INFO  ExportHelper.cs: 274 - Link dof1 has 1 children
2025-07-01 18:14:44,688 INFO  ExportHelper.cs: 273 - Exporting link: dof2
2025-07-01 18:14:44,688 INFO  ExportHelper.cs: 274 - Link dof2 has 1 children
2025-07-01 18:14:44,689 INFO  ExportHelper.cs: 273 - Exporting link: dof3
2025-07-01 18:14:44,689 INFO  ExportHelper.cs: 274 - Link dof3 has 1 children
2025-07-01 18:14:44,690 INFO  ExportHelper.cs: 273 - Exporting link: dof4
2025-07-01 18:14:44,691 INFO  ExportHelper.cs: 274 - Link dof4 has 0 children
2025-07-01 18:14:44,691 INFO  ExportHelper.cs: 437 - dof4: Exporting STL with coordinate frame Origin_dof42
2025-07-01 18:14:44,692 INFO  ExportHelper.cs: 442 - dof4: Reference geometry name 
2025-07-01 18:14:44,927 INFO  ExportHelper.cs: 449 - Saving STL to F:\oden\meshes\dof4.STL
2025-07-01 18:14:45,300 INFO  ExportHelper.cs: 523 - Removing SW header in STL file
2025-07-01 18:14:45,300 INFO  ExportHelper.cs: 437 - dof3: Exporting STL with coordinate frame Origin_dof32
2025-07-01 18:14:45,301 INFO  ExportHelper.cs: 442 - dof3: Reference geometry name 
2025-07-01 18:14:45,367 INFO  ExportHelper.cs: 449 - Saving STL to F:\oden\meshes\dof3.STL
2025-07-01 18:14:45,505 INFO  ExportHelper.cs: 523 - Removing SW header in STL file
2025-07-01 18:14:45,505 INFO  ExportHelper.cs: 437 - dof2: Exporting STL with coordinate frame Origin_dof22
2025-07-01 18:14:45,506 INFO  ExportHelper.cs: 442 - dof2: Reference geometry name 
2025-07-01 18:14:45,566 INFO  ExportHelper.cs: 449 - Saving STL to F:\oden\meshes\dof2.STL
2025-07-01 18:14:45,862 INFO  ExportHelper.cs: 523 - Removing SW header in STL file
2025-07-01 18:14:45,862 INFO  ExportHelper.cs: 437 - dof1: Exporting STL with coordinate frame Origin_dof13
2025-07-01 18:14:45,863 INFO  ExportHelper.cs: 442 - dof1: Reference geometry name 
2025-07-01 18:14:45,924 INFO  ExportHelper.cs: 449 - Saving STL to F:\oden\meshes\dof1.STL
2025-07-01 18:14:46,072 INFO  ExportHelper.cs: 523 - Removing SW header in STL file
2025-07-01 18:14:46,072 INFO  ExportHelper.cs: 437 - base_link: Exporting STL with coordinate frame Coordinate System1
2025-07-01 18:14:46,073 INFO  ExportHelper.cs: 442 - base_link: Reference geometry name 
2025-07-01 18:14:46,105 INFO  ExportHelper.cs: 449 - Saving STL to F:\oden\meshes\base_link.STL
2025-07-01 18:14:46,179 INFO  ExportHelper.cs: 523 - Removing SW header in STL file
2025-07-01 18:14:46,179 INFO  ExportHelper.cs: 148 - Showing all components except previously hidden components
2025-07-01 18:14:46,518 INFO  ExportHelper.cs: 148 - Resetting STL preferences
2025-07-01 18:14:46,519 INFO  ExportHelper.cs: 597 - Returning STL preferences to user preferences
2025-07-01 18:14:46,519 INFO  ExportHelper.cs: 230 - Writing URDF file to F:\oden\urdf\oden.urdf
2025-07-01 18:14:46,605 INFO  CSVImportExport.cs: 33 - Writing CSV file F:\oden\urdf\oden.csv
2025-07-01 18:14:46,626 ERROR CSVImportExport.cs: 132 - The following columns were not written to the CSV: Link.Joint.ChildLink.link,
2025-07-01 18:14:46,627 ERROR CSVImportExport.cs: 132 - The following columns were not written to the CSV: Link.Joint.ChildLink.link,
2025-07-01 18:14:46,627 ERROR CSVImportExport.cs: 132 - The following columns were not written to the CSV: Link.Joint.ChildLink.link,
2025-07-01 18:14:46,628 ERROR CSVImportExport.cs: 132 - The following columns were not written to the CSV: Link.Joint.ChildLink.link,
2025-07-01 18:14:46,628 ERROR CSVImportExport.cs: 132 - The following columns were not written to the CSV: Link.Joint.ChildLink.link,
2025-07-01 18:14:46,628 INFO  ExportHelper.cs: 236 - Copying log file
2025-07-01 18:14:46,631 INFO  ExportHelper.cs: 558 - Copying C:\Users\nikhi\sw2urdf_logs\sw2urdf.log to F:\oden\export.log
